method,seed,k,gmm_seed,partition,dev_purity_threshold,coverage,tag_agreement
endpoint_pca,-1,3,0,test,0.0,1.0,0.8538901478364087
endpoint_pca,-1,3,0,test,0.5,1.0,0.8538901478364087
endpoint_pca,-1,3,0,test,0.6,1.0,0.8538901478364087
endpoint_pca,-1,3,0,test,0.7,1.0,0.8538901478364087
endpoint_pca,-1,3,0,test,0.8,0.7243984029351462,0.9000446894086102
endpoint_pca,-1,3,0,test,0.85,0.7243984029351462,0.9000446894086102
endpoint_pca,-1,3,0,test,0.9,0.3090536311643466,0.9322625698324022
endpoint_pca,-1,3,0,test,0.95,0.0,
endpoint_pca,-1,3,0,run_test,0.0,1.0,0.852714505908546
endpoint_pca,-1,3,0,run_test,0.5,1.0,0.852714505908546
endpoint_pca,-1,3,0,run_test,0.6,1.0,0.852714505908546
endpoint_pca,-1,3,0,run_test,0.7,1.0,0.852714505908546
endpoint_pca,-1,3,0,run_test,0.8,0.6869326939544442,0.8977811019695836
endpoint_pca,-1,3,0,run_test,0.85,0.6869326939544442,0.8977811019695836
endpoint_pca,-1,3,0,run_test,0.9,0.3082719643774619,0.9561111111111112
endpoint_pca,-1,3,0,run_test,0.95,0.0,
endpoint_pca,-1,3,1,test,0.0,1.0,0.853782238048991
endpoint_pca,-1,3,1,test,0.5,1.0,0.853782238048991
endpoint_pca,-1,3,1,test,0.6,1.0,0.853782238048991
endpoint_pca,-1,3,1,test,0.7,1.0,0.853782238048991
endpoint_pca,-1,3,1,test,0.8,0.7242904931477285,0.9000297973778307
endpoint_pca,-1,3,1,test,0.85,0.7242904931477285,0.9000297973778307
endpoint_pca,-1,3,1,test,0.9,0.3090536311643466,0.9322625698324022
endpoint_pca,-1,3,1,test,0.95,0.0,
endpoint_pca,-1,3,1,run_test,0.0,1.0,0.8523719815036821
endpoint_pca,-1,3,1,run_test,0.5,1.0,0.8523719815036821
endpoint_pca,-1,3,1,run_test,0.6,1.0,0.8523719815036821
endpoint_pca,-1,3,1,run_test,0.7,1.0,0.8523719815036821
endpoint_pca,-1,3,1,run_test,0.8,0.6864189073471485,0.8979540918163673
endpoint_pca,-1,3,1,run_test,0.85,0.6864189073471485,0.8979540918163673
endpoint_pca,-1,3,1,run_test,0.9,0.3082719643774619,0.9561111111111112
endpoint_pca,-1,3,1,run_test,0.95,0.0,
endpoint_pca,-1,3,2,test,0.0,1.0,0.8538901478364087
endpoint_pca,-1,3,2,test,0.5,1.0,0.8538901478364087
endpoint_pca,-1,3,2,test,0.6,1.0,0.8538901478364087
endpoint_pca,-1,3,2,test,0.7,1.0,0.8538901478364087
endpoint_pca,-1,3,2,test,0.8,0.7243984029351462,0.9000446894086102
endpoint_pca,-1,3,2,test,0.85,0.7243984029351462,0.9000446894086102
endpoint_pca,-1,3,2,test,0.9,0.3090536311643466,0.9322625698324022
endpoint_pca,-1,3,2,test,0.95,0.0,
endpoint_pca,-1,3,2,run_test,0.0,1.0,0.852714505908546
endpoint_pca,-1,3,2,run_test,0.5,1.0,0.852714505908546
endpoint_pca,-1,3,2,run_test,0.6,1.0,0.852714505908546
endpoint_pca,-1,3,2,run_test,0.7,1.0,0.852714505908546
endpoint_pca,-1,3,2,run_test,0.8,0.6869326939544442,0.8977811019695836
endpoint_pca,-1,3,2,run_test,0.85,0.6869326939544442,0.8977811019695836
endpoint_pca,-1,3,2,run_test,0.9,0.3082719643774619,0.9561111111111112
endpoint_pca,-1,3,2,run_test,0.95,0.0,
endpoint_pca,-1,8,0,test,0.0,1.0,0.8394302363224344
endpoint_pca,-1,8,0,test,0.5,1.0,0.8394302363224344
endpoint_pca,-1,8,0,test,0.6,1.0,0.8394302363224344
endpoint_pca,-1,8,0,test,0.7,0.8242149562965361,0.8860958366064414
endpoint_pca,-1,8,0,test,0.8,0.5993309593180102,0.9195174648901692
endpoint_pca,-1,8,0,test,0.85,0.5993309593180102,0.9195174648901692
endpoint_pca,-1,8,0,test,0.9,0.432070788820546,0.9557942057942058
endpoint_pca,-1,8,0,test,0.95,0.3307434984353081,0.9553017944535074
endpoint_pca,-1,8,0,run_test,0.0,1.0,0.8398698407261518
endpoint_pca,-1,8,0,run_test,0.5,1.0,0.8398698407261518
endpoint_pca,-1,8,0,run_test,0.6,1.0,0.8398698407261518
endpoint_pca,-1,8,0,run_test,0.7,0.8039047782154478,0.8789944610140605
endpoint_pca,-1,8,0,run_test,0.8,0.5792087686247646,0.919278533412182
endpoint_pca,-1,8,0,run_test,0.85,0.5792087686247646,0.919278533412182
endpoint_pca,-1,8,0,run_test,0.9,0.4254153108408974,0.963365539452496
endpoint_pca,-1,8,0,run_test,0.95,0.3319061483130673,0.956656346749226
endpoint_pca,-1,8,1,test,0.0,1.0,0.8309053631164347
endpoint_pca,-1,8,1,test,0.5,0.8757958346822057,0.8882454411039921
endpoint_pca,-1,8,1,test,0.6,0.8757958346822057,0.8882454411039921
endpoint_pca,-1,8,1,test,0.7,0.8757958346822057,0.8882454411039921
endpoint_pca,-1,8,1,test,0.8,0.7511600302147404,0.913805487717282
endpoint_pca,-1,8,1,test,0.85,0.7511600302147404,0.913805487717282
endpoint_pca,-1,8,1,test,0.9,0.5828207618430992,0.9398259581558972
endpoint_pca,-1,8,1,test,0.95,0.285097658357613,0.9538228614685844
endpoint_pca,-1,8,1,run_test,0.0,1.0,0.8379859564994006
endpoint_pca,-1,8,1,run_test,0.5,0.8724096591882171,0.8863368669022379
endpoint_pca,-1,8,1,run_test,0.6,0.8724096591882171,0.8863368669022379
endpoint_pca,-1,8,1,run_test,0.7,0.8724096591882171,0.8863368669022379
endpoint_pca,-1,8,1,run_test,0.8,0.7333447508134955,0.9110228865016348
endpoint_pca,-1,8,1,run_test,0.85,0.7333447508134955,0.9110228865016348
endpoint_pca,-1,8,1,run_test,0.9,0.5778386710053092,0.942501481920569
endpoint_pca,-1,8,1,run_test,0.95,0.2880630244904949,0.971462544589774
endpoint_pca,-1,8,2,test,0.0,1.0,0.8337110175892953
endpoint_pca,-1,8,2,test,0.5,1.0,0.8337110175892953
endpoint_pca,-1,8,2,test,0.6,0.8680263299881299,0.8822725012431626
endpoint_pca,-1,8,2,test,0.7,0.8680263299881299,0.8822725012431626
endpoint_pca,-1,8,2,test,0.8,0.7266645084709183,0.9077814077814078
endpoint_pca,-1,8,2,test,0.85,0.6814503075428942,0.9141726049089468
endpoint_pca,-1,8,2,test,0.9,0.5139743174705946,0.9426831828679404
endpoint_pca,-1,8,2,test,0.95,0.2863925758066256,0.955162019593067
endpoint_pca,-1,8,2,run_test,0.0,1.0,0.8395273163212879
endpoint_pca,-1,8,2,run_test,0.5,1.0,0.8395273163212879
endpoint_pca,-1,8,2,run_test,0.6,0.8597362562082549,0.8798804780876494
endpoint_pca,-1,8,2,run_test,0.7,0.8597362562082549,0.8798804780876494
endpoint_pca,-1,8,2,run_test,0.8,0.7038876519952046,0.902676399026764
endpoint_pca,-1,8,2,run_test,0.85,0.6535365644802192,0.909329140461216
endpoint_pca,-1,8,2,run_test,0.9,0.4988867956841925,0.9450738070717474
endpoint_pca,-1,8,2,run_test,0.95,0.2892618599075184,0.9739490822972172
endpoint_pca,-1,15,0,test,0.0,1.0,0.828855077155498
endpoint_pca,-1,15,0,test,0.5,1.0,0.828855077155498
endpoint_pca,-1,15,0,test,0.6,0.8707240746735729,0.867641591275251
endpoint_pca,-1,15,0,test,0.7,0.7434984353080825,0.9101596516690856
endpoint_pca,-1,15,0,test,0.8,0.7136074241933743,0.9165280508090126
endpoint_pca,-1,15,0,test,0.85,0.6484299125930721,0.9296055916125812
endpoint_pca,-1,15,0,test,0.9,0.4916369914751268,0.9558823529411764
endpoint_pca,-1,15,0,test,0.95,0.2788388906873853,0.9643962848297214
endpoint_pca,-1,15,0,run_test,0.0,1.0,0.8386710053091283
endpoint_pca,-1,15,0,run_test,0.5,1.0,0.8386710053091283
endpoint_pca,-1,15,0,run_test,0.6,0.8657304332933722,0.8644906033630069
endpoint_pca,-1,15,0,run_test,0.7,0.7295769823599931,0.9032863849765258
endpoint_pca,-1,15,0,run_test,0.8,0.6881315293714677,0.9143852663016426
endpoint_pca,-1,15,0,run_test,0.85,0.6329851001883884,0.9293831168831168
endpoint_pca,-1,15,0,run_test,0.9,0.4793629046069532,0.9599857091818508
endpoint_pca,-1,15,0,run_test,0.95,0.2830964206199691,0.9812462189957653
endpoint_pca,-1,15,1,test,0.0,1.0,0.8298262652422574
endpoint_pca,-1,15,1,test,0.5,1.0,0.8298262652422574
endpoint_pca,-1,15,1,test,0.6,0.9621236646163808,0.8436518618214446
endpoint_pca,-1,15,1,test,0.7,0.7457645408438546,0.9082621907104615
endpoint_pca,-1,15,1,test,0.8,0.7139311535556275,0.9155078597339782
endpoint_pca,-1,15,1,test,0.85,0.6484299125930721,0.928773506407056
endpoint_pca,-1,15,1,test,0.9,0.492716089349304,0.9555409548839248
endpoint_pca,-1,15,1,test,0.95,0.2798100787741448,0.9641342074816814
endpoint_pca,-1,15,1,run_test,0.0,1.0,0.8388422675115602
endpoint_pca,-1,15,1,run_test,0.5,1.0,0.8388422675115602
endpoint_pca,-1,15,1,run_test,0.6,0.9648912485014556,0.8457578984735534
endpoint_pca,-1,15,1,run_test,0.7,0.729919506764857,0.9016893477240732
endpoint_pca,-1,15,1,run_test,0.8,0.687275218359308,0.9135310241714428
endpoint_pca,-1,15,1,run_test,0.85,0.6321287891762288,0.9284746681116228
endpoint_pca,-1,15,1,run_test,0.9,0.4795341668093851,0.96
endpoint_pca,-1,15,1,run_test,0.95,0.2832676828224011,0.9812575574365175
endpoint_pca,-1,15,2,test,0.0,1.0,0.8525952303873962
endpoint_pca,-1,15,2,test,0.5,0.9446422790547102,0.8717157870687685
endpoint_pca,-1,15,2,test,0.6,0.8651127657278516,0.8990894349507297
endpoint_pca,-1,15,2,test,0.7,0.8651127657278516,0.8990894349507297
endpoint_pca,-1,15,2,test,0.8,0.7128520556814503,0.917499243112322
endpoint_pca,-1,15,2,test,0.85,0.6504801985540088,0.9296615792966156
endpoint_pca,-1,15,2,test,0.9,0.4760979820869753,0.9605621033544878
endpoint_pca,-1,15,2,test,0.95,0.324268911190245,0.9637271214642265
endpoint_pca,-1,15,2,run_test,0.0,1.0,0.8545983901352971
endpoint_pca,-1,15,2,run_test,0.5,0.937318033909916,0.8695413849808149
endpoint_pca,-1,15,2,run_test,0.6,0.8599075184106868,0.8968333001394144
endpoint_pca,-1,15,2,run_test,0.7,0.8599075184106868,0.8968333001394144
endpoint_pca,-1,15,2,run_test,0.8,0.7050864874122281,0.9135292688851104
endpoint_pca,-1,15,2,run_test,0.85,0.6494262716218531,0.9282700421940928
endpoint_pca,-1,15,2,run_test,0.9,0.4742250385339955,0.962080173347779
endpoint_pca,-1,15,2,run_test,0.95,0.3291659530741565,0.9672216441207075
endpoint_pca,-1,25,0,test,0.0,1.0,0.8574511708211935
endpoint_pca,-1,25,0,test,0.5,1.0,0.8574511708211935
endpoint_pca,-1,25,0,test,0.6,0.9119456134671414,0.8840373920246125
endpoint_pca,-1,25,0,test,0.7,0.8178482788388907,0.9059242644148304
endpoint_pca,-1,25,0,test,0.8,0.8004748030646379,0.906983014289566
endpoint_pca,-1,25,0,test,0.85,0.6879248947879573,0.919686274509804
endpoint_pca,-1,25,0,test,0.9,0.4537606560915075,0.9569560047562424
endpoint_pca,-1,25,0,test,0.95,0.39214416747599,0.965602641717116
endpoint_pca,-1,25,0,run_test,0.0,1.0,0.852543243706114
endpoint_pca,-1,25,0,run_test,0.5,1.0,0.852543243706114
endpoint_pca,-1,25,0,run_test,0.6,0.9042644288405548,0.8789772727272728
endpoint_pca,-1,25,0,run_test,0.7,0.8081863332762459,0.902097902097902
endpoint_pca,-1,25,0,run_test,0.8,0.7903750642233259,0.905308775731311
endpoint_pca,-1,25,0,run_test,0.85,0.6879602671690358,0.9210853871048046
endpoint_pca,-1,25,0,run_test,0.9,0.4661757150196952,0.9573842762674504
endpoint_pca,-1,25,0,run_test,0.95,0.3963007364274704,0.9697493517718236
endpoint_pca,-1,25,1,test,0.0,1.0,0.8531347793244848
endpoint_pca,-1,25,1,test,0.5,0.9493903097010898,0.8728120027278927
endpoint_pca,-1,25,1,test,0.6,0.9283479011546348,0.8808555155178426
endpoint_pca,-1,25,1,test,0.7,0.8797884968166613,0.8924322335336686
endpoint_pca,-1,25,1,test,0.8,0.7179238156900831,0.917480835713212
endpoint_pca,-1,25,1,test,0.85,0.6265242257472753,0.9376507061660352
endpoint_pca,-1,25,1,test,0.9,0.4528973777921657,0.9630688587086014
endpoint_pca,-1,25,1,test,0.95,0.3171468652206755,0.9680163320857434
endpoint_pca,-1,25,1,run_test,0.0,1.0,0.8494605240623394
endpoint_pca,-1,25,1,run_test,0.5,0.950505223497174,0.8688288288288288
endpoint_pca,-1,25,1,run_test,0.6,0.9215619112861791,0.8779037353651737
endpoint_pca,-1,25,1,run_test,0.7,0.8725809213906491,0.8906771344455349
endpoint_pca,-1,25,1,run_test,0.8,0.7037163897927727,0.9121440739839376
endpoint_pca,-1,25,1,run_test,0.85,0.6204829594108581,0.934032569693624
endpoint_pca,-1,25,1,run_test,0.9,0.4622366843637609,0.9640607632456464
endpoint_pca,-1,25,1,run_test,0.95,0.3206028429525603,0.970619658119658
endpoint_pca,-1,25,2,test,0.0,1.0,0.8560483435847631
endpoint_pca,-1,25,2,test,0.5,1.0,0.8560483435847631
endpoint_pca,-1,25,2,test,0.6,0.895219596417395,0.8894648023143684
endpoint_pca,-1,25,2,test,0.7,0.848818387827776,0.8981693363844394
endpoint_pca,-1,25,2,test,0.8,0.737131757850437,0.9184599619382228
endpoint_pca,-1,25,2,test,0.85,0.6124959533829718,0.9369274136715996
endpoint_pca,-1,25,2,test,0.9,0.4980036689327722,0.9592632719393284
endpoint_pca,-1,25,2,test,0.95,0.2704219272688032,0.964485235434956
endpoint_pca,-1,25,2,run_test,0.0,1.0,0.8537420791231375
endpoint_pca,-1,25,2,run_test,0.5,1.0,0.8537420791231375
endpoint_pca,-1,25,2,run_test,0.6,0.8902209282411372,0.8834166987302808
endpoint_pca,-1,25,2,run_test,0.7,0.8402123651310156,0.8935996738687322
endpoint_pca,-1,25,2,run_test,0.8,0.7240965918821716,0.9110690633869442
endpoint_pca,-1,25,2,run_test,0.85,0.6129474225038534,0.9335009779267952
endpoint_pca,-1,25,2,run_test,0.9,0.5072786436033567,0.9584740040513168
endpoint_pca,-1,25,2,run_test,0.95,0.2860078780613119,0.9676646706586828
endpoint_pca,-1,37,0,test,0.0,1.0,0.8514082227258012
endpoint_pca,-1,37,0,test,0.5,0.9715118161217222,0.8632677996223481
endpoint_pca,-1,37,0,test,0.6,0.8992122585518506,0.8864754590183608
endpoint_pca,-1,37,0,test,0.7,0.8475234703787633,0.8999236058059588
endpoint_pca,-1,37,0,test,0.8,0.7354052012517536,0.9244314013206164
endpoint_pca,-1,37,0,test,0.85,0.5976044027193267,0.943661971830986
endpoint_pca,-1,37,0,test,0.9,0.5468868026329988,0.9496842936069456
endpoint_pca,-1,37,0,test,0.95,0.3029027732815366,0.952974706091913
endpoint_pca,-1,37,0,run_test,0.0,1.0,0.848090426442884
endpoint_pca,-1,37,0,run_test,0.5,0.9768796026716904,0.8611500701262272
endpoint_pca,-1,37,0,run_test,0.6,0.8907347148484329,0.8882907133243607
endpoint_pca,-1,37,0,run_test,0.7,0.8451789690015413,0.8990881458966565
endpoint_pca,-1,37,0,run_test,0.8,0.7288919335502655,0.9203477443609024
endpoint_pca,-1,37,0,run_test,0.85,0.5941085802363418,0.9443643701354856
endpoint_pca,-1,37,0,run_test,0.9,0.5502654564137694,0.9486461251167132
endpoint_pca,-1,37,0,run_test,0.95,0.2983387566364103,0.9535017221584384
endpoint_pca,-1,37,1,test,0.0,1.0,0.853782238048991
endpoint_pca,-1,37,1,test,0.5,0.968490342074026,0.8674094707520892
endpoint_pca,-1,37,1,test,0.6,0.9176648322002806,0.8848777046095955
endpoint_pca,-1,37,1,test,0.7,0.8699687061616489,0.8954353758372612
endpoint_pca,-1,37,1,test,0.8,0.7064853782238049,0.9230181762639376
endpoint_pca,-1,37,1,test,0.85,0.6716305168878818,0.9291452442159382
endpoint_pca,-1,37,1,test,0.9,0.5147296859825187,0.9440251572327044
endpoint_pca,-1,37,1,test,0.95,0.2802417179238157,0.9734308817866768
endpoint_pca,-1,37,1,run_test,0.0,1.0,0.8486042130501799
endpoint_pca,-1,37,1,run_test,0.5,0.9736256208254838,0.8620932277924362
endpoint_pca,-1,37,1,run_test,0.6,0.9159102586059256,0.8805160807778609
endpoint_pca,-1,37,1,run_test,0.7,0.8645315978763487,0.8934231378763867
endpoint_pca,-1,37,1,run_test,0.8,0.7040589141976366,0.9216735587448308
endpoint_pca,-1,37,1,run_test,0.85,0.662955985613975,0.9258589511754068
endpoint_pca,-1,37,1,run_test,0.9,0.5120739852714505,0.9434782608695652
endpoint_pca,-1,37,1,run_test,0.95,0.2832676828224011,0.9764207980652962
endpoint_pca,-1,37,2,test,0.0,1.0,0.8523794108125607
endpoint_pca,-1,37,2,test,0.5,0.9490665803388368,0.8764070494599204
endpoint_pca,-1,37,2,test,0.6,0.9092478687816984,0.8908141466888203
endpoint_pca,-1,37,2,test,0.7,0.8938167691809648,0.8924302788844621
endpoint_pca,-1,37,2,test,0.8,0.7374554872126902,0.923324553702078
endpoint_pca,-1,37,2,test,0.85,0.5888637099384915,0.9463074949606012
endpoint_pca,-1,37,2,test,0.9,0.5337218085680371,0.9494541043267288
endpoint_pca,-1,37,2,test,0.95,0.3209237077802956,0.968392737054472
endpoint_pca,-1,37,2,run_test,0.0,1.0,0.8539133413255694
endpoint_pca,-1,37,2,run_test,0.5,0.9494776502825828,0.8755411255411255
endpoint_pca,-1,37,2,run_test,0.6,0.9049494776502826,0.8904239212717638
endpoint_pca,-1,37,2,run_test,0.7,0.881657818119541,0.8947163947163947
endpoint_pca,-1,37,2,run_test,0.8,0.7326597020037677,0.9226273959794296
endpoint_pca,-1,37,2,run_test,0.85,0.5852029457098818,0.9476148668422592
endpoint_pca,-1,37,2,run_test,0.9,0.5367357424216476,0.950542437779196
endpoint_pca,-1,37,2,run_test,0.95,0.3332762459325227,0.974820143884892
endpoint_pca,-1,50,0,test,0.0,1.0,0.853782238048991
endpoint_pca,-1,50,0,test,0.5,0.9630948527031402,0.8686834733893557
endpoint_pca,-1,50,0,test,0.6,0.9194992985863818,0.8874545241168877
endpoint_pca,-1,50,0,test,0.7,0.8067335707348656,0.913322632423756
endpoint_pca,-1,50,0,test,0.8,0.7540735944750189,0.9185746994848312
endpoint_pca,-1,50,0,test,0.85,0.6605158087838567,0.9328541088057508
endpoint_pca,-1,50,0,test,0.9,0.5350167260170497,0.9481645824929408
endpoint_pca,-1,50,0,test,0.95,0.3471457861228013,0.9726453217283184
endpoint_pca,-1,50,0,run_test,0.0,1.0,0.8551121767425929
endpoint_pca,-1,50,0,run_test,0.5,0.9702003767768452,0.8658428949691086
endpoint_pca,-1,50,0,run_test,0.6,0.926357252954273,0.8801996672212978
endpoint_pca,-1,50,0,run_test,0.7,0.805788662442199,0.9083953241232732
endpoint_pca,-1,50,0,run_test,0.8,0.7506422332591197,0.916723705224732
endpoint_pca,-1,50,0,run_test,0.85,0.6571330707312896,0.9324993484493094
endpoint_pca,-1,50,0,run_test,0.9,0.5351943825997603,0.952
endpoint_pca,-1,50,0,run_test,0.95,0.3447508134954615,0.9736711376055638
endpoint_pca,-1,50,1,test,0.0,1.0,0.8596093665695479
endpoint_pca,-1,50,1,test,0.5,0.9648214093018236,0.8721619505648138
endpoint_pca,-1,50,1,test,0.6,0.9044998381353188,0.8910761154855643
endpoint_pca,-1,50,1,test,0.7,0.8181720082011439,0.9084674228435768
endpoint_pca,-1,50,1,test,0.8,0.7646487536419553,0.915749364944962
endpoint_pca,-1,50,1,test,0.85,0.7020610769396785,0.924377497694436
endpoint_pca,-1,50,1,test,0.9,0.5473184417826696,0.9414432176656152
endpoint_pca,-1,50,1,test,0.95,0.3809215495845473,0.9705382436260624
endpoint_pca,-1,50,1,run_test,0.0,1.0,0.8623051892447336
endpoint_pca,-1,50,1,run_test,0.5,0.960095906833362,0.8737067427755976
endpoint_pca,-1,50,1,run_test,0.6,0.8986127761603014,0.8883171336001525
endpoint_pca,-1,50,1,run_test,0.7,0.8023634183935605,0.9073639274279616
endpoint_pca,-1,50,1,run_test,0.8,0.7586915567734202,0.9151241534988712
endpoint_pca,-1,50,1,run_test,0.85,0.6908717246103785,0.9211700545364404
endpoint_pca,-1,50,1,run_test,0.9,0.5415310840897414,0.9443390259329538
endpoint_pca,-1,50,1,run_test,0.95,0.3865387908888508,0.972972972972973
endpoint_pca,-1,50,2,test,0.0,1.0,0.8575590806086112
endpoint_pca,-1,50,2,test,0.5,1.0,0.8575590806086112
endpoint_pca,-1,50,2,test,0.6,0.9351462177619512,0.8751442418647588
endpoint_pca,-1,50,2,test,0.7,0.8723427214848387,0.8857001484413657
endpoint_pca,-1,50,2,test,0.8,0.6741124419984893,0.9303665759564592
endpoint_pca,-1,50,2,test,0.85,0.6049422682637315,0.937031751694613
endpoint_pca,-1,50,2,test,0.9,0.5016726017049746,0.9511722951172296
endpoint_pca,-1,50,2,test,0.95,0.3583684040142441,0.9695874736525144
endpoint_pca,-1,50,2,run_test,0.0,1.0,0.846035280013701
endpoint_pca,-1,50,2,run_test,0.5,1.0,0.846035280013701
endpoint_pca,-1,50,2,run_test,0.6,0.9390306559342352,0.866861207368229
endpoint_pca,-1,50,2,run_test,0.7,0.8679568419249871,0.8806235201262825
endpoint_pca,-1,50,2,run_test,0.8,0.6698064737112519,0.9248274098695984
endpoint_pca,-1,50,2,run_test,0.85,0.5906833361877034,0.9359234560742244
endpoint_pca,-1,50,2,run_test,0.9,0.4935776674088029,0.9531575294934074
endpoint_pca,-1,50,2,run_test,0.95,0.3634183935605412,0.9726672950047124
random,0,3,0,test,0.0,1.0,0.702600625876767
random,0,3,0,test,0.5,1.0,0.702600625876767
random,0,3,0,test,0.6,1.0,0.702600625876767
random,0,3,0,test,0.7,0.3172547750080932,0.8493197278911565
random,0,3,0,test,0.8,0.3172547750080932,0.8493197278911565
random,0,3,0,test,0.85,0.0,
random,0,3,0,test,0.9,0.0,
random,0,3,0,test,0.95,0.0,
random,0,3,0,run_test,0.0,1.0,0.676314437403665
random,0,3,0,run_test,0.5,1.0,0.676314437403665
random,0,3,0,run_test,0.6,1.0,0.676314437403665
random,0,3,0,run_test,0.7,0.3214591539647199,0.8668087373468301
random,0,3,0,run_test,0.8,0.3214591539647199,0.8668087373468301
random,0,3,0,run_test,0.85,0.0,
random,0,3,0,run_test,0.9,0.0,
random,0,3,0,run_test,0.95,0.0,
random,0,3,1,test,0.0,1.0,0.7032480846012733
random,0,3,1,test,0.5,1.0,0.7032480846012733
random,0,3,1,test,0.6,1.0,0.7032480846012733
random,0,3,1,test,0.7,0.3176864141577641,0.8488451086956522
random,0,3,1,test,0.8,0.3176864141577641,0.8488451086956522
random,0,3,1,test,0.85,0.0,
random,0,3,1,test,0.9,0.0,
random,0,3,1,test,0.95,0.0,
random,0,3,1,run_test,0.0,1.0,0.6768282240109608
random,0,3,1,run_test,0.5,1.0,0.6768282240109608
random,0,3,1,run_test,0.6,1.0,0.6768282240109608
random,0,3,1,run_test,0.7,0.3219729405720157,0.8670212765957447
random,0,3,1,run_test,0.8,0.3219729405720157,0.8670212765957447
random,0,3,1,run_test,0.85,0.0,
random,0,3,1,run_test,0.9,0.0,
random,0,3,1,run_test,0.95,0.0,
random,0,3,2,test,0.0,1.0,0.7032480846012733
random,0,3,2,test,0.5,1.0,0.7032480846012733
random,0,3,2,test,0.6,1.0,0.7032480846012733
random,0,3,2,test,0.7,0.3176864141577641,0.8488451086956522
random,0,3,2,test,0.8,0.3176864141577641,0.8488451086956522
random,0,3,2,test,0.85,0.0,
random,0,3,2,test,0.9,0.0,
random,0,3,2,test,0.95,0.0,
random,0,3,2,run_test,0.0,1.0,0.6769994862133927
random,0,3,2,run_test,0.5,1.0,0.6769994862133927
random,0,3,2,run_test,0.6,1.0,0.6769994862133927
random,0,3,2,run_test,0.7,0.3219729405720157,0.8670212765957447
random,0,3,2,run_test,0.8,0.3219729405720157,0.8670212765957447
random,0,3,2,run_test,0.85,0.0,
random,0,3,2,run_test,0.9,0.0,
random,0,3,2,run_test,0.95,0.0,
random,0,8,0,test,0.0,1.0,0.6846876011654257
random,0,8,0,test,0.5,0.8003668932772202,0.75326951597681
random,0,8,0,test,0.6,0.8003668932772202,0.75326951597681
random,0,8,0,test,0.7,0.6158411567929211,0.8014718766427195
random,0,8,0,test,0.8,0.2886586813423977,0.8871028037383177
random,0,8,0,test,0.85,0.2665371749217654,0.8898785425101214
random,0,8,0,test,0.9,0.0,
random,0,8,0,test,0.95,0.0,
random,0,8,0,run_test,0.0,1.0,0.6543928754923788
random,0,8,0,run_test,0.5,0.8119541017297482,0.7274836532377136
random,0,8,0,run_test,0.6,0.8119541017297482,0.7274836532377136
random,0,8,0,run_test,0.7,0.6228806302449049,0.7750893593621117
random,0,8,0,run_test,0.8,0.2952560369926357,0.8996519721577726
random,0,8,0,run_test,0.85,0.2693954444254153,0.9046408137317228
random,0,8,0,run_test,0.9,0.0,
random,0,8,0,run_test,0.95,0.0,
random,0,8,1,test,0.0,1.0,0.6840401424409194
random,0,8,1,test,0.5,0.803927916262005,0.7417449664429531
random,0,8,1,test,0.6,0.5840077695046941,0.7967479674796748
random,0,8,1,test,0.7,0.4610985216359123,0.8343084483969109
random,0,8,1,test,0.8,0.2423653825401964,0.9162956366874444
random,0,8,1,test,0.85,0.2272580123017157,0.919278252611586
random,0,8,1,test,0.9,0.2272580123017157,0.919278252611586
random,0,8,1,test,0.95,0.0,
random,0,8,1,run_test,0.0,1.0,0.6612433635896557
random,0,8,1,run_test,0.5,0.8076725466689502,0.703774385072095
random,0,8,1,run_test,0.6,0.5732145915396472,0.7801015835076187
random,0,8,1,run_test,0.7,0.4538448364445966,0.8211320754716981
random,0,8,1,run_test,0.8,0.2490152423360164,0.9188445667125172
random,0,8,1,run_test,0.85,0.2313752354855283,0.923019985196151
random,0,8,1,run_test,0.9,0.2313752354855283,0.923019985196151
random,0,8,1,run_test,0.95,0.0,
random,0,8,2,test,0.0,1.0,0.6772418258336032
random,0,8,2,test,0.5,0.7256933203841588,0.7707063197026023
random,0,8,2,test,0.6,0.7256933203841588,0.7707063197026023
random,0,8,2,test,0.7,0.6405524981115788,0.7944743935309974
random,0,8,2,test,0.8,0.3146649401100679,0.8810013717421125
random,0,8,2,test,0.85,0.2685874608827021,0.8899156287665729
random,0,8,2,test,0.9,0.0,
random,0,8,2,test,0.95,0.0,
random,0,8,2,run_test,0.0,1.0,0.6499400582291488
random,0,8,2,run_test,0.5,0.7314608665867443,0.739873565909623
random,0,8,2,run_test,0.6,0.7314608665867443,0.739873565909623
random,0,8,2,run_test,0.7,0.6381229662613461,0.772410091250671
random,0,8,2,run_test,0.8,0.3173488611063538,0.8947652455477604
random,0,8,2,run_test,0.85,0.2692241822229834,0.9052162849872774
random,0,8,2,run_test,0.9,0.0,
random,0,8,2,run_test,0.95,0.0,
random,0,15,0,test,0.0,1.0,0.7005503399158304
random,0,15,0,test,0.5,0.9443185496924572,0.7121471831790652
random,0,15,0,test,0.6,0.7201899212258552,0.7611627210068924
random,0,15,0,test,0.7,0.5319952519693536,0.8028397565922921
random,0,15,0,test,0.8,0.1698500053954893,0.9307496823379924
random,0,15,0,test,0.85,0.1698500053954893,0.9307496823379924
random,0,15,0,test,0.9,0.1461098521635912,0.9394387001477104
random,0,15,0,test,0.95,0.0,
random,0,15,0,run_test,0.0,1.0,0.6840212365131015
random,0,15,0,run_test,0.5,0.9487926014728548,0.7005415162454873
random,0,15,0,run_test,0.6,0.7220414454529885,0.7459677419354839
random,0,15,0,run_test,0.7,0.5348518581948963,0.808837656099904
random,0,15,0,run_test,0.8,0.1767425929097448,0.9341085271317828
random,0,15,0,run_test,0.85,0.1767425929097448,0.9341085271317828
random,0,15,0,run_test,0.9,0.149340640520637,0.9472477064220184
random,0,15,0,run_test,0.95,0.0,
random,0,15,1,test,0.0,1.0,0.6976367756555519
random,0,15,1,test,0.5,1.0,0.6976367756555519
random,0,15,1,test,0.6,0.7707996115247653,0.746745065098698
random,0,15,1,test,0.7,0.4985432178698608,0.8090909090909091
random,0,15,1,test,0.8,0.1628358692133376,0.9324055666003976
random,0,15,1,test,0.85,0.1628358692133376,0.9324055666003976
random,0,15,1,test,0.9,0.1396352649185281,0.9443585780525502
random,0,15,1,test,0.95,0.0,
random,0,15,1,run_test,0.0,1.0,0.6792258948450077
random,0,15,1,run_test,0.5,1.0,0.6792258948450077
random,0,15,1,run_test,0.6,0.7689672889193355,0.7298440979955456
random,0,15,1,run_test,0.7,0.493235143003939,0.8170138888888889
random,0,15,1,run_test,0.8,0.1659530741565336,0.9308565531475748
random,0,15,1,run_test,0.85,0.1659530741565336,0.9308565531475748
random,0,15,1,run_test,0.9,0.140435005994177,0.947560975609756
random,0,15,1,run_test,0.95,0.0,
random,0,15,2,test,0.0,1.0,0.6877090752131219
random,0,15,2,test,0.5,0.9414049854321788,0.6988766620816139
random,0,15,2,test,0.6,0.6606237185712744,0.7783404116301862
random,0,15,2,test,0.7,0.6141146001942376,0.788965032507468
random,0,15,2,test,0.8,0.1989856479982734,0.903470715835141
random,0,15,2,test,0.85,0.1389878061940218,0.9433229813664596
random,0,15,2,test,0.9,0.1389878061940218,0.9433229813664596
random,0,15,2,test,0.95,0.0,
random,0,15,2,run_test,0.0,1.0,0.6758006507963692
random,0,15,2,run_test,0.5,0.94211337557801,0.69169241956008
random,0,15,2,run_test,0.6,0.6682651138893646,0.7631983598154792
random,0,15,2,run_test,0.7,0.6139749957184449,0.7854951185495118
random,0,15,2,run_test,0.8,0.2010618256550779,0.903747870528109
random,0,15,2,run_test,0.85,0.1399212193868813,0.94859241126071
random,0,15,2,run_test,0.9,0.1399212193868813,0.94859241126071
random,0,15,2,run_test,0.95,0.0,
random,0,25,0,test,0.0,1.0,0.7086435739721593
random,0,25,0,test,0.5,0.9797129599654688,0.7161581671990307
random,0,25,0,test,0.6,0.8626308406172439,0.7410557918438829
random,0,25,0,test,0.7,0.4751267940002158,0.8033159209629798
random,0,25,0,test,0.8,0.2113952735513111,0.9040326697294538
random,0,25,0,test,0.85,0.134671414697313,0.9479166666666666
random,0,25,0,test,0.9,0.134671414697313,0.9479166666666666
random,0,25,0,test,0.95,0.0,
random,0,25,0,run_test,0.0,1.0,0.6910429868128104
random,0,25,0,run_test,0.5,0.9789347491008734,0.697515745276417
random,0,25,0,run_test,0.6,0.8530570303134098,0.7201365187713311
random,0,25,0,run_test,0.7,0.4658331906148313,0.7878676470588235
random,0,25,0,run_test,0.8,0.2139064908374721,0.9191353082465972
random,0,25,0,run_test,0.85,0.1344408289090597,0.9503184713375796
random,0,25,0,run_test,0.9,0.1344408289090597,0.9503184713375796
random,0,25,0,run_test,0.95,0.0,
random,0,25,1,test,0.0,1.0,0.7063774684363872
random,0,25,1,test,0.5,0.9663321463256718,0.7170295924064768
random,0,25,1,test,0.6,0.7370238480630193,0.7654465592972182
random,0,25,1,test,0.7,0.6279270529837057,0.7820931431517443
random,0,25,1,test,0.8,0.3041976907305492,0.8492373181979426
random,0,25,1,test,0.85,0.1724398402935146,0.9173967459324156
random,0,25,1,test,0.9,0.1343476853350599,0.9453815261044176
random,0,25,1,test,0.95,0.0,
random,0,25,1,run_test,0.0,1.0,0.6835074499058058
random,0,25,1,run_test,0.5,0.9657475595136154,0.6926760063841106
random,0,25,1,run_test,0.6,0.7328309642061996,0.7476045805094649
random,0,25,1,run_test,0.7,0.6196266483986984,0.779159756771697
random,0,25,1,run_test,0.8,0.3029628361020722,0.861503674392312
random,0,25,1,run_test,0.85,0.1757150196951532,0.9269005847953216
random,0,25,1,run_test,0.9,0.136153450933379,0.9522012578616352
random,0,25,1,run_test,0.95,0.0,
random,0,25,2,test,0.0,1.0,0.708751483759577
random,0,25,2,test,0.5,1.0,0.708751483759577
random,0,25,2,test,0.6,0.7279594259199309,0.7693447969166913
random,0,25,2,test,0.7,0.5680371209668716,0.8016717325227963
random,0,25,2,test,0.8,0.250566526383943,0.8794142980189492
random,0,25,2,test,0.85,0.1337002266105535,0.9443099273607748
random,0,25,2,test,0.9,0.1337002266105535,0.9443099273607748
random,0,25,2,test,0.95,0.0,
random,0,25,2,run_test,0.0,1.0,0.6907004624079466
random,0,25,2,run_test,0.5,1.0,0.6907004624079466
random,0,25,2,run_test,0.6,0.7323171775989039,0.7530402245088869
random,0,25,2,run_test,0.7,0.5589998287377975,0.8002450980392157
random,0,25,2,run_test,0.8,0.2474738825141291,0.9003460207612457
random,0,25,2,run_test,0.85,0.1335845178969001,0.9525641025641024
random,0,25,2,run_test,0.9,0.1335845178969001,0.9525641025641024
random,0,25,2,run_test,0.95,0.0,
random,0,37,0,test,0.0,1.0,0.7022768965145139
random,0,37,0,test,0.5,1.0,0.7022768965145139
random,0,37,0,test,0.6,0.7523470378763354,0.7581755593803786
random,0,37,0,test,0.7,0.4928239991367217,0.8066564484344209
random,0,37,0,test,0.8,0.2779756123880436,0.8552018633540373
random,0,37,0,test,0.85,0.1554980036689327,0.916030534351145
random,0,37,0,test,0.9,0.1183770367972375,0.9480401093892434
random,0,37,0,test,0.95,0.0,
random,0,37,0,run_test,0.0,1.0,0.6809385168693269
random,0,37,0,run_test,0.5,1.0,0.6809385168693269
random,0,37,0,run_test,0.6,0.7516698064737113,0.7486899065846434
random,0,37,0,run_test,0.7,0.4958040760404179,0.8145077720207254
random,0,37,0,run_test,0.8,0.2755608837129645,0.8669981354878806
random,0,37,0,run_test,0.85,0.1551635554033225,0.9205298013245032
random,0,37,0,run_test,0.9,0.1200548039047782,0.955777460770328
random,0,37,0,run_test,0.95,0.0,
random,0,37,1,test,0.0,0.9996762706377468,0.709520725388601
random,0,37,1,test,0.5,0.9996762706377468,0.709520725388601
random,0,37,1,test,0.6,0.7439300744577533,0.752828546562228
random,0,37,1,test,0.7,0.5288658681342397,0.8014690879412365
random,0,37,1,test,0.8,0.3593395921010036,0.8288288288288288
random,0,37,1,test,0.85,0.1942376173518938,0.8977777777777778
random,0,37,1,test,0.9,0.0902125822812129,0.9413875598086124
random,0,37,1,test,0.95,0.0025898348980252,0.6666666666666666
random,0,37,1,run_test,0.0,0.999828737797568,0.6884206920178143
random,0,37,1,run_test,0.5,0.999828737797568,0.6884206920178143
random,0,37,1,run_test,0.6,0.727693098133242,0.7406448576135561
random,0,37,1,run_test,0.7,0.5119027230690186,0.8009367681498829
random,0,37,1,run_test,0.8,0.3586230518924473,0.8476599808978033
random,0,37,1,run_test,0.85,0.2000342524404864,0.9186643835616438
random,0,37,1,run_test,0.9,0.087001198835417,0.9488188976377953
random,0,37,1,run_test,0.95,0.0032539818462065,0.8421052631578947
random,0,37,2,test,0.0,1.0,0.71144922844502
random,0,37,2,test,0.5,0.9901802093449876,0.7120749782040104
random,0,37,2,test,0.6,0.854537606560915,0.7356989518878646
random,0,37,2,test,0.7,0.4192295241178375,0.8226512226512227
random,0,37,2,test,0.8,0.2893061400669041,0.8597538232002984
random,0,37,2,test,0.85,0.2180856803712096,0.8891637803067788
random,0,37,2,test,0.9,0.0974425380382,0.9413067552602437
random,0,37,2,test,0.95,0.0023740153231898,0.8181818181818182
random,0,37,2,run_test,0.0,1.0,0.6903579380030828
random,0,37,2,run_test,0.5,0.988867956841925,0.6922410807066158
random,0,37,2,run_test,0.6,0.8515156704915225,0.7236524537409493
random,0,37,2,run_test,0.7,0.4077753039904093,0.8236035279294414
random,0,37,2,run_test,0.8,0.2885768110977907,0.8777448071216617
random,0,37,2,run_test,0.85,0.2212707655420448,0.9125386996904024
random,0,37,2,run_test,0.9,0.0900839184791916,0.9505703422053232
random,0,37,2,run_test,0.95,0.0030827196437746,0.8333333333333334
random,0,50,0,test,0.0,1.0,0.7064853782238049
random,0,50,0,test,0.5,0.936656954785799,0.7228110599078341
random,0,50,0,test,0.6,0.8097550447825618,0.7498667377398721
random,0,50,0,test,0.7,0.563289090320492,0.7986590038314176
random,0,50,0,test,0.8,0.3502751699579152,0.8357979051139864
random,0,50,0,test,0.85,0.1602460343153124,0.9138047138047138
random,0,50,0,test,0.9,0.1453544836516672,0.9294729027468448
random,0,50,0,test,0.95,0.0035610229847847,0.7878787878787878
random,0,50,0,run_test,0.0,1.0,0.6910429868128104
random,0,50,0,run_test,0.5,0.935434149683165,0.7039545953863053
random,0,50,0,run_test,0.6,0.8009933207741051,0.7361556553346162
random,0,50,0,run_test,0.7,0.5555745846891591,0.7965474722564735
random,0,50,0,run_test,0.8,0.3411543072443911,0.8408634538152611
random,0,50,0,run_test,0.85,0.1558486042130502,0.9175824175824177
random,0,50,0,run_test,0.9,0.1454016098647028,0.9422850412249706
random,0,50,0,run_test,0.95,0.0054803904778215,0.875
random,0,50,1,test,0.0,0.9998920902125824,0.699007122814591
random,0,50,1,test,0.5,0.9998920902125824,0.699007122814591
random,0,50,1,test,0.6,0.8533505988993202,0.7371016691957512
random,0,50,1,test,0.7,0.4359555411675839,0.8232673267326732
random,0,50,1,test,0.8,0.2655659868350059,0.8898821617228769
random,0,50,1,test,0.85,0.2028704003453113,0.9276595744680852
random,0,50,1,test,0.9,0.1116866299773389,0.944927536231884
random,0,50,1,test,0.95,0.0038847523470378,0.8888888888888888
random,0,50,1,run_test,0.0,0.999828737797568,0.6788283658787256
random,0,50,1,run_test,0.5,0.999828737797568,0.6788283658787256
random,0,50,1,run_test,0.6,0.848090426442884,0.715064620355412
random,0,50,1,run_test,0.7,0.4302106525089912,0.8005573248407644
random,0,50,1,run_test,0.8,0.2729919506764857,0.8808030112923463
random,0,50,1,run_test,0.85,0.2109950333961294,0.9261363636363636
random,0,50,1,run_test,0.9,0.107038876519952,0.936
random,0,50,1,run_test,0.95,0.0054803904778215,0.65625
random,0,50,2,test,0.0,0.9998920902125824,0.6999784157133607
random,0,50,2,test,0.5,0.8804359555411676,0.7314621889937493
random,0,50,2,test,0.6,0.7764109204704867,0.7581653926337735
random,0,50,2,test,0.7,0.5998705082550987,0.7924087066019068
random,0,50,2,test,0.8,0.234056328909032,0.8727524204702628
random,0,50,2,test,0.85,0.1456782130139203,0.9214814814814816
random,0,50,2,test,0.9,0.0742419337433905,0.9491279069767442
random,0,50,2,test,0.95,0.0035610229847847,0.9090909090909092
random,0,50,2,run_test,0.0,0.999828737797568,0.6755738266529634
random,0,50,2,run_test,0.5,0.8855968487754753,0.710500870237865
random,0,50,2,run_test,0.6,0.7751327282068847,0.7401679186920017
random,0,50,2,run_test,0.7,0.5970200376776845,0.7860011474469306
random,0,50,2,run_test,0.8,0.2370268881657818,0.8872832369942196
random,0,50,2,run_test,0.85,0.1469429696865901,0.9184149184149184
random,0,50,2,run_test,0.9,0.0698749785922246,0.9509803921568628
random,0,50,2,run_test,0.95,0.00445281726323,0.8076923076923077
fulltrack_pca,-1,3,0,test,0.0,1.0,0.8086759469083846
fulltrack_pca,-1,3,0,test,0.5,1.0,0.8086759469083846
fulltrack_pca,-1,3,0,test,0.6,1.0,0.8086759469083846
fulltrack_pca,-1,3,0,test,0.7,0.6539333117513758,0.9141914191419142
fulltrack_pca,-1,3,0,test,0.8,0.6539333117513758,0.9141914191419142
fulltrack_pca,-1,3,0,test,0.85,0.6539333117513758,0.9141914191419142
fulltrack_pca,-1,3,0,test,0.9,0.2792705298370562,0.9849304482225656
fulltrack_pca,-1,3,0,test,0.95,0.2792705298370562,0.9849304482225656
fulltrack_pca,-1,3,0,run_test,0.0,1.0,0.8153793457783867
fulltrack_pca,-1,3,0,run_test,0.5,1.0,0.8153793457783867
fulltrack_pca,-1,3,0,run_test,0.6,1.0,0.8153793457783867
fulltrack_pca,-1,3,0,run_test,0.7,0.6305874293543415,0.9054861488321564
fulltrack_pca,-1,3,0,run_test,0.8,0.6305874293543415,0.9054861488321564
fulltrack_pca,-1,3,0,run_test,0.85,0.6305874293543415,0.9054861488321564
fulltrack_pca,-1,3,0,run_test,0.9,0.2877205000856311,0.9839285714285714
fulltrack_pca,-1,3,0,run_test,0.95,0.2877205000856311,0.9839285714285714
fulltrack_pca,-1,3,1,test,0.0,1.0,0.8086759469083846
fulltrack_pca,-1,3,1,test,0.5,1.0,0.8086759469083846
fulltrack_pca,-1,3,1,test,0.6,1.0,0.8086759469083846
fulltrack_pca,-1,3,1,test,0.7,0.6539333117513758,0.9141914191419142
fulltrack_pca,-1,3,1,test,0.8,0.6539333117513758,0.9141914191419142
fulltrack_pca,-1,3,1,test,0.85,0.6539333117513758,0.9141914191419142
fulltrack_pca,-1,3,1,test,0.9,0.2792705298370562,0.9849304482225656
fulltrack_pca,-1,3,1,test,0.95,0.2792705298370562,0.9849304482225656
fulltrack_pca,-1,3,1,run_test,0.0,1.0,0.8153793457783867
fulltrack_pca,-1,3,1,run_test,0.5,1.0,0.8153793457783867
fulltrack_pca,-1,3,1,run_test,0.6,1.0,0.8153793457783867
fulltrack_pca,-1,3,1,run_test,0.7,0.6305874293543415,0.9054861488321564
fulltrack_pca,-1,3,1,run_test,0.8,0.6305874293543415,0.9054861488321564
fulltrack_pca,-1,3,1,run_test,0.85,0.6305874293543415,0.9054861488321564
fulltrack_pca,-1,3,1,run_test,0.9,0.2877205000856311,0.9839285714285714
fulltrack_pca,-1,3,1,run_test,0.95,0.2877205000856311,0.9839285714285714
fulltrack_pca,-1,3,2,test,0.0,1.0,0.8080284881838783
fulltrack_pca,-1,3,2,test,0.5,1.0,0.8080284881838783
fulltrack_pca,-1,3,2,test,0.6,1.0,0.8080284881838783
fulltrack_pca,-1,3,2,test,0.7,0.653501672601705,0.9139696169088508
fulltrack_pca,-1,3,2,test,0.8,0.653501672601705,0.9139696169088508
fulltrack_pca,-1,3,2,test,0.85,0.653501672601705,0.9139696169088508
fulltrack_pca,-1,3,2,test,0.9,0.2794863494118916,0.9845559845559846
fulltrack_pca,-1,3,2,test,0.95,0.2794863494118916,0.9845559845559846
fulltrack_pca,-1,3,2,run_test,0.0,1.0,0.8150368213735228
fulltrack_pca,-1,3,2,run_test,0.5,1.0,0.8150368213735228
fulltrack_pca,-1,3,2,run_test,0.6,1.0,0.8150368213735228
fulltrack_pca,-1,3,2,run_test,0.7,0.62955985613975,0.9058759521218716
fulltrack_pca,-1,3,2,run_test,0.8,0.62955985613975,0.9058759521218716
fulltrack_pca,-1,3,2,run_test,0.85,0.62955985613975,0.9058759521218716
fulltrack_pca,-1,3,2,run_test,0.9,0.2877205000856311,0.9839285714285714
fulltrack_pca,-1,3,2,run_test,0.95,0.2877205000856311,0.9839285714285714
fulltrack_pca,-1,8,0,test,0.0,1.0,0.8175245494766376
fulltrack_pca,-1,8,0,test,0.5,1.0,0.8175245494766376
fulltrack_pca,-1,8,0,test,0.6,0.9111902449552174,0.8418995736617717
fulltrack_pca,-1,8,0,test,0.7,0.7478148268047912,0.8914862914862914
fulltrack_pca,-1,8,0,test,0.8,0.6737887126362361,0.91944266495836
fulltrack_pca,-1,8,0,test,0.85,0.6189705406280349,0.9286959553695956
fulltrack_pca,-1,8,0,test,0.9,0.4489047156577102,0.9697115384615383
fulltrack_pca,-1,8,0,test,0.95,0.2606021366137909,0.9950310559006212
fulltrack_pca,-1,8,0,run_test,0.0,1.0,0.8217160472683679
fulltrack_pca,-1,8,0,run_test,0.5,1.0,0.8217160472683679
fulltrack_pca,-1,8,0,run_test,0.6,0.9213906490837472,0.833271375464684
fulltrack_pca,-1,8,0,run_test,0.7,0.7413940743277958,0.8766458766458767
fulltrack_pca,-1,8,0,run_test,0.8,0.6660387052577497,0.9069169452301364
fulltrack_pca,-1,8,0,run_test,0.85,0.5994177085117315,0.9182857142857144
fulltrack_pca,-1,8,0,run_test,0.9,0.4423702688816578,0.9659310878823074
fulltrack_pca,-1,8,0,run_test,0.95,0.2707655420448707,0.9905123339658444
fulltrack_pca,-1,8,1,test,0.0,1.0,0.8186036473508147
fulltrack_pca,-1,8,1,test,0.5,1.0,0.8186036473508147
fulltrack_pca,-1,8,1,test,0.6,0.9235998705082552,0.8453090314289052
fulltrack_pca,-1,8,1,test,0.7,0.854969245710586,0.8599015524422567
fulltrack_pca,-1,8,1,test,0.8,0.6687169526276033,0.919961271583024
fulltrack_pca,-1,8,1,test,0.85,0.6687169526276033,0.919961271583024
fulltrack_pca,-1,8,1,test,0.9,0.4496600841696342,0.968802495800336
fulltrack_pca,-1,8,1,test,0.95,0.2622207834250566,0.9946502057613168
fulltrack_pca,-1,8,1,run_test,0.0,1.0,0.8203459496489125
fulltrack_pca,-1,8,1,run_test,0.5,1.0,0.8203459496489125
fulltrack_pca,-1,8,1,run_test,0.6,0.935262887480733,0.8373924189708845
fulltrack_pca,-1,8,1,run_test,0.7,0.8600787806131187,0.8490641178813222
fulltrack_pca,-1,8,1,run_test,0.8,0.6603870525774962,0.9102697095435685
fulltrack_pca,-1,8,1,run_test,0.85,0.6603870525774962,0.9102697095435685
fulltrack_pca,-1,8,1,run_test,0.9,0.4451104641205686,0.9649865332820317
fulltrack_pca,-1,8,1,run_test,0.95,0.2735057372837814,0.989355040701315
fulltrack_pca,-1,8,2,test,0.0,1.0,0.8179561886263084
fulltrack_pca,-1,8,2,test,0.5,1.0,0.8179561886263084
fulltrack_pca,-1,8,2,test,0.6,0.9114060645300528,0.8419370116031257
fulltrack_pca,-1,8,2,test,0.7,0.7481385561670444,0.8915332467907111
fulltrack_pca,-1,8,2,test,0.8,0.6735728930614007,0.9195770586350528
fulltrack_pca,-1,8,2,test,0.85,0.6188626308406172,0.9288578901482129
fulltrack_pca,-1,8,2,test,0.9,0.4489047156577102,0.9697115384615383
fulltrack_pca,-1,8,2,test,0.95,0.2606021366137909,0.9950310559006212
fulltrack_pca,-1,8,2,run_test,0.0,1.0,0.8213735228635041
fulltrack_pca,-1,8,2,run_test,0.5,1.0,0.8213735228635041
fulltrack_pca,-1,8,2,run_test,0.6,0.9208768624764514,0.8333643295517947
fulltrack_pca,-1,8,2,run_test,0.7,0.7413940743277958,0.8761838761838762
fulltrack_pca,-1,8,2,run_test,0.8,0.6658674430553176,0.9068930041152264
fulltrack_pca,-1,8,2,run_test,0.85,0.5995889707141634,0.9183090545558412
fulltrack_pca,-1,8,2,run_test,0.9,0.4423702688816578,0.9659310878823074
fulltrack_pca,-1,8,2,run_test,0.95,0.2707655420448707,0.9905123339658444
fulltrack_pca,-1,15,0,test,0.0,1.0,0.8489262976151937
fulltrack_pca,-1,15,0,test,0.5,1.0,0.8489262976151937
fulltrack_pca,-1,15,0,test,0.6,0.963202762490558,0.861416087833296
fulltrack_pca,-1,15,0,test,0.7,0.8159059026653718,0.9010712868668166
fulltrack_pca,-1,15,0,test,0.8,0.6472429049314773,0.9473157719239746
fulltrack_pca,-1,15,0,test,0.85,0.6472429049314773,0.9473157719239746
fulltrack_pca,-1,15,0,test,0.9,0.6133592316823135,0.954609429978888
fulltrack_pca,-1,15,0,test,0.95,0.311211826912701,0.9882108183079056
fulltrack_pca,-1,15,0,run_test,0.0,1.0,0.8462065422161329
fulltrack_pca,-1,15,0,run_test,0.5,1.0,0.8462065422161329
fulltrack_pca,-1,15,0,run_test,0.6,0.964548724096592,0.857421875
fulltrack_pca,-1,15,0,run_test,0.7,0.8054461380373351,0.8987880076546885
fulltrack_pca,-1,15,0,run_test,0.8,0.647199862990238,0.9439005027785128
fulltrack_pca,-1,15,0,run_test,0.85,0.647199862990238,0.9439005027785128
fulltrack_pca,-1,15,0,run_test,0.9,0.6064394588114403,0.9494493081050552
fulltrack_pca,-1,15,0,run_test,0.95,0.3296797396814523,0.9885714285714284
fulltrack_pca,-1,15,1,test,0.0,1.0,0.8463364627171684
fulltrack_pca,-1,15,1,test,0.5,1.0,0.8463364627171684
fulltrack_pca,-1,15,1,test,0.6,0.912916801553901,0.8704491725768322
fulltrack_pca,-1,15,1,test,0.7,0.8022013596633215,0.9022060801721818
fulltrack_pca,-1,15,1,test,0.8,0.7061616488615517,0.9238997555012224
fulltrack_pca,-1,15,1,test,0.85,0.6137908708319845,0.9474331926863572
fulltrack_pca,-1,15,1,test,0.9,0.5801230171576562,0.9540550595238096
fulltrack_pca,-1,15,1,test,0.95,0.2895219596417395,0.9880730525531122
fulltrack_pca,-1,15,1,run_test,0.0,1.0,0.843637609179654
fulltrack_pca,-1,15,1,run_test,0.5,1.0,0.843637609179654
fulltrack_pca,-1,15,1,run_test,0.6,0.917451618427813,0.8650364009706926
fulltrack_pca,-1,15,1,run_test,0.7,0.801335845178969,0.8952767685402864
fulltrack_pca,-1,15,1,run_test,0.8,0.7062853228292516,0.9161008729388944
fulltrack_pca,-1,15,1,run_test,0.85,0.616030142147628,0.9421740339171532
fulltrack_pca,-1,15,1,run_test,0.9,0.5750984757663984,0.9475878499106613
fulltrack_pca,-1,15,1,run_test,0.95,0.3104983730090769,0.9862107004964148
fulltrack_pca,-1,15,2,test,0.0,1.0,0.8333872882270422
fulltrack_pca,-1,15,2,test,0.5,0.9490665803388368,0.8555997725980671
fulltrack_pca,-1,15,2,test,0.6,0.871047804035826,0.8830525272547076
fulltrack_pca,-1,15,2,test,0.7,0.7732815366353728,0.9143176109405526
fulltrack_pca,-1,15,2,test,0.8,0.7047588216251214,0.9300260297044864
fulltrack_pca,-1,15,2,test,0.85,0.5939354699471242,0.9574854651162792
fulltrack_pca,-1,15,2,test,0.9,0.5622099924463149,0.9610364683301345
fulltrack_pca,-1,15,2,test,0.95,0.3060321571166505,0.9880112834978844
fulltrack_pca,-1,15,2,run_test,0.0,1.0,0.8210309984586401
fulltrack_pca,-1,15,2,run_test,0.5,0.9402294913512588,0.8471766848816029
fulltrack_pca,-1,15,2,run_test,0.6,0.8612776160301422,0.8727381189103202
fulltrack_pca,-1,15,2,run_test,0.7,0.7636581606439459,0.9084996636017044
fulltrack_pca,-1,15,2,run_test,0.8,0.7028600787806131,0.922514619883041
fulltrack_pca,-1,15,2,run_test,0.85,0.5980476108922761,0.952176403207331
fulltrack_pca,-1,15,2,run_test,0.9,0.5584860421305018,0.9546151487273844
fulltrack_pca,-1,15,2,run_test,0.95,0.3218016783695838,0.9856306546035124
fulltrack_pca,-1,25,0,test,0.0,1.0,0.8559404337973454
fulltrack_pca,-1,25,0,test,0.5,1.0,0.8559404337973454
fulltrack_pca,-1,25,0,test,0.6,0.9182043811373692,0.8838876483723117
fulltrack_pca,-1,25,0,test,0.7,0.866839322326535,0.8994149134818872
fulltrack_pca,-1,25,0,test,0.8,0.742527247221323,0.931114663566342
fulltrack_pca,-1,25,0,test,0.85,0.6566310564368188,0.9510271158586688
fulltrack_pca,-1,25,0,test,0.9,0.6211287363763893,0.9567407922168172
fulltrack_pca,-1,25,0,test,0.95,0.3673249163699147,0.9820799059929496
fulltrack_pca,-1,25,0,run_test,0.0,1.0,0.8513444082890906
fulltrack_pca,-1,25,0,run_test,0.5,1.0,0.8513444082890906
fulltrack_pca,-1,25,0,run_test,0.6,0.9268710395615688,0.8804508499630451
fulltrack_pca,-1,25,0,run_test,0.7,0.8725809213906491,0.8959764474975466
fulltrack_pca,-1,25,0,run_test,0.8,0.7436204829594109,0.9274527867342238
fulltrack_pca,-1,25,0,run_test,0.85,0.6576468573385854,0.9463541666666668
fulltrack_pca,-1,25,0,run_test,0.9,0.618256550779243,0.9493074792243767
fulltrack_pca,-1,25,0,run_test,0.95,0.3879088885083062,0.9774834437086092
fulltrack_pca,-1,25,1,test,0.0,1.0,0.8469839214416748
fulltrack_pca,-1,25,1,test,0.5,1.0,0.8469839214416748
fulltrack_pca,-1,25,1,test,0.6,0.9145354483651668,0.8763421828908554
fulltrack_pca,-1,25,1,test,0.7,0.8225963094852703,0.8976780794962613
fulltrack_pca,-1,25,1,test,0.8,0.6450847091831229,0.9414519906323184
fulltrack_pca,-1,25,1,test,0.85,0.6298694291572245,0.9479184512592084
fulltrack_pca,-1,25,1,test,0.9,0.5326427106938599,0.9611021069692058
fulltrack_pca,-1,25,1,test,0.95,0.3204920686306248,0.9845117845117846
fulltrack_pca,-1,25,1,run_test,0.0,1.0,0.846035280013701
fulltrack_pca,-1,25,1,run_test,0.5,1.0,0.846035280013701
fulltrack_pca,-1,25,1,run_test,0.6,0.9037506422332592,0.8785294675004738
fulltrack_pca,-1,25,1,run_test,0.7,0.8016783695838329,0.8993804742576372
fulltrack_pca,-1,25,1,run_test,0.8,0.6334988867956842,0.93728034603947
fulltrack_pca,-1,25,1,run_test,0.85,0.6197979106011303,0.9411439624205582
fulltrack_pca,-1,25,1,run_test,0.9,0.5363932180167837,0.958492975734355
fulltrack_pca,-1,25,1,run_test,0.95,0.3267682822401096,0.9837526205450734
fulltrack_pca,-1,25,2,test,0.0,1.0,0.8496816661271177
fulltrack_pca,-1,25,2,test,0.5,1.0,0.8496816661271177
fulltrack_pca,-1,25,2,test,0.6,0.886047264486889,0.8839361831689198
fulltrack_pca,-1,25,2,test,0.7,0.8331714686522067,0.8997539178862841
fulltrack_pca,-1,25,2,test,0.8,0.7389662242365382,0.9249415887850468
fulltrack_pca,-1,25,2,test,0.85,0.6058055465630733,0.956359102244389
fulltrack_pca,-1,25,2,test,0.9,0.5887558001510736,0.9580278592375366
fulltrack_pca,-1,25,2,test,0.95,0.3466062371857127,0.9844333748443338
fulltrack_pca,-1,25,2,run_test,0.0,1.0,0.8455214934064053
fulltrack_pca,-1,25,2,run_test,0.5,1.0,0.8455214934064053
fulltrack_pca,-1,25,2,run_test,0.6,0.881657818119541,0.8822843822843823
fulltrack_pca,-1,25,2,run_test,0.7,0.8244562425072787,0.8990444536767761
fulltrack_pca,-1,25,2,run_test,0.8,0.7309470799794485,0.9203373945641988
fulltrack_pca,-1,25,2,run_test,0.85,0.6031854769652337,0.9503123225440092
fulltrack_pca,-1,25,2,run_test,0.9,0.5843466346977222,0.9519343493552168
fulltrack_pca,-1,25,2,run_test,0.95,0.3603356739167666,0.9814638783269962
fulltrack_pca,-1,37,0,test,0.0,1.0,0.8661918636020287
fulltrack_pca,-1,37,0,test,0.5,1.0,0.8661918636020287
fulltrack_pca,-1,37,0,test,0.6,0.922520772634078,0.8922681015323429
fulltrack_pca,-1,37,0,test,0.7,0.8583144491205352,0.9131254714609002
fulltrack_pca,-1,37,0,test,0.8,0.772094528973778,0.9333333333333332
fulltrack_pca,-1,37,0,test,0.85,0.674220351785907,0.9540653008962868
fulltrack_pca,-1,37,0,test,0.9,0.5926405524981115,0.9643117261471232
fulltrack_pca,-1,37,0,test,0.95,0.3769288874500917,0.9819639278557114
fulltrack_pca,-1,37,0,run_test,0.0,1.0,0.866072957698236
fulltrack_pca,-1,37,0,run_test,0.5,1.0,0.866072957698236
fulltrack_pca,-1,37,0,run_test,0.6,0.92430210652509,0.8851213637205855
fulltrack_pca,-1,37,0,run_test,0.7,0.8499743106696352,0.910336490026194
fulltrack_pca,-1,37,0,run_test,0.8,0.7711936975509505,0.927381745502998
fulltrack_pca,-1,37,0,run_test,0.85,0.6768282240109608,0.9491396761133604
fulltrack_pca,-1,37,0,run_test,0.9,0.6021579037506423,0.9593287827076225
fulltrack_pca,-1,37,0,run_test,0.95,0.3879088885083062,0.9788079470198676
fulltrack_pca,-1,37,1,test,0.0,1.0,0.8736376389338513
fulltrack_pca,-1,37,1,test,0.5,1.0,0.8736376389338513
fulltrack_pca,-1,37,1,test,0.6,0.9360094960612928,0.8947429098455153
fulltrack_pca,-1,37,1,test,0.7,0.88410488831337,0.9082143293055048
fulltrack_pca,-1,37,1,test,0.8,0.7584978957591454,0.9383980651586286
fulltrack_pca,-1,37,1,test,0.85,0.6985000539548937,0.9482465626448324
fulltrack_pca,-1,37,1,test,0.9,0.6453005287579583,0.9513377926421404
fulltrack_pca,-1,37,1,test,0.95,0.3445559512247761,0.9837143751957408
fulltrack_pca,-1,37,1,run_test,0.0,1.0,0.866072957698236
fulltrack_pca,-1,37,1,run_test,0.5,1.0,0.866072957698236
fulltrack_pca,-1,37,1,run_test,0.6,0.9335502654564136,0.8895615483397542
fulltrack_pca,-1,37,1,run_test,0.7,0.8912485014557288,0.902574942352037
fulltrack_pca,-1,37,1,run_test,0.8,0.7622880630244905,0.9305773983374522
fulltrack_pca,-1,37,1,run_test,0.85,0.7044014386025004,0.9423778264040846
fulltrack_pca,-1,37,1,run_test,0.9,0.6413769481075526,0.9460614152202936
fulltrack_pca,-1,37,1,run_test,0.95,0.3629046069532454,0.9820670127418594
fulltrack_pca,-1,37,2,test,0.0,1.0,0.8693212474371426
fulltrack_pca,-1,37,2,test,0.5,1.0,0.8693212474371426
fulltrack_pca,-1,37,2,test,0.6,0.9475558433149888,0.8861177542421137
fulltrack_pca,-1,37,2,test,0.7,0.8613359231682314,0.9143071911801554
fulltrack_pca,-1,37,2,test,0.8,0.7664832200280566,0.9363649162325778
fulltrack_pca,-1,37,2,test,0.85,0.7234272148483868,0.9460023866348448
fulltrack_pca,-1,37,2,test,0.9,0.6636451926189706,0.9544715447154472
fulltrack_pca,-1,37,2,test,0.95,0.3959210100356102,0.9798310166257836
fulltrack_pca,-1,37,2,run_test,0.0,1.0,0.8691556773420106
fulltrack_pca,-1,37,2,run_test,0.5,1.0,0.8691556773420106
fulltrack_pca,-1,37,2,run_test,0.6,0.94211337557801,0.8896564261043447
fulltrack_pca,-1,37,2,run_test,0.7,0.8583661585887995,0.9110135674381484
fulltrack_pca,-1,37,2,run_test,0.8,0.7662270936804247,0.9320518551631648
fulltrack_pca,-1,37,2,run_test,0.85,0.7309470799794485,0.9381443298969072
fulltrack_pca,-1,37,2,run_test,0.9,0.6694639493063881,0.9467894602200052
fulltrack_pca,-1,37,2,run_test,0.95,0.4137694810755266,0.97682119205298
fulltrack_pca,-1,50,0,test,0.0,1.0,0.8810834142656739
fulltrack_pca,-1,50,0,test,0.5,1.0,0.8810834142656739
fulltrack_pca,-1,50,0,test,0.6,0.9601812884428618,0.8905371993706451
fulltrack_pca,-1,50,0,test,0.7,0.8732059997841805,0.9134948096885812
fulltrack_pca,-1,50,0,test,0.8,0.7897917341102838,0.9346905314933734
fulltrack_pca,-1,50,0,test,0.85,0.7287147944318549,0.9465422775062936
fulltrack_pca,-1,50,0,test,0.9,0.6514513866407683,0.9544475732979956
fulltrack_pca,-1,50,0,test,0.95,0.3861012193805978,0.9784795975405254
fulltrack_pca,-1,50,0,run_test,0.0,1.0,0.8751498544271279
fulltrack_pca,-1,50,0,run_test,0.5,1.0,0.8751498544271279
fulltrack_pca,-1,50,0,run_test,0.6,0.9638636752868642,0.8850390902629709
fulltrack_pca,-1,50,0,run_test,0.7,0.8777187874636068,0.9067317073170732
fulltrack_pca,-1,50,0,run_test,0.8,0.794656619284124,0.9280172413793104
fulltrack_pca,-1,50,0,run_test,0.85,0.7309470799794485,0.9409559512652296
fulltrack_pca,-1,50,0,run_test,0.9,0.6557629731118342,0.949856359362758
fulltrack_pca,-1,50,0,run_test,0.95,0.3988696694639493,0.9750966079862602
fulltrack_pca,-1,50,1,test,0.0,1.0,0.8735297291464336
fulltrack_pca,-1,50,1,test,0.5,1.0,0.8735297291464336
fulltrack_pca,-1,50,1,test,0.6,0.9525196935362036,0.8901098901098901
fulltrack_pca,-1,50,1,test,0.7,0.8809755044782562,0.9136452719255268
fulltrack_pca,-1,50,1,test,0.8,0.7293622531563613,0.944666370764906
fulltrack_pca,-1,50,1,test,0.85,0.7181396352649185,0.947107438016529
fulltrack_pca,-1,50,1,test,0.9,0.600949606129276,0.961034297001257
fulltrack_pca,-1,50,1,test,0.95,0.3907413402395597,0.980115990057995
fulltrack_pca,-1,50,1,run_test,0.0,1.0,0.8700119883541703
fulltrack_pca,-1,50,1,run_test,0.5,1.0,0.8700119883541703
fulltrack_pca,-1,50,1,run_test,0.6,0.9570131871895872,0.8876163206871869
fulltrack_pca,-1,50,1,run_test,0.7,0.8857681109779072,0.9097061098221192
fulltrack_pca,-1,50,1,run_test,0.8,0.7309470799794485,0.9451733833177132
fulltrack_pca,-1,50,1,run_test,0.85,0.7199862990238054,0.9455280685061844
fulltrack_pca,-1,50,1,run_test,0.9,0.6102072272649426,0.95649733370755
fulltrack_pca,-1,50,1,run_test,0.95,0.4113718102414797,0.9733555370524564
fulltrack_pca,-1,50,2,test,0.0,1.0,0.8803280457537499
fulltrack_pca,-1,50,2,test,0.5,1.0,0.8803280457537499
fulltrack_pca,-1,50,2,test,0.6,0.948203302039495,0.8932513941049277
fulltrack_pca,-1,50,2,test,0.7,0.8715873529729147,0.9153150922372169
fulltrack_pca,-1,50,2,test,0.8,0.770907521312183,0.9396696528555432
fulltrack_pca,-1,50,2,test,0.85,0.7205136505881083,0.9468324097648644
fulltrack_pca,-1,50,2,test,0.9,0.6328909032049207,0.9599317988064792
fulltrack_pca,-1,50,2,test,0.95,0.452789468004748,0.971163012392755
fulltrack_pca,-1,50,2,run_test,0.0,1.0,0.8780613118684706
fulltrack_pca,-1,50,2,run_test,0.5,1.0,0.8780613118684706
fulltrack_pca,-1,50,2,run_test,0.6,0.9527316321287892,0.8905266942297322
fulltrack_pca,-1,50,2,run_test,0.7,0.8710395615687617,0.9081793157687772
fulltrack_pca,-1,50,2,run_test,0.8,0.7739338927898612,0.9364903739765434
fulltrack_pca,-1,50,2,run_test,0.85,0.7170748415824627,0.940769047050394
fulltrack_pca,-1,50,2,run_test,0.9,0.6374379174516184,0.9567436861902204
fulltrack_pca,-1,50,2,run_test,0.95,0.4627504709710567,0.9700222057735012
vae,2,3,0,test,0.0,1.0,0.7492176540412215
vae,2,3,0,test,0.5,1.0,0.7492176540412215
vae,2,3,0,test,0.6,1.0,0.7492176540412215
vae,2,3,0,test,0.7,0.2785151613251322,0.938783417280124
vae,2,3,0,test,0.8,0.2785151613251322,0.938783417280124
vae,2,3,0,test,0.85,0.2785151613251322,0.938783417280124
vae,2,3,0,test,0.9,0.2785151613251322,0.938783417280124
vae,2,3,0,test,0.95,0.0,
vae,2,3,0,run_test,0.0,1.0,0.7318033909916082
vae,2,3,0,run_test,0.5,1.0,0.7318033909916082
vae,2,3,0,run_test,0.6,1.0,0.7318033909916082
vae,2,3,0,run_test,0.7,0.2779585545470114,0.947011706715958
vae,2,3,0,run_test,0.8,0.2779585545470114,0.947011706715958
vae,2,3,0,run_test,0.85,0.2779585545470114,0.947011706715958
vae,2,3,0,run_test,0.9,0.2779585545470114,0.947011706715958
vae,2,3,0,run_test,0.95,0.0,
vae,2,3,1,test,0.0,1.0,0.7492176540412215
vae,2,3,1,test,0.5,1.0,0.7492176540412215
vae,2,3,1,test,0.6,1.0,0.7492176540412215
vae,2,3,1,test,0.7,0.2785151613251322,0.938783417280124
vae,2,3,1,test,0.8,0.2785151613251322,0.938783417280124
vae,2,3,1,test,0.85,0.2785151613251322,0.938783417280124
vae,2,3,1,test,0.9,0.2785151613251322,0.938783417280124
vae,2,3,1,test,0.95,0.0,
vae,2,3,1,run_test,0.0,1.0,0.7318033909916082
vae,2,3,1,run_test,0.5,1.0,0.7318033909916082
vae,2,3,1,run_test,0.6,1.0,0.7318033909916082
vae,2,3,1,run_test,0.7,0.2779585545470114,0.947011706715958
vae,2,3,1,run_test,0.8,0.2779585545470114,0.947011706715958
vae,2,3,1,run_test,0.85,0.2779585545470114,0.947011706715958
vae,2,3,1,run_test,0.9,0.2779585545470114,0.947011706715958
vae,2,3,1,run_test,0.95,0.0,
vae,2,3,2,test,0.0,1.0,0.7492176540412215
vae,2,3,2,test,0.5,1.0,0.7492176540412215
vae,2,3,2,test,0.6,1.0,0.7492176540412215
vae,2,3,2,test,0.7,0.2785151613251322,0.938783417280124
vae,2,3,2,test,0.8,0.2785151613251322,0.938783417280124
vae,2,3,2,test,0.85,0.2785151613251322,0.938783417280124
vae,2,3,2,test,0.9,0.2785151613251322,0.938783417280124
vae,2,3,2,test,0.95,0.0,
vae,2,3,2,run_test,0.0,1.0,0.7318033909916082
vae,2,3,2,run_test,0.5,1.0,0.7318033909916082
vae,2,3,2,run_test,0.6,1.0,0.7318033909916082
vae,2,3,2,run_test,0.7,0.2779585545470114,0.947011706715958
vae,2,3,2,run_test,0.8,0.2779585545470114,0.947011706715958
vae,2,3,2,run_test,0.85,0.2779585545470114,0.947011706715958
vae,2,3,2,run_test,0.9,0.2779585545470114,0.947011706715958
vae,2,3,2,run_test,0.95,0.0,
vae,2,8,0,test,0.0,1.0,0.7739289953598791
vae,2,8,0,test,0.5,0.894464227905471,0.8174689347327784
vae,2,8,0,test,0.6,0.894464227905471,0.8174689347327784
vae,2,8,0,test,0.7,0.6346174598036042,0.8983166128209488
vae,2,8,0,test,0.8,0.5359879141038092,0.920877793436682
vae,2,8,0,test,0.85,0.4758821625121398,0.9331065759637188
vae,2,8,0,test,0.9,0.361066148699687,0.9447101016138671
vae,2,8,0,test,0.95,0.254775008093234,0.951715374841169
vae,2,8,0,run_test,0.0,1.0,0.7727350573728378
vae,2,8,0,run_test,0.5,0.8919335502654564,0.8079877112135176
vae,2,8,0,run_test,0.6,0.8919335502654564,0.8079877112135176
vae,2,8,0,run_test,0.7,0.629388593937318,0.8824489795918368
vae,2,8,0,run_test,0.8,0.5120739852714505,0.9063545150501672
vae,2,8,0,run_test,0.85,0.4543586230518924,0.921975122502827
vae,2,8,0,run_test,0.9,0.3445795512930296,0.9468190854870776
vae,2,8,0,run_test,0.95,0.2519266997773591,0.9571719918422842
vae,2,8,1,test,0.0,1.0,0.7539656846876012
vae,2,8,1,test,0.5,0.8038200064745873,0.838099073701168
vae,2,8,1,test,0.6,0.6786446530700334,0.883447288917157
vae,2,8,1,test,0.7,0.6230711125499083,0.9108070661586422
vae,2,8,1,test,0.8,0.6230711125499083,0.9108070661586422
vae,2,8,1,test,0.85,0.4677889284558109,0.9397923875432526
vae,2,8,1,test,0.9,0.4677889284558109,0.9397923875432526
vae,2,8,1,test,0.95,0.2490557893600949,0.957105719237435
vae,2,8,1,run_test,0.0,1.0,0.7420791231375236
vae,2,8,1,run_test,0.5,0.812467888337044,0.8353709949409781
vae,2,8,1,run_test,0.6,0.6780270594279842,0.8767365496337459
vae,2,8,1,run_test,0.7,0.6204829594108581,0.8964946177201214
vae,2,8,1,run_test,0.8,0.6204829594108581,0.8964946177201214
vae,2,8,1,run_test,0.85,0.4480219215619113,0.9292813455657492
vae,2,8,1,run_test,0.9,0.4480219215619113,0.9292813455657492
vae,2,8,1,run_test,0.95,0.247645144716561,0.9591977869986168
vae,2,8,2,test,0.0,1.0,0.7540735944750189
vae,2,8,2,test,0.5,0.8048991043487644,0.8376457970237298
vae,2,8,2,test,0.6,0.679615841156793,0.8834550651000318
vae,2,8,2,test,0.7,0.6243660299989209,0.9106463878326996
vae,2,8,2,test,0.8,0.6243660299989209,0.9106463878326996
vae,2,8,2,test,0.85,0.4678968382432286,0.9398062730627308
vae,2,8,2,test,0.9,0.4678968382432286,0.9398062730627308
vae,2,8,2,test,0.95,0.2490557893600949,0.957105719237435
vae,2,8,2,run_test,0.0,1.0,0.7427641719472512
vae,2,8,2,run_test,0.5,0.8136667237540675,0.835613555041044
vae,2,8,2,run_test,0.6,0.6793971570474396,0.8759768086715402
vae,2,8,2,run_test,0.7,0.6216817948278814,0.8961432506887053
vae,2,8,2,run_test,0.8,0.6216817948278814,0.8961432506887053
vae,2,8,2,run_test,0.85,0.4481931837643432,0.9296904852884984
vae,2,8,2,run_test,0.9,0.4481931837643432,0.9296904852884984
vae,2,8,2,run_test,0.95,0.247645144716561,0.9591977869986168
vae,2,15,0,test,0.0,1.0,0.8157979928779541
vae,2,15,0,test,0.5,0.9548937088593936,0.8324104418578371
vae,2,15,0,test,0.6,0.9097874177187872,0.8445024315027874
vae,2,15,0,test,0.7,0.8534585086867379,0.8554810974838791
vae,2,15,0,test,0.8,0.6103377576346175,0.9126591230551626
vae,2,15,0,test,0.85,0.5439732383727204,0.9170799444554651
vae,2,15,0,test,0.9,0.3566418474155606,0.95642965204236
vae,2,15,0,test,0.95,0.220999244631488,0.96826171875
vae,2,15,0,run_test,0.0,1.0,0.8186333276245933
vae,2,15,0,run_test,0.5,0.9561568761774276,0.8364678488267956
vae,2,15,0,run_test,0.6,0.9023805446138036,0.8458910609223762
vae,2,15,0,run_test,0.7,0.8533995547182737,0.8603251053582179
vae,2,15,0,run_test,0.8,0.5929097448193184,0.8983246678220682
vae,2,15,0,run_test,0.85,0.5168693269395445,0.9039098740888004
vae,2,15,0,run_test,0.9,0.345778386710053,0.9539375928677564
vae,2,15,0,run_test,0.95,0.2207569789347491,0.9643134212567882
vae,2,15,1,test,0.0,1.0,0.8128844286176756
vae,2,15,1,test,0.5,1.0,0.8128844286176756
vae,2,15,1,test,0.6,0.9142117190029136,0.8356940509915014
vae,2,15,1,test,0.7,0.7346498327398295,0.8807285546415982
vae,2,15,1,test,0.8,0.5749433473616057,0.9181681681681682
vae,2,15,1,test,0.85,0.4886155174274306,0.9372791519434628
vae,2,15,1,test,0.9,0.4072515377144707,0.9583995760466348
vae,2,15,1,test,0.95,0.3126146541491313,0.9627200552295478
vae,2,15,1,run_test,0.0,1.0,0.8165781811954101
vae,2,15,1,run_test,0.5,1.0,0.8165781811954101
vae,2,15,1,run_test,0.6,0.9042644288405548,0.8348484848484848
vae,2,15,1,run_test,0.7,0.7143346463435519,0.8707743946295853
vae,2,15,1,run_test,0.8,0.569275560883713,0.9184717208182912
vae,2,15,1,run_test,0.85,0.4675458126391505,0.9315018315018316
vae,2,15,1,run_test,0.9,0.3933892789861277,0.9525468001741402
vae,2,15,1,run_test,0.95,0.3072443911628703,0.959866220735786
vae,2,15,2,test,0.0,1.0,0.8109420524441567
vae,2,15,2,test,0.5,0.9737779216574944,0.820811170212766
vae,2,15,2,test,0.6,0.9459371965037228,0.8303673283139402
vae,2,15,2,test,0.7,0.7913024711341319,0.8673121505522978
vae,2,15,2,test,0.8,0.5591885183986187,0.9218448475492088
vae,2,15,2,test,0.85,0.5591885183986187,0.9218448475492088
vae,2,15,2,test,0.9,0.2879033128304737,0.9632683658170914
vae,2,15,2,test,0.95,0.2879033128304737,0.9632683658170914
vae,2,15,2,run_test,0.0,1.0,0.8073300222640863
vae,2,15,2,run_test,0.5,0.973111834218188,0.8183738120380147
vae,2,15,2,run_test,0.6,0.9436547353998972,0.8272232304900181
vae,2,15,2,run_test,0.7,0.7819832163041617,0.8644327639071397
vae,2,15,2,run_test,0.8,0.5478677855797226,0.9112222569552986
vae,2,15,2,run_test,0.85,0.5478677855797226,0.9112222569552986
vae,2,15,2,run_test,0.9,0.2842952560369926,0.958433734939759
vae,2,15,2,run_test,0.95,0.2842952560369926,0.958433734939759
vae,2,25,0,test,0.0,1.0,0.8261573324700551
vae,2,25,0,test,0.5,1.0,0.8261573324700551
vae,2,25,0,test,0.6,0.9376281428725586,0.8478536080101278
vae,2,25,0,test,0.7,0.8535664184741556,0.8687737041719342
vae,2,25,0,test,0.8,0.6665587568792489,0.909988667638012
vae,2,25,0,test,0.85,0.6260925865976044,0.9141675284384696
vae,2,25,0,test,0.9,0.445883241610014,0.9438528557599224
vae,2,25,0,test,0.95,0.2840185604834358,0.9639057750759878
vae,2,25,0,run_test,0.0,1.0,0.8290803219729406
vae,2,25,0,run_test,0.5,1.0,0.8290803219729406
vae,2,25,0,run_test,0.6,0.9359479362904608,0.846843549862763
vae,2,25,0,run_test,0.7,0.8588799451960952,0.8648055832502493
vae,2,25,0,run_test,0.8,0.663127247816407,0.8969524793388429
vae,2,25,0,run_test,0.85,0.627162185305703,0.9025122883670126
vae,2,25,0,run_test,0.9,0.4384312382257236,0.93203125
vae,2,25,0,run_test,0.95,0.2781298167494433,0.961206896551724
vae,2,25,1,test,0.0,1.0,0.8148268047911945
vae,2,25,1,test,0.5,0.9526276033236216,0.8306524694154962
vae,2,25,1,test,0.6,0.8451494550555736,0.8704034729315628
vae,2,25,1,test,0.7,0.7722024387611957,0.8907210732252655
vae,2,25,1,test,0.8,0.7268803280457538,0.8994952494061758
vae,2,25,1,test,0.85,0.6307327074565663,0.9130881094952952
vae,2,25,1,test,0.9,0.3769288874500917,0.9513312338963642
vae,2,25,1,test,0.95,0.2112873637638934,0.9678243105209398
vae,2,25,1,run_test,0.0,1.0,0.8179482788148655
vae,2,25,1,run_test,0.5,0.9563281383798596,0.8368553008595988
vae,2,25,1,run_test,0.6,0.8513444082890906,0.867833433916717
vae,2,25,1,run_test,0.7,0.7778729234457955,0.8808894760017614
vae,2,25,1,run_test,0.8,0.7324884398013358,0.8903436988543372
vae,2,25,1,run_test,0.85,0.6187703373865387,0.9064489344035428
vae,2,25,1,run_test,0.9,0.3632471313581092,0.9523809523809524
vae,2,25,1,run_test,0.95,0.2056859051207398,0.9683597002497918
vae,2,25,2,test,0.0,1.0,0.8175245494766376
vae,2,25,2,test,0.5,0.9077371317578504,0.849738468854018
vae,2,25,2,test,0.6,0.8891766483220028,0.8564320388349514
vae,2,25,2,test,0.7,0.8034962771123341,0.8832930432446952
vae,2,25,2,test,0.8,0.6824214956296536,0.9125553447185326
vae,2,25,2,test,0.85,0.5608071652098845,0.9295747546661536
vae,2,25,2,test,0.9,0.4649832739829502,0.9475516361104664
vae,2,25,2,test,0.95,0.2364303442322218,0.9666818804198996
vae,2,25,2,run_test,0.0,1.0,0.8138379859564994
vae,2,25,2,run_test,0.5,0.90649083747217,0.8484791233704894
vae,2,25,2,run_test,0.6,0.8854255865730434,0.8562862669245648
vae,2,25,2,run_test,0.7,0.8025346805959924,0.8758002560819462
vae,2,25,2,run_test,0.8,0.689672889193355,0.8966972932704247
vae,2,25,2,run_test,0.85,0.5569446823086145,0.9120541205412054
vae,2,25,2,run_test,0.9,0.468744648056174,0.9342345633905736
vae,2,25,2,run_test,0.95,0.2413084432265799,0.9701916252661462
vae,2,37,0,test,0.0,1.0,0.8193590158627387
vae,2,37,0,test,0.5,0.942807812668609,0.8433100606615543
vae,2,37,0,test,0.6,0.8363008524873206,0.8798709677419355
vae,2,37,0,test,0.7,0.7793244847307651,0.9019662143450567
vae,2,37,0,test,0.8,0.7101543109960073,0.9129311654763712
vae,2,37,0,test,0.85,0.6072083737995037,0.9305135951661632
vae,2,37,0,test,0.9,0.4479335275709507,0.954709708503975
vae,2,37,0,test,0.95,0.2515377144707025,0.9682539682539684
vae,2,37,0,run_test,0.0,1.0,0.8165781811954101
vae,2,37,0,run_test,0.5,0.944168522007193,0.8378378378378378
vae,2,37,0,run_test,0.6,0.8376434320945367,0.8701696994479656
vae,2,37,0,run_test,0.7,0.7804418564822744,0.8918147904323019
vae,2,37,0,run_test,0.8,0.7013187189587258,0.9089133089133088
vae,2,37,0,run_test,0.85,0.5987326597020037,0.9293478260869564
vae,2,37,0,run_test,0.9,0.4403151224524747,0.9541034616880592
vae,2,37,0,run_test,0.95,0.2433635896557629,0.9683321604503872
vae,2,37,1,test,0.0,1.0,0.8200064745872451
vae,2,37,1,test,0.5,0.9664400561130896,0.834412684234033
vae,2,37,1,test,0.6,0.8941404985432179,0.8595220854453295
vae,2,37,1,test,0.7,0.7730657170605374,0.8929369067560022
vae,2,37,1,test,0.8,0.7057300097118808,0.904434250764526
vae,2,37,1,test,0.85,0.5568145030754289,0.926937984496124
vae,2,37,1,test,0.9,0.4118916585734326,0.9538904899135446
vae,2,37,1,test,0.95,0.2952411783748786,0.9638157894736842
vae,2,37,1,run_test,0.0,1.0,0.8251412913170063
vae,2,37,1,run_test,0.5,0.968487754752526,0.8374889478337754
vae,2,37,1,run_test,0.6,0.8936461722897756,0.858949789191261
vae,2,37,1,run_test,0.7,0.7662270936804247,0.8902548055431382
vae,2,37,1,run_test,0.8,0.6953245418736085,0.9027093596059114
vae,2,37,1,run_test,0.85,0.5516355540332248,0.9273517541136294
vae,2,37,1,run_test,0.9,0.4163384141120055,0.9588646647470176
vae,2,37,1,run_test,0.95,0.2964548724096592,0.9699595609474292
vae,2,37,2,test,0.0,1.0,0.8202222941620805
vae,2,37,2,test,0.5,0.939354699471242,0.8480183802412407
vae,2,37,2,test,0.6,0.8725585410596741,0.8680435320306703
vae,2,37,2,test,0.7,0.8379194992985863,0.8802318094011591
vae,2,37,2,test,0.8,0.783209237077803,0.8907412510333426
vae,2,37,2,test,0.85,0.5493687277436063,0.9196621488901984
vae,2,37,2,test,0.9,0.3723966763785475,0.9524775427412344
vae,2,37,2,test,0.95,0.2778677026006259,0.9666019417475727
vae,2,37,2,run_test,0.0,1.0,0.821544785065936
vae,2,37,2,run_test,0.5,0.939715704743963,0.8441771459814106
vae,2,37,2,run_test,0.6,0.8674430553176914,0.865350444225074
vae,2,37,2,run_test,0.7,0.8316492550094194,0.8824135090609555
vae,2,37,2,run_test,0.8,0.7741051549922932,0.888716814159292
vae,2,37,2,run_test,0.85,0.5309128275389622,0.9161290322580644
vae,2,37,2,run_test,0.9,0.3653022777872923,0.9503047351148616
vae,2,37,2,run_test,0.95,0.2654564137694811,0.9670967741935484
vae,2,50,0,test,0.0,0.9996762706377468,0.822646804835924
vae,2,50,0,test,0.5,0.9706485378223804,0.8333518621456365
vae,2,50,0,test,0.6,0.8439624473939786,0.8763585219281422
vae,2,50,0,test,0.7,0.7927052983705623,0.8930029948271168
vae,2,50,0,test,0.8,0.7418797884968167,0.9064727272727272
vae,2,50,0,test,0.85,0.6154095176432502,0.9221462388216728
vae,2,50,0,test,0.9,0.4460990611848495,0.9499274310595064
vae,2,50,0,test,0.95,0.3003129383835113,0.9615522817103844
vae,2,50,0,run_test,0.0,0.9996574755951362,0.8269659071440809
vae,2,50,0,run_test,0.5,0.972940572015756,0.8364724520330927
vae,2,50,0,run_test,0.6,0.8393560541188559,0.8739032850438686
vae,2,50,0,run_test,0.7,0.787977393389279,0.8921973484025212
vae,2,50,0,run_test,0.8,0.7367699948621339,0.907484890748489
vae,2,50,0,run_test,0.85,0.6069532454187361,0.9156320541760722
vae,2,50,0,run_test,0.9,0.4492207569789347,0.9473884864658788
vae,2,50,0,run_test,0.95,0.2969686590169549,0.961361014994233
vae,2,50,1,test,0.0,1.0,0.8230279486349412
vae,2,50,1,test,0.5,0.96546886802633,0.8360344249469096
vae,2,50,1,test,0.6,0.8297183554548397,0.8843802835219144
vae,2,50,1,test,0.7,0.7948634941189165,0.8964159652457236
vae,2,50,1,test,0.8,0.7420956080716521,0.903300857932238
vae,2,50,1,test,0.85,0.6532858530268696,0.916749256689792
vae,2,50,1,test,0.9,0.4336894356318118,0.9422741975615824
vae,2,50,1,test,0.95,0.3142333009603971,0.9598214285714286
vae,2,50,1,run_test,0.0,1.0,0.8234286692926871
vae,2,50,1,run_test,0.5,0.9713992121938688,0.8339210155148096
vae,2,50,1,run_test,0.6,0.8275389621510533,0.8793460264900662
vae,2,50,1,run_test,0.7,0.7929439972598048,0.8887688984881209
vae,2,50,1,run_test,0.8,0.7395101901010447,0.9006484483557202
vae,2,50,1,run_test,0.85,0.654050351087515,0.9172558261324956
vae,2,50,1,run_test,0.9,0.442027744476794,0.9449825648973266
vae,2,50,1,run_test,0.95,0.3151224524747388,0.9614130434782608
vae,2,50,2,test,0.0,0.999244631488076,0.8300215982721383
vae,2,50,2,test,0.5,0.9497140390633432,0.8436541302124758
vae,2,50,2,test,0.6,0.8797884968166613,0.8639764503863608
vae,2,50,2,test,0.7,0.7725261681234488,0.8928621315826233
vae,2,50,2,test,0.8,0.7068091075860581,0.9093129770992366
vae,2,50,2,test,0.85,0.575590806086112,0.92538432695913
vae,2,50,2,test,0.9,0.419769073054926,0.9503856041131106
vae,2,50,2,test,0.95,0.2040574080069062,0.9629825489159176
vae,2,50,2,run_test,0.0,0.9993149511902724,0.8270779777206513
vae,2,50,2,run_test,0.5,0.9482788148655592,0.839985551742821
vae,2,50,2,run_test,0.6,0.8736084946052406,0.8578710056851597
vae,2,50,2,run_test,0.7,0.765542044870697,0.8874720357941834
vae,2,50,2,run_test,0.8,0.70525774961466,0.9099077221952404
vae,2,50,2,run_test,0.85,0.5716732317177599,0.9257040143798682
vae,2,50,2,run_test,0.9,0.4291830792943997,0.9521149241819632
vae,2,50,2,run_test,0.95,0.2113375578009933,0.9619124797406808
random,1,3,0,test,0.0,1.0,0.668069493903097
random,1,3,0,test,0.5,1.0,0.668069493903097
random,1,3,0,test,0.6,0.7969137800798533,0.7168584969532836
random,1,3,0,test,0.7,0.3039818711557138,0.8796592119275826
random,1,3,0,test,0.8,0.3039818711557138,0.8796592119275826
random,1,3,0,test,0.85,0.3039818711557138,0.8796592119275826
random,1,3,0,test,0.9,0.0,
random,1,3,0,test,0.95,0.0,
random,1,3,0,run_test,0.0,1.0,0.6668950162699092
random,1,3,0,run_test,0.5,1.0,0.6668950162699092
random,1,3,0,run_test,0.6,0.7926014728549409,0.6929559204840103
random,1,3,0,run_test,0.7,0.3099845864017811,0.8845303867403315
random,1,3,0,run_test,0.8,0.3099845864017811,0.8845303867403315
random,1,3,0,run_test,0.85,0.3099845864017811,0.8845303867403315
random,1,3,0,run_test,0.9,0.0,
random,1,3,0,run_test,0.95,0.0,
random,1,3,1,test,0.0,1.0,0.6677457645408439
random,1,3,1,test,0.5,1.0,0.6677457645408439
random,1,3,1,test,0.6,0.7964821409301823,0.7168405365126677
random,1,3,1,test,0.7,0.3037660515808784,0.8802841918294849
random,1,3,1,test,0.8,0.3037660515808784,0.8802841918294849
random,1,3,1,test,0.85,0.3037660515808784,0.8802841918294849
random,1,3,1,test,0.9,0.0,
random,1,3,1,test,0.95,0.0,
random,1,3,1,run_test,0.0,1.0,0.6665524918650454
random,1,3,1,run_test,0.5,1.0,0.6665524918650454
random,1,3,1,run_test,0.6,0.7926014728549409,0.6927398444252377
random,1,3,1,run_test,0.7,0.3099845864017811,0.8845303867403315
random,1,3,1,run_test,0.8,0.3099845864017811,0.8845303867403315
random,1,3,1,run_test,0.85,0.3099845864017811,0.8845303867403315
random,1,3,1,run_test,0.9,0.0,
random,1,3,1,run_test,0.95,0.0,
random,1,3,2,test,0.0,1.0,0.6679615841156793
random,1,3,2,test,0.5,1.0,0.6679615841156793
random,1,3,2,test,0.6,0.7966979605050178,0.7169172423134227
random,1,3,2,test,0.7,0.3038739613682961,0.8799715909090909
random,1,3,2,test,0.8,0.3038739613682961,0.8799715909090909
random,1,3,2,test,0.85,0.3038739613682961,0.8799715909090909
random,1,3,2,test,0.9,0.0,
random,1,3,2,test,0.95,0.0,
random,1,3,2,run_test,0.0,1.0,0.6665524918650454
random,1,3,2,run_test,0.5,1.0,0.6665524918650454
random,1,3,2,run_test,0.6,0.792258948450077,0.6928231733679204
random,1,3,2,run_test,0.7,0.3099845864017811,0.8845303867403315
random,1,3,2,run_test,0.8,0.3099845864017811,0.8845303867403315
random,1,3,2,run_test,0.85,0.3099845864017811,0.8845303867403315
random,1,3,2,run_test,0.9,0.0,
random,1,3,2,run_test,0.95,0.0,
random,1,8,0,test,0.0,1.0,0.6825294054170713
random,1,8,0,test,0.5,0.7947555843314988,0.7528852681602173
random,1,8,0,test,0.6,0.5339376281428726,0.8506467259498788
random,1,8,0,test,0.7,0.5339376281428726,0.8506467259498788
random,1,8,0,test,0.8,0.3227581741663969,0.9060514877967236
random,1,8,0,test,0.85,0.2465738642494874,0.92691466083151
random,1,8,0,test,0.9,0.2465738642494874,0.92691466083151
random,1,8,0,test,0.95,0.0,
random,1,8,0,run_test,0.0,1.0,0.6463435519780785
random,1,8,0,run_test,0.5,0.7944853570816921,0.7087734425522741
random,1,8,0,run_test,0.6,0.5302277787292344,0.8268733850129198
random,1,8,0,run_test,0.7,0.5302277787292344,0.8268733850129198
random,1,8,0,run_test,0.8,0.3194040075355369,0.892225201072386
random,1,8,0,run_test,0.85,0.245418736084946,0.9274249825540825
random,1,8,0,run_test,0.9,0.245418736084946,0.9274249825540825
random,1,8,0,run_test,0.95,0.0,
random,1,8,1,test,0.0,1.0,0.684579691378008
random,1,8,1,test,0.5,0.8900399266213446,0.7268428709990301
random,1,8,1,test,0.6,0.6699039602891982,0.7846327319587629
random,1,8,1,test,0.7,0.4816013812452789,0.8422585704682949
random,1,8,1,test,0.8,0.3332254235459156,0.895401554404145
random,1,8,1,test,0.85,0.3332254235459156,0.895401554404145
random,1,8,1,test,0.9,0.0,
random,1,8,1,test,0.95,0.0,
random,1,8,1,run_test,0.0,1.0,0.6400068504880972
random,1,8,1,run_test,0.5,0.8878232574070902,0.6873070987654321
random,1,8,1,run_test,0.6,0.6620996746018154,0.760475944128298
random,1,8,1,run_test,0.7,0.484329508477479,0.830975954738331
random,1,8,1,run_test,0.8,0.3355026545641377,0.886676875957121
random,1,8,1,run_test,0.85,0.3355026545641377,0.886676875957121
random,1,8,1,run_test,0.9,0.0,
random,1,8,1,run_test,0.95,0.0,
random,1,8,2,test,0.0,1.0,0.6861983381892738
random,1,8,2,test,0.5,0.8887450091723319,0.7281447304516756
random,1,8,2,test,0.6,0.6802632998812992,0.7809327411167513
random,1,8,2,test,0.7,0.4887234272148484,0.8421285051887833
random,1,8,2,test,0.8,0.3401316499406496,0.8946700507614214
random,1,8,2,test,0.85,0.3401316499406496,0.8946700507614214
random,1,8,2,test,0.9,0.0,
random,1,8,2,test,0.95,0.0,
random,1,8,2,run_test,0.0,1.0,0.6417194725124165
random,1,8,2,run_test,0.5,0.8886795684192499,0.6874156870302564
random,1,8,2,run_test,0.6,0.6735742421647543,0.7536231884057971
random,1,8,2,run_test,0.7,0.4934064052063709,0.8254078444984381
random,1,8,2,run_test,0.8,0.3428669292687104,0.8826173826173827
random,1,8,2,run_test,0.85,0.3428669292687104,0.8826173826173827
random,1,8,2,run_test,0.9,0.0,
random,1,8,2,run_test,0.95,0.0,
random,1,15,0,test,0.0,1.0,0.7327074565663105
random,1,15,0,test,0.5,0.9121614330419768,0.7558263338459719
random,1,15,0,test,0.6,0.7842883349519801,0.7886626307099615
random,1,15,0,test,0.7,0.5780727311967195,0.8323688631696845
random,1,15,0,test,0.8,0.305060969029891,0.8899893880438627
random,1,15,0,test,0.85,0.2389122693428294,0.924119241192412
random,1,15,0,test,0.9,0.2036257688572353,0.9401165871754108
random,1,15,0,test,0.95,0.0,
random,1,15,0,run_test,0.0,1.0,0.7288919335502655
random,1,15,0,run_test,0.5,0.9087172461037848,0.7499057670561629
random,1,15,0,run_test,0.6,0.7759890392190444,0.7695872875744869
random,1,15,0,run_test,0.7,0.5677342010618257,0.8021116138763198
random,1,15,0,run_test,0.8,0.2974824456242507,0.8779504893494531
random,1,15,0,run_test,0.85,0.2346292173317349,0.910948905109489
random,1,15,0,run_test,0.9,0.203116972084261,0.9350758853288365
random,1,15,0,run_test,0.95,0.0,
random,1,15,1,test,0.0,1.0,0.7220243876119564
random,1,15,1,test,0.5,0.947771662889824,0.7388136172150745
random,1,15,1,test,0.6,0.6901910003237294,0.8009693558474046
random,1,15,1,test,0.7,0.4849465846552282,0.8560302625723186
random,1,15,1,test,0.8,0.3728283155282184,0.8819102749638206
random,1,15,1,test,0.85,0.2818603647350814,0.913093415007657
random,1,15,1,test,0.9,0.2293082982626524,0.9176470588235294
random,1,15,1,test,0.95,0.0,
random,1,15,1,run_test,0.0,1.0,0.7016612433635897
random,1,15,1,run_test,0.5,0.9422846377804418,0.7210105416212287
random,1,15,1,run_test,0.6,0.6756293885939373,0.7738910012674272
random,1,15,1,run_test,0.7,0.4783353313923617,0.8431793770139635
random,1,15,1,run_test,0.8,0.3668436376091796,0.8786181139122315
random,1,15,1,run_test,0.85,0.2810412741907861,0.9207800121876905
random,1,15,1,run_test,0.9,0.2317177598903922,0.933481152993348
random,1,15,1,run_test,0.95,0.0,
random,1,15,2,test,0.0,1.0,0.7063774684363872
random,1,15,2,test,0.5,0.9028811913240532,0.7226006931994742
random,1,15,2,test,0.6,0.6982842343800583,0.7930768042033689
random,1,15,2,test,0.7,0.6149778784935793,0.8189155992279348
random,1,15,2,test,0.8,0.3393762814287256,0.8635930047694753
random,1,15,2,test,0.85,0.188410488831337,0.9152348224513172
random,1,15,2,test,0.9,0.188410488831337,0.9152348224513172
random,1,15,2,test,0.95,0.0,
random,1,15,2,run_test,0.0,1.0,0.692070560027402
random,1,15,2,run_test,0.5,0.8958725809213907,0.7210858344484802
random,1,15,2,run_test,0.6,0.6891591025860593,0.7800695825049702
random,1,15,2,run_test,0.7,0.611577324884398,0.8120974516942033
random,1,15,2,run_test,0.8,0.3423531426614146,0.8594297148574287
random,1,15,2,run_test,0.85,0.191813666723754,0.9321428571428572
random,1,15,2,run_test,0.9,0.191813666723754,0.9321428571428572
random,1,15,2,run_test,0.95,0.0,
random,1,25,0,test,0.0,1.0,0.7381029459371965
random,1,25,0,test,0.5,0.9517643250242795,0.7519274376417233
random,1,25,0,test,0.6,0.7370238480630193,0.8058565153733529
random,1,25,0,test,0.7,0.6318118053307435,0.8298889837745517
random,1,25,0,test,0.8,0.4226826373152045,0.8756701557314271
random,1,25,0,test,0.85,0.32923276141146,0.9088823336610948
random,1,25,0,test,0.9,0.2392359987050825,0.930085701398286
random,1,25,0,test,0.95,0.0,
random,1,25,0,run_test,0.0,1.0,0.7228977564651481
random,1,25,0,run_test,0.5,0.9414283267682824,0.7351282517736948
random,1,25,0,run_test,0.6,0.7287206713478336,0.7875440658049354
random,1,25,0,run_test,0.7,0.6208254838157219,0.8126896551724138
random,1,25,0,run_test,0.8,0.4125706456585031,0.8596928185969281
random,1,25,0,run_test,0.85,0.319061483130673,0.9044551798174988
random,1,25,0,run_test,0.9,0.2394245589998287,0.9363376251788268
random,1,25,0,run_test,0.95,0.0,
random,1,25,1,test,0.0,1.0,0.7254775008093234
random,1,25,1,test,0.5,0.8638178482788389,0.7713928794503435
random,1,25,1,test,0.6,0.7325995467788928,0.8054205332154957
random,1,25,1,test,0.7,0.5658789252185173,0.8487795575896262
random,1,25,1,test,0.8,0.4257041113629006,0.8856780735107731
random,1,25,1,test,0.85,0.3408870184525736,0.9066160177271289
random,1,25,1,test,0.9,0.2582281212906011,0.9189302131216048
random,1,25,1,test,0.95,0.0,
random,1,25,1,run_test,0.0,1.0,0.707655420448707
random,1,25,1,run_test,0.5,0.8667580065079636,0.7474807350326023
random,1,25,1,run_test,0.6,0.7261517383113547,0.7806603773584906
random,1,25,1,run_test,0.7,0.5651652680253468,0.8287878787878787
random,1,25,1,run_test,0.8,0.4237026888165782,0.8787388843977365
random,1,25,1,run_test,0.85,0.3331049837300908,0.902827763496144
random,1,25,1,run_test,0.9,0.2582634012673403,0.9257294429708224
random,1,25,1,run_test,0.95,0.0,
random,1,25,2,test,0.0,1.0,0.7305492608179562
random,1,25,2,test,0.5,0.9764756663429373,0.7389766825063543
random,1,25,2,test,0.6,0.7401532318981332,0.7964717888905088
random,1,25,2,test,0.7,0.6685011330527679,0.8214689265536723
random,1,25,2,test,0.8,0.4449120535232546,0.8770312878971622
random,1,25,2,test,0.85,0.2950253588000431,0.9206291148500366
random,1,25,2,test,0.9,0.2405309161540951,0.9282189322566172
random,1,25,2,test,0.95,0.0,
random,1,25,2,run_test,0.0,1.0,0.7091967802705943
random,1,25,2,run_test,0.5,0.9678027059427984,0.7219961068837374
random,1,25,2,run_test,0.6,0.7307758177770166,0.7750175767518163
random,1,25,2,run_test,0.7,0.6535365644802192,0.800314465408805
random,1,25,2,run_test,0.8,0.4370611406062682,0.8655956112852664
random,1,25,2,run_test,0.85,0.2925158417537249,0.9203747072599532
random,1,25,2,run_test,0.9,0.2423360164411714,0.9307420494699646
random,1,25,2,run_test,0.95,0.0,
random,1,37,0,test,0.0,1.0,0.7295780727311967
random,1,37,0,test,0.5,0.9504694075752672,0.7462534059945504
random,1,37,0,test,0.6,0.7559080608611201,0.801570306923626
random,1,37,0,test,0.7,0.6250134887234272,0.8368439226519337
random,1,37,0,test,0.8,0.3771447070249271,0.8901287553648068
random,1,37,0,test,0.85,0.2736592208913348,0.9242902208201892
random,1,37,0,test,0.9,0.2270421927268803,0.93393536121673
random,1,37,0,test,0.95,0.0,
random,1,37,0,run_test,0.0,1.0,0.7033738653879089
random,1,37,0,run_test,0.5,0.9496489124850146,0.7219116321009919
random,1,37,0,run_test,0.6,0.7422503853399555,0.7741116751269036
random,1,37,0,run_test,0.7,0.6150025689330365,0.8017265385686438
random,1,37,0,run_test,0.8,0.3673574242164754,0.8713286713286713
random,1,37,0,run_test,0.85,0.2613461209111149,0.918086500655308
random,1,37,0,run_test,0.9,0.2214420277444768,0.9280742459396752
random,1,37,0,run_test,0.95,0.0,
random,1,37,1,test,0.0,1.0,0.7335707348656523
random,1,37,1,test,0.5,0.9688140714362792,0.741256404544442
random,1,37,1,test,0.6,0.7141469731304629,0.7993351465699607
random,1,37,1,test,0.7,0.5431099600733786,0.853169084045301
random,1,37,1,test,0.8,0.425164562425812,0.8720812182741117
random,1,37,1,test,0.85,0.3550232006042948,0.8972644376899696
random,1,37,1,test,0.9,0.2118269127009819,0.9266428935303108
random,1,37,1,test,0.95,0.0,
random,1,37,1,run_test,0.0,1.0,0.7240965918821716
random,1,37,1,run_test,0.5,0.966603870525775,0.7336995038979447
random,1,37,1,run_test,0.6,0.714505908545984,0.7962607861936721
random,1,37,1,run_test,0.7,0.5478677855797226,0.8421381681775555
random,1,37,1,run_test,0.8,0.4250727864360336,0.8803384367445608
random,1,37,1,run_test,0.85,0.3514300393903065,0.9059454191033138
random,1,37,1,run_test,0.9,0.2118513444082891,0.931285367825384
random,1,37,1,run_test,0.95,0.0,
random,1,37,2,test,0.0,1.0,0.7347577425272472
random,1,37,2,test,0.5,0.945505557354052,0.7513124857338507
random,1,37,2,test,0.6,0.7982086975288659,0.784912802487495
random,1,37,2,test,0.7,0.6255530376605158,0.8240469208211144
random,1,37,2,test,0.8,0.3155282184094097,0.8977428180574556
random,1,37,2,test,0.85,0.2875795834682205,0.9095684803001876
random,1,37,2,test,0.9,0.2338405093341966,0.9206275957544992
random,1,37,2,test,0.95,0.0546023524333657,0.9426877470355732
random,1,37,2,run_test,0.0,1.0,0.7261517383113547
random,1,37,2,run_test,0.5,0.94211337557801,0.7418651154335575
random,1,37,2,run_test,0.6,0.799109436547354,0.7719674239177026
random,1,37,2,run_test,0.7,0.6131186847062853,0.8022346368715084
random,1,37,2,run_test,0.8,0.3065593423531426,0.8877094972067039
random,1,37,2,run_test,0.85,0.2806987497859222,0.8981086028065893
random,1,37,2,run_test,0.9,0.2282925158417537,0.91072768192048
random,1,37,2,run_test,0.95,0.0501798253125535,0.9283276450511946
random,1,50,0,test,0.0,1.0,0.7197582820761843
random,1,50,0,test,0.5,0.912916801553901,0.7434988179669031
random,1,50,0,test,0.6,0.6743282615733247,0.8166106577052329
random,1,50,0,test,0.7,0.6255530376605158,0.8331895808176643
random,1,50,0,test,0.8,0.427862307111255,0.8673392181588903
random,1,50,0,test,0.85,0.3375418150426243,0.8932225063938619
random,1,50,0,test,0.9,0.2432286608395381,0.9259094942324756
random,1,50,0,test,0.95,0.0151073702384806,0.9214285714285714
random,1,50,0,run_test,0.0,1.0,0.6980647371125193
random,1,50,0,run_test,0.5,0.9141976365816064,0.7246159610340952
random,1,50,0,run_test,0.6,0.6768282240109608,0.7965587044534413
random,1,50,0,run_test,0.7,0.6242507278643603,0.8109739368998629
random,1,50,0,run_test,0.8,0.4189073471484843,0.8548650858544563
random,1,50,0,run_test,0.85,0.337044014386025,0.8917682926829268
random,1,50,0,run_test,0.9,0.2411371810241479,0.9346590909090908
random,1,50,0,run_test,0.95,0.0118170919678027,0.9855072463768116
random,1,50,1,test,0.0,1.0,0.7315204489047157
random,1,50,1,test,0.5,0.9548937088593936,0.7416657249406713
random,1,50,1,test,0.6,0.7381029459371965,0.8059941520467836
random,1,50,1,test,0.7,0.6336462717168447,0.8205040871934605
random,1,50,1,test,0.8,0.4012085896190784,0.8700914470145239
random,1,50,1,test,0.85,0.298910111147081,0.8931407942238268
random,1,50,1,test,0.9,0.2000647458724506,0.9174757281553398
random,1,50,1,test,0.95,0.0415452681558217,0.9272727272727272
random,1,50,1,run_test,0.0,1.0,0.725466689501627
random,1,50,1,run_test,0.5,0.9532454187360848,0.7344592166726555
random,1,50,1,run_test,0.6,0.7182736769994862,0.7925608011444921
random,1,50,1,run_test,0.7,0.6170577153622195,0.8079378295864558
random,1,50,1,run_test,0.8,0.3952731632128789,0.8609185441941074
random,1,50,1,run_test,0.85,0.2949135125877719,0.8966318234610917
random,1,50,1,run_test,0.9,0.1995204658331906,0.9287553648068668
random,1,50,1,run_test,0.95,0.0393903065593423,0.9521739130434784
random,1,50,2,test,0.0,0.9997841804251646,0.7216405828386401
random,1,50,2,test,0.5,0.8652206755152693,0.7617859815415315
random,1,50,2,test,0.6,0.6994712420416532,0.812557852514656
random,1,50,2,test,0.7,0.5653393762814287,0.8547432716167207
random,1,50,2,test,0.8,0.4415668501133052,0.873900293255132
random,1,50,2,test,0.85,0.3702384806301931,0.8898280384727485
random,1,50,2,test,0.9,0.1792381569008309,0.9241420830824804
random,1,50,2,test,0.95,0.0031293838351138,0.6896551724137931
random,1,50,2,run_test,0.0,0.9996574755951362,0.6998458112043858
random,1,50,2,run_test,0.5,0.8655591710909403,0.741195092995647
random,1,50,2,run_test,0.6,0.7018325055660216,0.7977061981454368
random,1,50,2,run_test,0.7,0.5677342010618257,0.8470588235294118
random,1,50,2,run_test,0.8,0.4356910429868128,0.8651729559748428
random,1,50,2,run_test,0.85,0.3649597533824285,0.8939465039887377
random,1,50,2,run_test,0.9,0.1803390991608152,0.9335232668566
random,1,50,2,run_test,0.95,0.0041102928583661,0.7083333333333334
fulltrack,-1,3,0,test,0.0,1.0,0.8381353188734219
fulltrack,-1,3,0,test,0.5,1.0,0.8381353188734219
fulltrack,-1,3,0,test,0.6,1.0,0.8381353188734219
fulltrack,-1,3,0,test,0.7,0.6857666990396029,0.9162863886703384
fulltrack,-1,3,0,test,0.8,0.6857666990396029,0.9162863886703384
fulltrack,-1,3,0,test,0.85,0.6857666990396029,0.9162863886703384
fulltrack,-1,3,0,test,0.9,0.2831552821840941,0.9748475609756098
fulltrack,-1,3,0,test,0.95,0.2831552821840941,0.9748475609756098
fulltrack,-1,3,0,run_test,0.0,1.0,0.8366158588799452
fulltrack,-1,3,0,run_test,0.5,1.0,0.8366158588799452
fulltrack,-1,3,0,run_test,0.6,1.0,0.8366158588799452
fulltrack,-1,3,0,run_test,0.7,0.6559342353142661,0.9060052219321147
fulltrack,-1,3,0,run_test,0.8,0.6559342353142661,0.9060052219321147
fulltrack,-1,3,0,run_test,0.85,0.6559342353142661,0.9060052219321147
fulltrack,-1,3,0,run_test,0.9,0.2897756465148142,0.9692671394799054
fulltrack,-1,3,0,run_test,0.95,0.2897756465148142,0.9692671394799054
fulltrack,-1,3,1,test,0.0,1.0,0.8381353188734219
fulltrack,-1,3,1,test,0.5,1.0,0.8381353188734219
fulltrack,-1,3,1,test,0.6,1.0,0.8381353188734219
fulltrack,-1,3,1,test,0.7,0.6857666990396029,0.9162863886703384
fulltrack,-1,3,1,test,0.8,0.6857666990396029,0.9162863886703384
fulltrack,-1,3,1,test,0.85,0.6857666990396029,0.9162863886703384
fulltrack,-1,3,1,test,0.9,0.2831552821840941,0.9748475609756098
fulltrack,-1,3,1,test,0.95,0.2831552821840941,0.9748475609756098
fulltrack,-1,3,1,run_test,0.0,1.0,0.8366158588799452
fulltrack,-1,3,1,run_test,0.5,1.0,0.8366158588799452
fulltrack,-1,3,1,run_test,0.6,1.0,0.8366158588799452
fulltrack,-1,3,1,run_test,0.7,0.6559342353142661,0.9060052219321147
fulltrack,-1,3,1,run_test,0.8,0.6559342353142661,0.9060052219321147
fulltrack,-1,3,1,run_test,0.85,0.6559342353142661,0.9060052219321147
fulltrack,-1,3,1,run_test,0.9,0.2897756465148142,0.9692671394799054
fulltrack,-1,3,1,run_test,0.95,0.2897756465148142,0.9692671394799054
fulltrack,-1,3,2,test,0.0,1.0,0.8380274090860041
fulltrack,-1,3,2,test,0.5,1.0,0.8380274090860041
fulltrack,-1,3,2,test,0.6,1.0,0.8380274090860041
fulltrack,-1,3,2,test,0.7,0.6856587892521852,0.9162732137236388
fulltrack,-1,3,2,test,0.8,0.6856587892521852,0.9162732137236388
fulltrack,-1,3,2,test,0.85,0.6856587892521852,0.9162732137236388
fulltrack,-1,3,2,test,0.9,0.2831552821840941,0.9748475609756098
fulltrack,-1,3,2,test,0.95,0.2831552821840941,0.9748475609756098
fulltrack,-1,3,2,run_test,0.0,1.0,0.8361020722726494
fulltrack,-1,3,2,run_test,0.5,1.0,0.8361020722726494
fulltrack,-1,3,2,run_test,0.6,1.0,0.8361020722726494
fulltrack,-1,3,2,run_test,0.7,0.6554204487069704,0.9059315390645414
fulltrack,-1,3,2,run_test,0.8,0.6554204487069704,0.9059315390645414
fulltrack,-1,3,2,run_test,0.85,0.6554204487069704,0.9059315390645414
fulltrack,-1,3,2,run_test,0.9,0.2897756465148142,0.9692671394799054
fulltrack,-1,3,2,run_test,0.95,0.2897756465148142,0.9692671394799054
fulltrack,-1,8,0,test,0.0,1.0,0.839969785259523
fulltrack,-1,8,0,test,0.5,1.0,0.839969785259523
fulltrack,-1,8,0,test,0.6,0.9155066364519262,0.8751768033946252
fulltrack,-1,8,0,test,0.7,0.7651883025790439,0.91609081934847
fulltrack,-1,8,0,test,0.8,0.6990396028919823,0.9289904291447978
fulltrack,-1,8,0,test,0.85,0.6990396028919823,0.9289904291447978
fulltrack,-1,8,0,test,0.9,0.488075968490342,0.966393986292284
fulltrack,-1,8,0,test,0.95,0.316175677133916,0.98259385665529
fulltrack,-1,8,0,run_test,0.0,1.0,0.8477479020380202
fulltrack,-1,8,0,run_test,0.5,1.0,0.8477479020380202
fulltrack,-1,8,0,run_test,0.6,0.930981332419935,0.8675496688741722
fulltrack,-1,8,0,run_test,0.7,0.7698235999314951,0.90678531701891
fulltrack,-1,8,0,run_test,0.8,0.6900154135982188,0.9203276247207745
fulltrack,-1,8,0,run_test,0.85,0.6900154135982188,0.9203276247207745
fulltrack,-1,8,0,run_test,0.9,0.4990580578866244,0.9574468085106383
fulltrack,-1,8,0,run_test,0.95,0.3385853742079123,0.9752149721800708
fulltrack,-1,8,1,test,0.0,1.0,0.8283155282184094
fulltrack,-1,8,1,test,0.5,1.0,0.8283155282184094
fulltrack,-1,8,1,test,0.6,0.9152908168770908,0.8602923838717284
fulltrack,-1,8,1,test,0.7,0.7281752454947664,0.9053052756372258
fulltrack,-1,8,1,test,0.8,0.5621020826588972,0.9548857746208486
fulltrack,-1,8,1,test,0.85,0.5621020826588972,0.9548857746208486
fulltrack,-1,8,1,test,0.9,0.5621020826588972,0.9548857746208486
fulltrack,-1,8,1,test,0.95,0.2695586489694615,0.9867894315452362
fulltrack,-1,8,1,run_test,0.0,1.0,0.832676828224011
fulltrack,-1,8,1,run_test,0.5,1.0,0.832676828224011
fulltrack,-1,8,1,run_test,0.6,0.923788319917794,0.8513162773451983
fulltrack,-1,8,1,run_test,0.7,0.7112519266997773,0.8979051288225379
fulltrack,-1,8,1,run_test,0.8,0.5405035108751498,0.9515209125475284
fulltrack,-1,8,1,run_test,0.85,0.5405035108751498,0.9515209125475284
fulltrack,-1,8,1,run_test,0.9,0.5405035108751498,0.9515209125475284
fulltrack,-1,8,1,run_test,0.95,0.2753896215105326,0.986318407960199
fulltrack,-1,8,2,test,0.0,1.0,0.8282076184309917
fulltrack,-1,8,2,test,0.5,1.0,0.8282076184309917
fulltrack,-1,8,2,test,0.6,0.9155066364519262,0.8603253182461104
fulltrack,-1,8,2,test,0.7,0.7280673357073486,0.905291240551356
fulltrack,-1,8,2,test,0.8,0.5623179022337326,0.9549030896181157
fulltrack,-1,8,2,test,0.85,0.5623179022337326,0.9549030896181157
fulltrack,-1,8,2,test,0.9,0.5623179022337326,0.9549030896181157
fulltrack,-1,8,2,test,0.95,0.2695586489694615,0.9867894315452362
fulltrack,-1,8,2,run_test,0.0,1.0,0.8323343038191471
fulltrack,-1,8,2,run_test,0.5,1.0,0.8323343038191471
fulltrack,-1,8,2,run_test,0.6,0.9236170577153622,0.8512887075839051
fulltrack,-1,8,2,run_test,0.7,0.7105668778900497,0.8978067004097373
fulltrack,-1,8,2,run_test,0.8,0.5403322486727179,0.9515055467511886
fulltrack,-1,8,2,run_test,0.85,0.5403322486727179,0.9515055467511886
fulltrack,-1,8,2,run_test,0.9,0.5403322486727179,0.9515055467511886
fulltrack,-1,8,2,run_test,0.95,0.2753896215105326,0.986318407960199
fulltrack,-1,15,0,test,0.0,1.0,0.8655444048775224
fulltrack,-1,15,0,test,0.5,1.0,0.8655444048775224
fulltrack,-1,15,0,test,0.6,1.0,0.8655444048775224
fulltrack,-1,15,0,test,0.7,0.8383511384482573,0.902947612305316
fulltrack,-1,15,0,test,0.8,0.7536419553253481,0.9246849942726232
fulltrack,-1,15,0,test,0.85,0.6537174921765404,0.9493232089798612
fulltrack,-1,15,0,test,0.9,0.6537174921765404,0.9493232089798612
fulltrack,-1,15,0,test,0.95,0.2631919715118161,0.993029930299303
fulltrack,-1,15,0,run_test,0.0,1.0,0.8605925672204144
fulltrack,-1,15,0,run_test,0.5,1.0,0.8605925672204144
fulltrack,-1,15,0,run_test,0.6,1.0,0.8605925672204144
fulltrack,-1,15,0,run_test,0.7,0.8297653707826682,0.8959752321981425
fulltrack,-1,15,0,run_test,0.8,0.7496146600445281,0.9166095499200364
fulltrack,-1,15,0,run_test,0.85,0.6550779243021065,0.9424836601307188
fulltrack,-1,15,0,run_test,0.9,0.6550779243021065,0.9424836601307188
fulltrack,-1,15,0,run_test,0.95,0.2664839869840726,0.99293059125964
fulltrack,-1,15,1,test,0.0,1.0,0.8520556814503075
fulltrack,-1,15,1,test,0.5,1.0,0.8520556814503075
fulltrack,-1,15,1,test,0.6,0.8728822704219272,0.8941772777846458
fulltrack,-1,15,1,test,0.7,0.7909787417718787,0.9139154160982264
fulltrack,-1,15,1,test,0.8,0.7452249919067659,0.924123950188242
fulltrack,-1,15,1,test,0.85,0.6007337865544405,0.9576073289024608
fulltrack,-1,15,1,test,0.9,0.5745117082119349,0.9616829451540196
fulltrack,-1,15,1,test,0.95,0.4216035394410273,0.9761965702585104
fulltrack,-1,15,1,run_test,0.0,1.0,0.8470628532282926
fulltrack,-1,15,1,run_test,0.5,1.0,0.8470628532282926
fulltrack,-1,15,1,run_test,0.6,0.8790888850830622,0.8879797389440873
fulltrack,-1,15,1,run_test,0.7,0.785750984757664,0.9080209241499564
fulltrack,-1,15,1,run_test,0.8,0.7350573728378147,0.9186859273066168
fulltrack,-1,15,1,run_test,0.85,0.593766055831478,0.9529852898759734
fulltrack,-1,15,1,run_test,0.9,0.5574584689159102,0.9566820276497696
fulltrack,-1,15,1,run_test,0.95,0.4243877376263059,0.9685230024213076
fulltrack,-1,15,2,test,0.0,1.0,0.8433149886694723
fulltrack,-1,15,2,test,0.5,1.0,0.8433149886694723
fulltrack,-1,15,2,test,0.6,0.9147512679400022,0.8692933820927214
fulltrack,-1,15,2,test,0.7,0.7637854753426135,0.920033907883583
fulltrack,-1,15,2,test,0.8,0.6421711449228446,0.9484120315913293
fulltrack,-1,15,2,test,0.85,0.611308945721377,0.9571050308914386
fulltrack,-1,15,2,test,0.9,0.4966008416963418,0.970664928292047
fulltrack,-1,15,2,test,0.95,0.3099169094636884,0.9888579387186628
fulltrack,-1,15,2,run_test,0.0,1.0,0.8479191642404521
fulltrack,-1,15,2,run_test,0.5,1.0,0.8479191642404521
fulltrack,-1,15,2,run_test,0.6,0.9075184106867614,0.8731836195508587
fulltrack,-1,15,2,run_test,0.7,0.7569789347491008,0.9131221719457012
fulltrack,-1,15,2,run_test,0.8,0.6323000513786607,0.9431202600216684
fulltrack,-1,15,2,run_test,0.85,0.5965062510703888,0.9497559575078957
fulltrack,-1,15,2,run_test,0.9,0.4980304846720328,0.9611416781292984
fulltrack,-1,15,2,run_test,0.95,0.3236855625963349,0.9825396825396824
fulltrack,-1,25,0,test,0.0,1.0,0.8746088270206108
fulltrack,-1,25,0,test,0.5,1.0,0.8746088270206108
fulltrack,-1,25,0,test,0.6,0.9765835761303552,0.8840883977900552
fulltrack,-1,25,0,test,0.7,0.8738534585086868,0.9142998271178068
fulltrack,-1,25,0,test,0.8,0.7801877630301068,0.9363762102351314
fulltrack,-1,25,0,test,0.85,0.7236430344232222,0.9451237697584252
fulltrack,-1,25,0,test,0.9,0.6551203194129708,0.9545379673859332
fulltrack,-1,25,0,test,0.95,0.3423977554764217,0.9845572013867004
fulltrack,-1,25,0,run_test,0.0,1.0,0.8626477136495976
fulltrack,-1,25,0,run_test,0.5,1.0,0.8626477136495976
fulltrack,-1,25,0,run_test,0.6,0.9758520294570988,0.872060372060372
fulltrack,-1,25,0,run_test,0.7,0.8730947079979449,0.9034915653197332
fulltrack,-1,25,0,run_test,0.8,0.7828395273163213,0.9280245022970904
fulltrack,-1,25,0,run_test,0.85,0.7150196951532797,0.9365269461077844
fulltrack,-1,25,0,run_test,0.9,0.6461722897756466,0.944076331831434
fulltrack,-1,25,0,run_test,0.95,0.3505737283781469,0.975085490962384
fulltrack,-1,25,1,test,0.0,1.0,0.8677026006258768
fulltrack,-1,25,1,test,0.5,1.0,0.8677026006258768
fulltrack,-1,25,1,test,0.6,0.9646055897269884,0.8769437297236827
fulltrack,-1,25,1,test,0.7,0.8624150210424085,0.9080330330330332
fulltrack,-1,25,1,test,0.8,0.7112334088701845,0.9449248975876194
fulltrack,-1,25,1,test,0.85,0.6809107586058055,0.9519809825673534
fulltrack,-1,25,1,test,0.9,0.6693644113521097,0.953087215863292
fulltrack,-1,25,1,test,0.95,0.3823243768209776,0.97883149872989
fulltrack,-1,25,1,run_test,0.0,1.0,0.8641890734714849
fulltrack,-1,25,1,run_test,0.5,1.0,0.8641890734714849
fulltrack,-1,25,1,run_test,0.6,0.9587258092139064,0.8738835298320828
fulltrack,-1,25,1,run_test,0.7,0.852714505908546,0.9011849769029926
fulltrack,-1,25,1,run_test,0.8,0.7110806644973454,0.9383429672447012
fulltrack,-1,25,1,run_test,0.85,0.6800822058571673,0.9433392092671872
fulltrack,-1,25,1,run_test,0.9,0.667580065079637,0.9456131349409954
fulltrack,-1,25,1,run_test,0.95,0.3901352971399212,0.97585601404741
fulltrack,-1,25,2,test,0.0,1.0,0.8769828423438005
fulltrack,-1,25,2,test,0.5,0.9719434552713933,0.8869767958254691
fulltrack,-1,25,2,test,0.6,0.911729793892306,0.9049591667652976
fulltrack,-1,25,2,test,0.7,0.8980252508902558,0.9099975967315548
fulltrack,-1,25,2,test,0.8,0.7609798208697529,0.9384571752694272
fulltrack,-1,25,2,test,0.85,0.7007661594906658,0.951955651370496
fulltrack,-1,25,2,test,0.9,0.6225315636128197,0.9582249956664932
fulltrack,-1,25,2,test,0.95,0.4316391496708751,0.978
fulltrack,-1,25,2,run_test,0.0,1.0,0.8739510190101045
fulltrack,-1,25,2,run_test,0.5,0.9678027059427984,0.8828525924615113
fulltrack,-1,25,2,run_test,0.6,0.9179654050351088,0.8966417910447761
fulltrack,-1,25,2,run_test,0.7,0.9039219044356912,0.9020462296324364
fulltrack,-1,25,2,run_test,0.8,0.7619455386196267,0.9345920431557654
fulltrack,-1,25,2,run_test,0.85,0.6999486213392704,0.944702715928554
fulltrack,-1,25,2,run_test,0.9,0.6064394588114403,0.9500141203049984
fulltrack,-1,25,2,run_test,0.95,0.4343209453673574,0.9696372239747634
fulltrack,-1,37,0,test,0.0,0.9996762706377468,0.8797495682210709
fulltrack,-1,37,0,test,0.5,0.9996762706377468,0.8797495682210709
fulltrack,-1,37,0,test,0.6,0.9334196611632676,0.9039306358381504
fulltrack,-1,37,0,test,0.7,0.9334196611632676,0.9039306358381504
fulltrack,-1,37,0,test,0.8,0.7677781374770691,0.9391426563598032
fulltrack,-1,37,0,test,0.85,0.7350814718895003,0.9464180857310628
fulltrack,-1,37,0,test,0.9,0.6252293082982626,0.9630652399033482
fulltrack,-1,37,0,test,0.95,0.4309916909463688,0.9799699549323986
fulltrack,-1,37,0,run_test,0.0,0.9988011645829764,0.8753429355281207
fulltrack,-1,37,0,run_test,0.5,0.9988011645829764,0.8753429355281207
fulltrack,-1,37,0,run_test,0.6,0.928583661585888,0.8954260420509037
fulltrack,-1,37,0,run_test,0.7,0.928583661585888,0.8954260420509037
fulltrack,-1,37,0,run_test,0.8,0.763486898441514,0.9295648272768058
fulltrack,-1,37,0,run_test,0.85,0.7364274704572701,0.9365116279069768
fulltrack,-1,37,0,run_test,0.9,0.6343551978078438,0.9538336933045356
fulltrack,-1,37,0,run_test,0.95,0.4490494947765028,0.9710144927536232
fulltrack,-1,37,1,test,0.0,1.0,0.8824862415021042
fulltrack,-1,37,1,test,0.5,1.0,0.8824862415021042
fulltrack,-1,37,1,test,0.6,0.9782022229416208,0.8895752895752895
fulltrack,-1,37,1,test,0.7,0.9069817632459264,0.907792980368828
fulltrack,-1,37,1,test,0.8,0.7913024711341319,0.9345424792036
fulltrack,-1,37,1,test,0.85,0.7401532318981332,0.9457646887301356
fulltrack,-1,37,1,test,0.9,0.7049746411999568,0.9502525639063216
fulltrack,-1,37,1,test,0.95,0.3685119240315097,0.9871156661786236
fulltrack,-1,37,1,run_test,0.0,1.0,0.8768624764514472
fulltrack,-1,37,1,run_test,0.5,1.0,0.8768624764514472
fulltrack,-1,37,1,run_test,0.6,0.982017468744648,0.8831531217300314
fulltrack,-1,37,1,run_test,0.7,0.9058057886624422,0.9047078842881452
fulltrack,-1,37,1,run_test,0.8,0.7884911799965748,0.9313640312771504
fulltrack,-1,37,1,run_test,0.85,0.7427641719472512,0.9412035969564216
fulltrack,-1,37,1,run_test,0.9,0.7061140606268197,0.9437302934756244
fulltrack,-1,37,1,run_test,0.95,0.3853399554718273,0.9822222222222222
fulltrack,-1,37,2,test,0.0,0.9998920902125824,0.8847399093459961
fulltrack,-1,37,2,test,0.5,0.9998920902125824,0.8847399093459961
fulltrack,-1,37,2,test,0.6,0.9519801445991152,0.9002493765586035
fulltrack,-1,37,2,test,0.7,0.8328477392899536,0.9309406582016068
fulltrack,-1,37,2,test,0.8,0.790870831984461,0.94051030154182
fulltrack,-1,37,2,test,0.85,0.7600086327829935,0.9463296890529604
fulltrack,-1,37,2,test,0.9,0.6558756879248948,0.9531095755182626
fulltrack,-1,37,2,test,0.95,0.3804899104348764,0.9852524106636416
fulltrack,-1,37,2,run_test,0.0,0.9994862133927044,0.8750856751199452
fulltrack,-1,37,2,run_test,0.5,0.9994862133927044,0.8750856751199452
fulltrack,-1,37,2,run_test,0.6,0.9482788148655592,0.8916380711576666
fulltrack,-1,37,2,run_test,0.7,0.821202260661072,0.9282586027111576
fulltrack,-1,37,2,run_test,0.8,0.7891762288063024,0.935546875
fulltrack,-1,37,2,run_test,0.85,0.7578352457612605,0.9410169491525424
fulltrack,-1,37,2,run_test,0.9,0.6687789004966603,0.9446862996158772
fulltrack,-1,37,2,run_test,0.95,0.399554718273677,0.9785683669095584
fulltrack,-1,50,0,test,0.0,0.9997841804251646,0.8873178629249865
fulltrack,-1,50,0,test,0.5,0.9997841804251646,0.8873178629249865
fulltrack,-1,50,0,test,0.6,0.9640660407898995,0.8989254533243788
fulltrack,-1,50,0,test,0.7,0.8630624797669149,0.9242310577644413
fulltrack,-1,50,0,test,0.8,0.8264810618323082,0.9318448883666276
fulltrack,-1,50,0,test,0.85,0.7825617783532967,0.9375344732487588
fulltrack,-1,50,0,test,0.9,0.6913780079853242,0.95380053066958
fulltrack,-1,50,0,test,0.95,0.4595877846120643,0.973702747123738
fulltrack,-1,50,0,run_test,0.0,0.9994862133927044,0.8839958875942426
fulltrack,-1,50,0,run_test,0.5,0.9994862133927044,0.8839958875942426
fulltrack,-1,50,0,run_test,0.6,0.9582120226066108,0.8972296693476318
fulltrack,-1,50,0,run_test,0.7,0.8648741222812125,0.9231683168316832
fulltrack,-1,50,0,run_test,0.8,0.8213735228635041,0.9303586321934946
fulltrack,-1,50,0,run_test,0.85,0.7744476793971571,0.9347633790358248
fulltrack,-1,50,0,run_test,0.9,0.6913855112176742,0.9507059697795393
fulltrack,-1,50,0,run_test,0.95,0.4680595992464463,0.9703622392974752
fulltrack,-1,50,1,test,0.0,1.0,0.8858314449120536
fulltrack,-1,50,1,test,0.5,1.0,0.8858314449120536
fulltrack,-1,50,1,test,0.6,0.9706485378223804,0.8979433018343524
fulltrack,-1,50,1,test,0.7,0.9122693428293946,0.9123491838183108
fulltrack,-1,50,1,test,0.8,0.8013380813639797,0.9402100727174793
fulltrack,-1,50,1,test,0.85,0.7443617136074242,0.9496955639315744
fulltrack,-1,50,1,test,0.9,0.7037876335383619,0.9524685679239496
fulltrack,-1,50,1,test,0.95,0.4918528110499622,0.9760860026327336
fulltrack,-1,50,1,run_test,0.0,1.0,0.8784038362733345
fulltrack,-1,50,1,run_test,0.5,1.0,0.8784038362733345
fulltrack,-1,50,1,run_test,0.6,0.96437746189416,0.8914935180252176
fulltrack,-1,50,1,run_test,0.7,0.9076896728891932,0.9045283018867925
fulltrack,-1,50,1,run_test,0.8,0.8061311868470629,0.9315912470788188
fulltrack,-1,50,1,run_test,0.85,0.743277958554547,0.943778801843318
fulltrack,-1,50,1,run_test,0.9,0.7023462921733173,0.9451353328456474
fulltrack,-1,50,1,run_test,0.95,0.5059085459839013,0.9678402166553826
fulltrack,-1,50,2,test,0.0,1.0,0.8794647674544082
fulltrack,-1,50,2,test,0.5,1.0,0.8794647674544082
fulltrack,-1,50,2,test,0.6,0.9214416747599008,0.9050240074950228
fulltrack,-1,50,2,test,0.7,0.8409409733462825,0.9282689593224688
fulltrack,-1,50,2,test,0.8,0.8080284881838783,0.9376335470085472
fulltrack,-1,50,2,test,0.85,0.7816985000539549,0.9416068470458312
fulltrack,-1,50,2,test,0.9,0.7565555195856264,0.9455141919840252
fulltrack,-1,50,2,test,0.95,0.4373583684040142,0.9785344189489268
fulltrack,-1,50,2,run_test,0.0,0.999828737797568,0.8698184309695101
fulltrack,-1,50,2,run_test,0.5,0.999828737797568,0.8698184309695101
fulltrack,-1,50,2,run_test,0.6,0.919678027059428,0.9007448789571696
fulltrack,-1,50,2,run_test,0.7,0.8451789690015413,0.926646403242148
fulltrack,-1,50,2,run_test,0.8,0.814694296968659,0.9348328778642
fulltrack,-1,50,2,run_test,0.85,0.7876348689844151,0.9380300065231572
fulltrack,-1,50,2,run_test,0.9,0.7597191299880116,0.9425157799819658
fulltrack,-1,50,2,run_test,0.95,0.4654906662099675,0.9690949227373068
active_mask_ae,0,3,0,test,0.0,1.0,0.6587892521851731
active_mask_ae,0,3,0,test,0.5,1.0,0.6587892521851731
active_mask_ae,0,3,0,test,0.6,0.2575806625660947,0.9501466275659824
active_mask_ae,0,3,0,test,0.7,0.2575806625660947,0.9501466275659824
active_mask_ae,0,3,0,test,0.8,0.2575806625660947,0.9501466275659824
active_mask_ae,0,3,0,test,0.85,0.2575806625660947,0.9501466275659824
active_mask_ae,0,3,0,test,0.9,0.2575806625660947,0.9501466275659824
active_mask_ae,0,3,0,test,0.95,0.0,
active_mask_ae,0,3,0,run_test,0.0,1.0,0.6465148141805104
active_mask_ae,0,3,0,run_test,0.5,1.0,0.6465148141805104
active_mask_ae,0,3,0,run_test,0.6,0.258777187874636,0.9510258107213766
active_mask_ae,0,3,0,run_test,0.7,0.258777187874636,0.9510258107213766
active_mask_ae,0,3,0,run_test,0.8,0.258777187874636,0.9510258107213766
active_mask_ae,0,3,0,run_test,0.85,0.258777187874636,0.9510258107213766
active_mask_ae,0,3,0,run_test,0.9,0.258777187874636,0.9510258107213766
active_mask_ae,0,3,0,run_test,0.95,0.0,
active_mask_ae,0,3,1,test,0.0,1.0,0.6567389662242366
active_mask_ae,0,3,1,test,0.5,1.0,0.6567389662242366
active_mask_ae,0,3,1,test,0.6,0.257472752778677,0.950544844928751
active_mask_ae,0,3,1,test,0.7,0.257472752778677,0.950544844928751
active_mask_ae,0,3,1,test,0.8,0.257472752778677,0.950544844928751
active_mask_ae,0,3,1,test,0.85,0.257472752778677,0.950544844928751
active_mask_ae,0,3,1,test,0.9,0.257472752778677,0.950544844928751
active_mask_ae,0,3,1,test,0.95,0.0,
active_mask_ae,0,3,1,run_test,0.0,1.0,0.6449734543586231
active_mask_ae,0,3,1,run_test,0.5,1.0,0.6449734543586231
active_mask_ae,0,3,1,run_test,0.6,0.2584346634697722,0.950960901259112
active_mask_ae,0,3,1,run_test,0.7,0.2584346634697722,0.950960901259112
active_mask_ae,0,3,1,run_test,0.8,0.2584346634697722,0.950960901259112
active_mask_ae,0,3,1,run_test,0.85,0.2584346634697722,0.950960901259112
active_mask_ae,0,3,1,run_test,0.9,0.2584346634697722,0.950960901259112
active_mask_ae,0,3,1,run_test,0.95,0.0,
active_mask_ae,0,3,2,test,0.0,1.0,0.6567389662242366
active_mask_ae,0,3,2,test,0.5,1.0,0.6567389662242366
active_mask_ae,0,3,2,test,0.6,0.257472752778677,0.950544844928751
active_mask_ae,0,3,2,test,0.7,0.257472752778677,0.950544844928751
active_mask_ae,0,3,2,test,0.8,0.257472752778677,0.950544844928751
active_mask_ae,0,3,2,test,0.85,0.257472752778677,0.950544844928751
active_mask_ae,0,3,2,test,0.9,0.257472752778677,0.950544844928751
active_mask_ae,0,3,2,test,0.95,0.0,
active_mask_ae,0,3,2,run_test,0.0,1.0,0.645144716561055
active_mask_ae,0,3,2,run_test,0.5,1.0,0.645144716561055
active_mask_ae,0,3,2,run_test,0.6,0.2586059256722041,0.9509933774834436
active_mask_ae,0,3,2,run_test,0.7,0.2586059256722041,0.9509933774834436
active_mask_ae,0,3,2,run_test,0.8,0.2586059256722041,0.9509933774834436
active_mask_ae,0,3,2,run_test,0.85,0.2586059256722041,0.9509933774834436
active_mask_ae,0,3,2,run_test,0.9,0.2586059256722041,0.9509933774834436
active_mask_ae,0,3,2,run_test,0.95,0.0,
active_mask_ae,0,8,0,test,0.0,1.0,0.7761951008956512
active_mask_ae,0,8,0,test,0.5,1.0,0.7761951008956512
active_mask_ae,0,8,0,test,0.6,0.7213769288874501,0.8577412116679133
active_mask_ae,0,8,0,test,0.7,0.5911298154742635,0.9127418765972984
active_mask_ae,0,8,0,test,0.8,0.5911298154742635,0.9127418765972984
active_mask_ae,0,8,0,test,0.85,0.5911298154742635,0.9127418765972984
active_mask_ae,0,8,0,test,0.9,0.3988345742958886,0.9448051948051948
active_mask_ae,0,8,0,test,0.95,0.1840940973346282,0.9454865181711606
active_mask_ae,0,8,0,run_test,0.0,1.0,0.7672546668950163
active_mask_ae,0,8,0,run_test,0.5,1.0,0.7672546668950163
active_mask_ae,0,8,0,run_test,0.6,0.7205000856311012,0.8526265747563585
active_mask_ae,0,8,0,run_test,0.7,0.5685905120739853,0.908132530120482
active_mask_ae,0,8,0,run_test,0.8,0.5685905120739853,0.908132530120482
active_mask_ae,0,8,0,run_test,0.85,0.5685905120739853,0.908132530120482
active_mask_ae,0,8,0,run_test,0.9,0.3927042301764,0.9376362843436546
active_mask_ae,0,8,0,run_test,0.95,0.176228806302449,0.9212827988338192
active_mask_ae,0,8,1,test,0.0,1.0,0.7761951008956512
active_mask_ae,0,8,1,test,0.5,1.0,0.7761951008956512
active_mask_ae,0,8,1,test,0.6,0.721053199525197,0.8575276863214606
active_mask_ae,0,8,1,test,0.7,0.5896190784504155,0.9136163982430454
active_mask_ae,0,8,1,test,0.8,0.5896190784504155,0.9136163982430454
active_mask_ae,0,8,1,test,0.85,0.5896190784504155,0.9136163982430454
active_mask_ae,0,8,1,test,0.9,0.3979712959965469,0.9452277657266812
active_mask_ae,0,8,1,test,0.95,0.1837703679723751,0.9465648854961832
active_mask_ae,0,8,1,run_test,0.0,1.0,0.7662270936804247
active_mask_ae,0,8,1,run_test,0.5,1.0,0.7662270936804247
active_mask_ae,0,8,1,run_test,0.6,0.7203288234286693,0.8518782691393247
active_mask_ae,0,8,1,run_test,0.7,0.5672204144545299,0.9082125603864736
active_mask_ae,0,8,1,run_test,0.8,0.5672204144545299,0.9082125603864736
active_mask_ae,0,8,1,run_test,0.85,0.5672204144545299,0.9082125603864736
active_mask_ae,0,8,1,run_test,0.9,0.3927042301764,0.9376362843436546
active_mask_ae,0,8,1,run_test,0.95,0.176228806302449,0.9212827988338192
active_mask_ae,0,8,2,test,0.0,1.0,0.7784612064314234
active_mask_ae,0,8,2,test,0.5,1.0,0.7784612064314234
active_mask_ae,0,8,2,test,0.6,0.8203302039494982,0.8316232570376216
active_mask_ae,0,8,2,test,0.7,0.643142333009604,0.8781879194630873
active_mask_ae,0,8,2,test,0.8,0.5378223804899105,0.9151284109149278
active_mask_ae,0,8,2,test,0.85,0.4643358152584439,0.9307459911689518
active_mask_ae,0,8,2,test,0.9,0.3654904499838135,0.9518748154709182
active_mask_ae,0,8,2,test,0.95,0.3654904499838135,0.9518748154709182
active_mask_ae,0,8,2,run_test,0.0,1.0,0.7533824284980305
active_mask_ae,0,8,2,run_test,0.5,1.0,0.7533824284980305
active_mask_ae,0,8,2,run_test,0.6,0.8143517725637952,0.8039957939011567
active_mask_ae,0,8,2,run_test,0.7,0.6473711251926699,0.8693121693121693
active_mask_ae,0,8,2,run_test,0.8,0.5182394245589999,0.907799074686054
active_mask_ae,0,8,2,run_test,0.85,0.4478506593594794,0.9231357552581262
active_mask_ae,0,8,2,run_test,0.9,0.359308100702175,0.94232602478551
active_mask_ae,0,8,2,run_test,0.95,0.359308100702175,0.94232602478551
active_mask_ae,0,15,0,test,0.0,1.0,0.813100248192511
active_mask_ae,0,15,0,test,0.5,1.0,0.813100248192511
active_mask_ae,0,15,0,test,0.6,0.8677026006258768,0.8459146872279567
active_mask_ae,0,15,0,test,0.7,0.757095068522715,0.8802736602052451
active_mask_ae,0,15,0,test,0.8,0.580554656307327,0.9193308550185874
active_mask_ae,0,15,0,test,0.85,0.5201251753534045,0.933402489626556
active_mask_ae,0,15,0,test,0.9,0.4310996007337865,0.9521902377972464
active_mask_ae,0,15,0,test,0.95,0.2388043595554116,0.9719837324898328
active_mask_ae,0,15,0,run_test,0.0,1.0,0.8056174002397671
active_mask_ae,0,15,0,run_test,0.5,1.0,0.8056174002397671
active_mask_ae,0,15,0,run_test,0.6,0.8746360678198322,0.8366947327197963
active_mask_ae,0,15,0,run_test,0.7,0.7516698064737113,0.8694463431305537
active_mask_ae,0,15,0,run_test,0.8,0.5574584689159102,0.9170506912442395
active_mask_ae,0,15,0,run_test,0.85,0.5009419421133756,0.9275213675213676
active_mask_ae,0,15,0,run_test,0.9,0.4214762801849632,0.9496139780577
active_mask_ae,0,15,0,run_test,0.95,0.2339441685220072,0.95900439238653
active_mask_ae,0,15,1,test,0.0,1.0,0.8079205783964606
active_mask_ae,0,15,1,test,0.5,1.0,0.8079205783964606
active_mask_ae,0,15,1,test,0.6,0.9493903097010898,0.8239372584678336
active_mask_ae,0,15,1,test,0.7,0.7931369375202331,0.8718367346938776
active_mask_ae,0,15,1,test,0.8,0.5959857559080609,0.917255114973746
active_mask_ae,0,15,1,test,0.85,0.5400884860256825,0.9294705294705294
active_mask_ae,0,15,1,test,0.9,0.3400237401532319,0.9568390986988258
active_mask_ae,0,15,1,test,0.95,0.2348116974209561,0.9692095588235294
active_mask_ae,0,15,1,run_test,0.0,1.0,0.8020208939886967
active_mask_ae,0,15,1,run_test,0.5,1.0,0.8020208939886967
active_mask_ae,0,15,1,run_test,0.6,0.9534166809385168,0.8218070774205137
active_mask_ae,0,15,1,run_test,0.7,0.790203802020894,0.8645426961421759
active_mask_ae,0,15,1,run_test,0.8,0.5738996403493749,0.9146523425843032
active_mask_ae,0,15,1,run_test,0.85,0.5214934064052064,0.9215106732348112
active_mask_ae,0,15,1,run_test,0.9,0.3373865387908888,0.9583756345177664
active_mask_ae,0,15,1,run_test,0.95,0.2279499914368898,0.9624342599549212
active_mask_ae,0,15,2,test,0.0,1.0,0.8047911945613467
active_mask_ae,0,15,2,test,0.5,0.9155066364519262,0.8296793965110797
active_mask_ae,0,15,2,test,0.6,0.9155066364519262,0.8296793965110797
active_mask_ae,0,15,2,test,0.7,0.6440056113089457,0.9056635388739946
active_mask_ae,0,15,2,test,0.8,0.5738642494874285,0.9151936818352764
active_mask_ae,0,15,2,test,0.85,0.4818172008201143,0.9422172452407614
active_mask_ae,0,15,2,test,0.9,0.4334736160569764,0.9519541946726412
active_mask_ae,0,15,2,test,0.95,0.2445235782885507,0.971756398940865
active_mask_ae,0,15,2,run_test,0.0,1.0,0.7956841924987156
active_mask_ae,0,15,2,run_test,0.5,0.9205343380715876,0.8148837209302325
active_mask_ae,0,15,2,run_test,0.6,0.9205343380715876,0.8148837209302325
active_mask_ae,0,15,2,run_test,0.7,0.6129474225038534,0.8935456831517183
active_mask_ae,0,15,2,run_test,0.8,0.5530056516526802,0.9095695261690926
active_mask_ae,0,15,2,run_test,0.85,0.4704572700804932,0.9341099381143064
active_mask_ae,0,15,2,run_test,0.9,0.4238739510190101,0.9482828282828284
active_mask_ae,0,15,2,run_test,0.95,0.2401096078095564,0.955777460770328
active_mask_ae,0,25,0,test,0.0,1.0,0.8129923384050933
active_mask_ae,0,25,0,test,0.5,0.9796050501780512,0.8216567525886759
active_mask_ae,0,25,0,test,0.6,0.8154742635157008,0.8717745136959111
active_mask_ae,0,25,0,test,0.7,0.7650803927916262,0.8846262341325811
active_mask_ae,0,25,0,test,0.8,0.7077802956728175,0.9021192254916908
active_mask_ae,0,25,0,test,0.85,0.5895111686629977,0.919092073952041
active_mask_ae,0,25,0,test,0.9,0.3890147836408762,0.9603328710124828
active_mask_ae,0,25,0,test,0.95,0.2731196719542462,0.9707625444488344
active_mask_ae,0,25,0,run_test,0.0,1.0,0.8092139064908375
active_mask_ae,0,25,0,run_test,0.5,0.9785922246960096,0.8200910045502275
active_mask_ae,0,25,0,run_test,0.6,0.8117828395273163,0.8660337552742616
active_mask_ae,0,25,0,run_test,0.7,0.7544100017126221,0.8790011350737797
active_mask_ae,0,25,0,run_test,0.8,0.6864189073471485,0.8937125748502994
active_mask_ae,0,25,0,run_test,0.85,0.58057886624422,0.916519174041298
active_mask_ae,0,25,0,run_test,0.9,0.3764343209453674,0.9590536851683348
active_mask_ae,0,25,0,run_test,0.95,0.2625449563281384,0.9680365296803652
active_mask_ae,0,25,1,test,0.0,1.0,0.8059782022229416
active_mask_ae,0,25,1,test,0.5,0.9556490773713175,0.8270099367660343
active_mask_ae,0,25,1,test,0.6,0.9340671198877738,0.8326016635859519
active_mask_ae,0,25,1,test,0.7,0.7982086975288659,0.8768419629579559
active_mask_ae,0,25,1,test,0.8,0.6552282292003885,0.9021739130434784
active_mask_ae,0,25,1,test,0.85,0.5337218085680371,0.9209462191670036
active_mask_ae,0,25,1,test,0.9,0.394841912161433,0.9508062312107132
active_mask_ae,0,25,1,test,0.95,0.1879788496816661,0.9753157290470724
active_mask_ae,0,25,1,run_test,0.0,1.0,0.8009933207741051
active_mask_ae,0,25,1,run_test,0.5,0.9539304675458128,0.8235188509874327
active_mask_ae,0,25,1,run_test,0.6,0.9323514300393904,0.8289860396767083
active_mask_ae,0,25,1,run_test,0.7,0.7903750642233259,0.8704225352112676
active_mask_ae,0,25,1,run_test,0.8,0.6403493748929612,0.8924846215565659
active_mask_ae,0,25,1,run_test,0.85,0.5225209796197979,0.9164208456243854
active_mask_ae,0,25,1,run_test,0.9,0.390477821544785,0.949561403508772
active_mask_ae,0,25,1,run_test,0.95,0.1811954101729748,0.9678638941398866
active_mask_ae,0,25,2,test,0.0,1.0,0.8119132405309162
active_mask_ae,0,25,2,test,0.5,1.0,0.8119132405309162
active_mask_ae,0,25,2,test,0.6,0.850329124851624,0.8648477157360406
active_mask_ae,0,25,2,test,0.7,0.850329124851624,0.8648477157360406
active_mask_ae,0,25,2,test,0.8,0.6828531347793245,0.9015486725663716
active_mask_ae,0,25,2,test,0.85,0.4860256825294054,0.9407193605683836
active_mask_ae,0,25,2,test,0.9,0.4695154850544944,0.9439209377154676
active_mask_ae,0,25,2,test,0.95,0.3114276464875364,0.9625779625779626
active_mask_ae,0,25,2,run_test,0.0,1.0,0.8100702175029971
active_mask_ae,0,25,2,run_test,0.5,1.0,0.8100702175029971
active_mask_ae,0,25,2,run_test,0.6,0.8520294570988183,0.8598994974874372
active_mask_ae,0,25,2,run_test,0.7,0.8520294570988183,0.8598994974874372
active_mask_ae,0,25,2,run_test,0.8,0.6694639493063881,0.8966487592734714
active_mask_ae,0,25,2,run_test,0.85,0.4721698921048124,0.9350743561842584
active_mask_ae,0,25,2,run_test,0.9,0.4521322144202774,0.937121212121212
active_mask_ae,0,25,2,run_test,0.95,0.3084432265798938,0.9616879511382566
active_mask_ae,0,37,0,test,0.0,1.0,0.8191431962879033
active_mask_ae,0,37,0,test,0.5,0.9817632459264056,0.8275445152780831
active_mask_ae,0,37,0,test,0.6,0.8209776626740045,0.8831493165089379
active_mask_ae,0,37,0,test,0.7,0.811589511168663,0.8859194256082967
active_mask_ae,0,37,0,test,0.8,0.7004424301284127,0.9037128331535972
active_mask_ae,0,37,0,test,0.85,0.5606992554224668,0.9218629715165512
active_mask_ae,0,37,0,test,0.9,0.3735836840401424,0.9592720970537262
active_mask_ae,0,37,0,test,0.95,0.2811049962231574,0.9719769673704416
active_mask_ae,0,37,0,run_test,0.0,1.0,0.8208597362562082
active_mask_ae,0,37,0,run_test,0.5,0.9797910601130332,0.8311484006292607
active_mask_ae,0,37,0,run_test,0.6,0.8295941085802363,0.8773740710156895
active_mask_ae,0,37,0,run_test,0.7,0.816920705600274,0.879874213836478
active_mask_ae,0,37,0,run_test,0.8,0.6949820174687447,0.897486446525382
active_mask_ae,0,37,0,run_test,0.85,0.5523206028429526,0.92031007751938
active_mask_ae,0,37,0,run_test,0.9,0.3644459667751327,0.9558270676691728
active_mask_ae,0,37,0,run_test,0.95,0.2695667066278472,0.9644218551461246
active_mask_ae,0,37,1,test,0.0,1.0,0.8211934822488399
active_mask_ae,0,37,1,test,0.5,0.9739937412323296,0.8322623532018613
active_mask_ae,0,37,1,test,0.6,0.901802093449876,0.858442024649994
active_mask_ae,0,37,1,test,0.7,0.7914103809215496,0.8850559040087265
active_mask_ae,0,37,1,test,0.8,0.7500809323405633,0.8919579916558769
active_mask_ae,0,37,1,test,0.85,0.4704866731412539,0.9327981651376148
active_mask_ae,0,37,1,test,0.9,0.356102298478472,0.9609090909090908
active_mask_ae,0,37,1,test,0.95,0.2571490234164238,0.9723038187159044
active_mask_ae,0,37,1,run_test,0.0,1.0,0.816920705600274
active_mask_ae,0,37,1,run_test,0.5,0.9727693098133242,0.8302816901408451
active_mask_ae,0,37,1,run_test,0.6,0.9008391847919164,0.8562737642585552
active_mask_ae,0,37,1,run_test,0.7,0.7876348689844151,0.8771472059143292
active_mask_ae,0,37,1,run_test,0.8,0.7371125192669977,0.8835966542750929
active_mask_ae,0,37,1,run_test,0.85,0.4735399897242678,0.922242314647378
active_mask_ae,0,37,1,run_test,0.9,0.35708169207056,0.9563549160671464
active_mask_ae,0,37,1,run_test,0.95,0.2497002911457441,0.96639231824417
active_mask_ae,0,37,2,test,0.0,1.0,0.8213013920362577
active_mask_ae,0,37,2,test,0.5,0.9848926297615194,0.828640298016873
active_mask_ae,0,37,2,test,0.6,0.8827020610769397,0.8550122249388753
active_mask_ae,0,37,2,test,0.7,0.7971295996546887,0.8799241911466089
active_mask_ae,0,37,2,test,0.8,0.6789683824322866,0.9024157660521296
active_mask_ae,0,37,2,test,0.85,0.5140822272580123,0.9282115869017632
active_mask_ae,0,37,2,test,0.9,0.4004532211071544,0.9571544058205336
active_mask_ae,0,37,2,test,0.95,0.2692349196072083,0.9703406813627254
active_mask_ae,0,37,2,run_test,0.0,1.0,0.8193183764343209
active_mask_ae,0,37,2,run_test,0.5,0.9833875663641034,0.8256704980842912
active_mask_ae,0,37,2,run_test,0.6,0.8857681109779072,0.8482211910286156
active_mask_ae,0,37,2,run_test,0.7,0.794656619284124,0.8702586206896552
active_mask_ae,0,37,2,run_test,0.8,0.667408802877205,0.8914549653579676
active_mask_ae,0,37,2,run_test,0.85,0.4971741736598732,0.9145711333103684
active_mask_ae,0,37,2,run_test,0.9,0.3908203459496489,0.9504820333041192
active_mask_ae,0,37,2,run_test,0.95,0.2651138893646172,0.962532299741602
active_mask_ae,0,50,0,test,0.0,1.0,0.8127765188302579
active_mask_ae,0,50,0,test,0.5,0.9804683284773928,0.8203830068236848
active_mask_ae,0,50,0,test,0.6,0.9053631164346606,0.8504171632896305
active_mask_ae,0,50,0,test,0.7,0.7937843962447394,0.886215334420881
active_mask_ae,0,50,0,test,0.8,0.6860904284018561,0.9092481912551116
active_mask_ae,0,50,0,test,0.85,0.5853026869537067,0.9220132743362832
active_mask_ae,0,50,0,test,0.9,0.4210639905039387,0.95643259866735
active_mask_ae,0,50,0,test,0.95,0.2780835221754613,0.9681800543267364
active_mask_ae,0,50,0,run_test,0.0,0.999828737797568,0.81551901336074
active_mask_ae,0,50,0,run_test,0.5,0.9842438773762632,0.8219940838698452
active_mask_ae,0,50,0,run_test,0.6,0.910601130330536,0.8491630618769983
active_mask_ae,0,50,0,run_test,0.7,0.7919164240452132,0.8806228373702422
active_mask_ae,0,50,0,run_test,0.8,0.6793971570474396,0.9011847743887068
active_mask_ae,0,50,0,run_test,0.85,0.5798938174344922,0.9170112226816304
active_mask_ae,0,50,0,run_test,0.9,0.4112005480390477,0.9533527696793004
active_mask_ae,0,50,0,run_test,0.95,0.2755608837129645,0.9645742697327532
active_mask_ae,0,50,1,test,0.0,1.0,0.8286392575806626
active_mask_ae,0,50,1,test,0.5,0.973885831444912,0.8365650969529086
active_mask_ae,0,50,1,test,0.6,0.9061184849465846,0.8578063594140765
active_mask_ae,0,50,1,test,0.7,0.7911945613467142,0.8850245499181669
active_mask_ae,0,50,1,test,0.8,0.6702276896514514,0.909354371276767
active_mask_ae,0,50,1,test,0.85,0.5887558001510736,0.9268695014662756
active_mask_ae,0,50,1,test,0.9,0.4237617351893816,0.9549274255156608
active_mask_ae,0,50,1,test,0.95,0.2906010575159167,0.9665800222799852
active_mask_ae,0,50,1,run_test,0.0,1.0,0.823599931495119
active_mask_ae,0,50,1,run_test,0.5,0.9720842610035964,0.8319238900634249
active_mask_ae,0,50,1,run_test,0.6,0.8998116115773249,0.852683669585078
active_mask_ae,0,50,1,run_test,0.7,0.7869498201746874,0.875734494015234
active_mask_ae,0,50,1,run_test,0.8,0.6646686076382943,0.9020870909559392
active_mask_ae,0,50,1,run_test,0.85,0.5925672204144545,0.9138728323699422
active_mask_ae,0,50,1,run_test,0.9,0.4305531769138551,0.9431185361972952
active_mask_ae,0,50,1,run_test,0.95,0.2887480733002226,0.9644128113879004
active_mask_ae,0,50,2,test,0.0,1.0,0.8149347145786123
active_mask_ae,0,50,2,test,0.5,0.95931801014352,0.8337457817772779
active_mask_ae,0,50,2,test,0.6,0.864141577641092,0.8655094905094906
active_mask_ae,0,50,2,test,0.7,0.8037120966871695,0.8774167561761547
active_mask_ae,0,50,2,test,0.8,0.6653717492176541,0.908368472267272
active_mask_ae,0,50,2,test,0.85,0.5157008740692781,0.9299016530654948
active_mask_ae,0,50,2,test,0.9,0.4109204704866731,0.9548319327731092
active_mask_ae,0,50,2,test,0.95,0.2277975612388043,0.97063003315964
active_mask_ae,0,50,2,run_test,0.0,1.0,0.8164069189929782
active_mask_ae,0,50,2,run_test,0.5,0.9614660044528172,0.8316708229426434
active_mask_ae,0,50,2,run_test,0.6,0.868299366329851,0.8599605522682445
active_mask_ae,0,50,2,run_test,0.7,0.8152080835759548,0.8737394957983193
active_mask_ae,0,50,2,run_test,0.8,0.6591882171604727,0.8984151727721487
active_mask_ae,0,50,2,run_test,0.85,0.5131015584860421,0.9279038718291056
active_mask_ae,0,50,2,run_test,0.9,0.4045213221442028,0.955969517358171
active_mask_ae,0,50,2,run_test,0.95,0.2193868813152937,0.9633099141295862
ae,2,3,0,test,0.0,1.0,0.7552606021366138
ae,2,3,0,test,0.5,1.0,0.7552606021366138
ae,2,3,0,test,0.6,1.0,0.7552606021366138
ae,2,3,0,test,0.7,0.4522499190676594,0.8506323073252207
ae,2,3,0,test,0.8,0.2772202438761195,0.9412222654729466
ae,2,3,0,test,0.85,0.2772202438761195,0.9412222654729466
ae,2,3,0,test,0.9,0.2772202438761195,0.9412222654729466
ae,2,3,0,test,0.95,0.0,
ae,2,3,0,run_test,0.0,1.0,0.7357424216475423
ae,2,3,0,run_test,0.5,1.0,0.7357424216475423
ae,2,3,0,run_test,0.6,1.0,0.7357424216475423
ae,2,3,0,run_test,0.7,0.4701147456756294,0.8684881602914389
ae,2,3,0,run_test,0.8,0.2764171947251241,0.9491945477075588
ae,2,3,0,run_test,0.85,0.2764171947251241,0.9491945477075588
ae,2,3,0,run_test,0.9,0.2764171947251241,0.9491945477075588
ae,2,3,0,run_test,0.95,0.0,
ae,2,3,1,test,0.0,1.0,0.7569871587352973
ae,2,3,1,test,0.5,1.0,0.7569871587352973
ae,2,3,1,test,0.6,1.0,0.7569871587352973
ae,2,3,1,test,0.7,0.4480414373583684,0.8562138728323699
ae,2,3,1,test,0.8,0.2793784396244739,0.940131324835844
ae,2,3,1,test,0.85,0.2793784396244739,0.940131324835844
ae,2,3,1,test,0.9,0.2793784396244739,0.940131324835844
ae,2,3,1,test,0.95,0.0,
ae,2,3,1,run_test,0.0,1.0,0.7369412570645658
ae,2,3,1,run_test,0.5,1.0,0.7369412570645658
ae,2,3,1,run_test,0.6,1.0,0.7369412570645658
ae,2,3,1,run_test,0.7,0.4649768796026717,0.8740331491712707
ae,2,3,1,run_test,0.8,0.2783010789518753,0.9476923076923076
ae,2,3,1,run_test,0.85,0.2783010789518753,0.9476923076923076
ae,2,3,1,run_test,0.9,0.2783010789518753,0.9476923076923076
ae,2,3,1,run_test,0.95,0.0,
ae,2,3,2,test,0.0,1.0,0.7569871587352973
ae,2,3,2,test,0.5,1.0,0.7569871587352973
ae,2,3,2,test,0.6,1.0,0.7569871587352973
ae,2,3,2,test,0.7,0.4480414373583684,0.8562138728323699
ae,2,3,2,test,0.8,0.2792705298370562,0.9401081916537868
ae,2,3,2,test,0.85,0.2792705298370562,0.9401081916537868
ae,2,3,2,test,0.9,0.2792705298370562,0.9401081916537868
ae,2,3,2,test,0.95,0.0,
ae,2,3,2,run_test,0.0,1.0,0.7369412570645658
ae,2,3,2,run_test,0.5,1.0,0.7369412570645658
ae,2,3,2,run_test,0.6,1.0,0.7369412570645658
ae,2,3,2,run_test,0.7,0.4649768796026717,0.8740331491712707
ae,2,3,2,run_test,0.8,0.2783010789518753,0.9476923076923076
ae,2,3,2,run_test,0.85,0.2783010789518753,0.9476923076923076
ae,2,3,2,run_test,0.9,0.2783010789518753,0.9476923076923076
ae,2,3,2,run_test,0.95,0.0,
ae,2,8,0,test,0.0,1.0,0.783964605589727
ae,2,8,0,test,0.5,1.0,0.783964605589727
ae,2,8,0,test,0.6,0.8047911945613467,0.8486189326897291
ae,2,8,0,test,0.7,0.6653717492176541,0.898799870256244
ae,2,8,0,test,0.8,0.5651235567065933,0.9182738208898223
ae,2,8,0,test,0.85,0.5651235567065933,0.9182738208898223
ae,2,8,0,test,0.9,0.4659544620697097,0.9397869383974062
ae,2,8,0,test,0.95,0.2415021042408546,0.9629133154602324
ae,2,8,0,run_test,0.0,1.0,0.7908888508306217
ae,2,8,0,run_test,0.5,1.0,0.7908888508306217
ae,2,8,0,run_test,0.6,0.8090426442884056,0.8530906011854361
ae,2,8,0,run_test,0.7,0.6634697722212708,0.8918430562725864
ae,2,8,0,run_test,0.8,0.5415310840897414,0.9123972169512966
ae,2,8,0,run_test,0.85,0.5415310840897414,0.9123972169512966
ae,2,8,0,run_test,0.9,0.4516184278129816,0.9340159271899886
ae,2,8,0,run_test,0.95,0.2438773762630587,0.9676966292134832
ae,2,8,1,test,0.0,1.0,0.7831013272903853
ae,2,8,1,test,0.5,1.0,0.7831013272903853
ae,2,8,1,test,0.6,0.7978849681666127,0.8450094671355153
ae,2,8,1,test,0.7,0.6494011006798317,0.9011299435028248
ae,2,8,1,test,0.8,0.6494011006798317,0.9011299435028248
ae,2,8,1,test,0.85,0.5567065932880112,0.9182012017832912
ae,2,8,1,test,0.9,0.3471457861228013,0.9546161019583462
ae,2,8,1,test,0.95,0.3471457861228013,0.9546161019583462
ae,2,8,1,run_test,0.0,1.0,0.7883199177941428
ae,2,8,1,run_test,0.5,1.0,0.7883199177941428
ae,2,8,1,run_test,0.6,0.805788662442199,0.8488841657810839
ae,2,8,1,run_test,0.7,0.6497687960267169,0.8908803373748023
ae,2,8,1,run_test,0.8,0.6497687960267169,0.8908803373748023
ae,2,8,1,run_test,0.85,0.5370782668265114,0.909438775510204
ae,2,8,1,run_test,0.9,0.3411543072443911,0.9548192771084336
ae,2,8,1,run_test,0.95,0.3411543072443911,0.9548192771084336
ae,2,8,2,test,0.0,1.0,0.7822380489910434
ae,2,8,2,test,0.5,1.0,0.7822380489910434
ae,2,8,2,test,0.6,0.8067335707348656,0.8468432316746923
ae,2,8,2,test,0.7,0.6660192079421604,0.898250162022035
ae,2,8,2,test,0.8,0.5657710154310996,0.9176044249475492
ae,2,8,2,test,0.85,0.5657710154310996,0.9176044249475492
ae,2,8,2,test,0.9,0.349196072083738,0.9517923362175524
ae,2,8,2,test,0.95,0.2420416531779432,0.9625501560410163
ae,2,8,2,run_test,0.0,1.0,0.7908888508306217
ae,2,8,2,run_test,0.5,1.0,0.7908888508306217
ae,2,8,2,run_test,0.6,0.8114403151224525,0.8524693963697763
ae,2,8,2,run_test,0.7,0.6643260832334303,0.8917246713070379
ae,2,8,2,run_test,0.8,0.5422161328994691,0.912507896399242
ae,2,8,2,run_test,0.85,0.5422161328994691,0.912507896399242
ae,2,8,2,run_test,0.9,0.3425244048638465,0.956
ae,2,8,2,run_test,0.95,0.2442199006679226,0.9670406732117812
ae,2,15,0,test,0.0,1.0,0.788173087299018
ae,2,15,0,test,0.5,0.9057947555843316,0.8276149630688587
ae,2,15,0,test,0.6,0.7786770260062588,0.8734756097560976
ae,2,15,0,test,0.7,0.6939678428833496,0.9023480018659618
ae,2,15,0,test,0.8,0.6939678428833496,0.9023480018659618
ae,2,15,0,test,0.85,0.561778353296644,0.919131771033423
ae,2,15,0,test,0.9,0.4353080824430775,0.9499256321269212
ae,2,15,0,test,0.95,0.298910111147081,0.9685920577617328
ae,2,15,0,run_test,0.0,1.0,0.7926014728549409
ae,2,15,0,run_test,0.5,0.9011817091967804,0.8331432915241354
ae,2,15,0,run_test,0.6,0.7698235999314951,0.8698553948832035
ae,2,15,0,run_test,0.7,0.6871039561568761,0.888085742771685
ae,2,15,0,run_test,0.8,0.6871039561568761,0.888085742771685
ae,2,15,0,run_test,0.85,0.5480390477821545,0.90375
ae,2,15,0,run_test,0.9,0.4219900667922589,0.9338474025974026
ae,2,15,0,run_test,0.95,0.2995375920534338,0.9611206403659234
ae,2,15,1,test,0.0,1.0,0.7966979605050178
ae,2,15,1,test,0.5,0.9503614977878494,0.8183263313273532
ae,2,15,1,test,0.6,0.8559404337973454,0.8543872919818457
ae,2,15,1,test,0.7,0.7564476097982087,0.8831669044222539
ae,2,15,1,test,0.8,0.6429265134347686,0.9100369251426652
ae,2,15,1,test,0.85,0.5202330851408222,0.931134619373574
ae,2,15,1,test,0.9,0.3786554440487752,0.9589626674266172
ae,2,15,1,test,0.95,0.3105643681881946,0.9638637943015984
ae,2,15,1,run_test,0.0,1.0,0.7920876862476451
ae,2,15,1,run_test,0.5,0.953074156533653,0.8168912848158131
ae,2,15,1,run_test,0.6,0.8542558657304333,0.8526463512429832
ae,2,15,1,run_test,0.7,0.759034081178284,0.8704873646209387
ae,2,15,1,run_test,0.8,0.6292173317348861,0.8913990201415352
ae,2,15,1,run_test,0.85,0.5014557287206713,0.9146174863387978
ae,2,15,1,run_test,0.9,0.3707826682651139,0.9551963048498844
ae,2,15,1,run_test,0.95,0.3106696352115088,0.960308710033076
ae,2,15,2,test,0.0,1.0,0.783209237077803
ae,2,15,2,test,0.5,0.9346066688248624,0.8091444405957742
ae,2,15,2,test,0.6,0.7123125067443618,0.8936524768974398
ae,2,15,2,test,0.7,0.7123125067443618,0.8936524768974398
ae,2,15,2,test,0.8,0.6551203194129708,0.9131938725086476
ae,2,15,2,test,0.85,0.5880004316391497,0.9190677188474948
ae,2,15,2,test,0.9,0.4599115139743174,0.9462693571093383
ae,2,15,2,test,0.95,0.325779648214093,0.9605829744948658
ae,2,15,2,run_test,0.0,1.0,0.7866072957698236
ae,2,15,2,run_test,0.5,0.9448535708169208,0.811310494834149
ae,2,15,2,run_test,0.6,0.707655420448707,0.883107454017425
ae,2,15,2,run_test,0.7,0.707655420448707,0.883107454017425
ae,2,15,2,run_test,0.8,0.6448021921561912,0.90199203187251
ae,2,15,2,run_test,0.85,0.5639664326083234,0.90616459155785
ae,2,15,2,run_test,0.9,0.444254153108409,0.9394757131842714
ae,2,15,2,run_test,0.95,0.3274533310498373,0.9597280334728032
ae,2,25,0,test,0.0,1.0,0.8173087299018021
ae,2,25,0,test,0.5,0.973885831444912,0.8259279778393351
ae,2,25,0,test,0.6,0.9005071760008633,0.8515278609946075
ae,2,25,0,test,0.7,0.7396136829610446,0.8937846512985118
ae,2,25,0,test,0.8,0.7113413186576022,0.9004854368932039
ae,2,25,0,test,0.85,0.4973562102082658,0.9375135604252548
ae,2,25,0,test,0.9,0.3434768533505989,0.9604147031102732
ae,2,25,0,test,0.95,0.2825078234595878,0.9732620320855616
ae,2,25,0,run_test,0.0,1.0,0.8217160472683679
ae,2,25,0,run_test,0.5,0.9739681452303476,0.8341832248988922
ae,2,25,0,run_test,0.6,0.8922760746703202,0.8562380038387716
ae,2,25,0,run_test,0.7,0.734543586230519,0.8827232455117743
ae,2,25,0,run_test,0.8,0.7040589141976366,0.8871320846509365
ae,2,25,0,run_test,0.85,0.4889535879431409,0.9257443082311734
ae,2,25,0,run_test,0.9,0.3418393560541188,0.9554108216432866
ae,2,25,0,run_test,0.95,0.2851515670491522,0.9645645645645644
ae,2,25,1,test,0.0,1.0,0.8114816013812453
ae,2,25,1,test,0.5,0.9766914859177728,0.8200198873052701
ae,2,25,1,test,0.6,0.870292435523902,0.8562926224426535
ae,2,25,1,test,0.7,0.7711233408870185,0.8860901203470473
ae,2,25,1,test,0.8,0.5954462069709723,0.922798115259152
ae,2,25,1,test,0.85,0.5380382000647459,0.9370236662655436
ae,2,25,1,test,0.9,0.3970001079097874,0.961402555042131
ae,2,25,1,test,0.95,0.3903097010898888,0.962123306607686
ae,2,25,1,run_test,0.0,1.0,0.8090426442884056
ae,2,25,1,run_test,0.5,0.97773591368385,0.8194079523559292
ae,2,25,1,run_test,0.6,0.8732659702003768,0.8525201019807805
ae,2,25,1,run_test,0.7,0.7723925329679739,0.8793791574279379
ae,2,25,1,run_test,0.8,0.5891419763658161,0.905813953488372
ae,2,25,1,run_test,0.85,0.5386196266483987,0.9201907790143083
ae,2,25,1,run_test,0.9,0.3959582120226066,0.953287197231834
ae,2,25,1,run_test,0.95,0.3867100530912827,0.9530558015943312
ae,2,25,2,test,0.0,1.0,0.8141793460666883
ae,2,25,2,test,0.5,1.0,0.8141793460666883
ae,2,25,2,test,0.6,0.8592856372072947,0.8646238854703001
ae,2,25,2,test,0.7,0.7595769936333225,0.8840744423923853
ae,2,25,2,test,0.8,0.6615949066580339,0.9083346925460772
ae,2,25,2,test,0.85,0.4811697420956081,0.9405696344471854
ae,2,25,2,test,0.9,0.391388798964066,0.955334987593052
ae,2,25,2,test,0.95,0.3081903528650048,0.9628851540616248
ae,2,25,2,run_test,0.0,1.0,0.8193183764343209
ae,2,25,2,run_test,0.5,1.0,0.8193183764343209
ae,2,25,2,run_test,0.6,0.8583661585887995,0.8689146049481244
ae,2,25,2,run_test,0.7,0.7598903921904435,0.8875366238449403
ae,2,25,2,run_test,0.8,0.6643260832334303,0.8981696313482856
ae,2,25,2,run_test,0.85,0.4658331906148313,0.9397058823529412
ae,2,25,2,run_test,0.9,0.3872238396985785,0.953560371517028
ae,2,25,2,run_test,0.95,0.3072443911628703,0.9581939799331104
ae,2,37,0,test,0.0,1.0,0.823459587784612
ae,2,37,0,test,0.5,1.0,0.823459587784612
ae,2,37,0,test,0.6,0.9039602891982302,0.8512594007401217
ae,2,37,0,test,0.7,0.794323945181828,0.8780057057465018
ae,2,37,0,test,0.8,0.6269558648969461,0.9192771084337348
ae,2,37,0,test,0.85,0.6118484946584655,0.9206349206349206
ae,2,37,0,test,0.9,0.4245171037013057,0.9517031011692934
ae,2,37,0,test,0.95,0.2766806949390309,0.96801872074883
ae,2,37,0,run_test,0.0,1.0,0.8271964377461895
ae,2,37,0,run_test,0.5,1.0,0.8271964377461895
ae,2,37,0,run_test,0.6,0.8992978249700291,0.8573605027613788
ae,2,37,0,run_test,0.7,0.7789004966603871,0.8795074758135444
ae,2,37,0,run_test,0.8,0.6220243192327454,0.9116189427312776
ae,2,37,0,run_test,0.85,0.6055831477992807,0.9137443438914028
ae,2,37,0,run_test,0.9,0.4291830792943997,0.9441340782122905
ae,2,37,0,run_test,0.95,0.2791573899640349,0.9582822085889572
ae,2,37,1,test,0.0,1.0,0.8344663861012194
ae,2,37,1,test,0.5,0.9802525089025574,0.8432408630559225
ae,2,37,1,test,0.6,0.9043919283479012,0.867557570695621
ae,2,37,1,test,0.7,0.8269127009819791,0.8850319718126061
ae,2,37,1,test,0.8,0.7572029783101327,0.8953968932592276
ae,2,37,1,test,0.85,0.6236106614869968,0.9098459941166293
ae,2,37,1,test,0.9,0.3329016941836624,0.9685575364667748
ae,2,37,1,test,0.95,0.2447393978633862,0.9748677248677248
ae,2,37,1,run_test,0.0,1.0,0.8299366329851002
ae,2,37,1,run_test,0.5,0.9785922246960096,0.8417920896044803
ae,2,37,1,run_test,0.6,0.8962151053262545,0.8587808140645901
ae,2,37,1,run_test,0.7,0.8155506079808187,0.879672406551869
ae,2,37,1,run_test,0.8,0.7449905805788662,0.8880459770114942
ae,2,37,1,run_test,0.85,0.618256550779243,0.9019390581717452
ae,2,37,1,run_test,0.9,0.3224867271793115,0.9553903345724908
ae,2,37,1,run_test,0.95,0.2339441685220072,0.9677891654465594
ae,2,37,2,test,0.0,1.0,0.8276680694939031
ae,2,37,2,test,0.5,0.9471242041653178,0.8455052979377919
ae,2,37,2,test,0.6,0.8504370346390417,0.8778073848496384
ae,2,37,2,test,0.7,0.7746843638718032,0.8967822816548265
ae,2,37,2,test,0.8,0.694939030970109,0.9149068322981366
ae,2,37,2,test,0.85,0.6385022121506421,0.9268210241676526
ae,2,37,2,test,0.9,0.4032588755800151,0.9545089644099544
ae,2,37,2,test,0.95,0.3109960073378655,0.9673837612768912
ae,2,37,2,run_test,0.0,1.0,0.8282240109607809
ae,2,37,2,run_test,0.5,0.9422846377804418,0.8453289712831697
ae,2,37,2,run_test,0.6,0.8472341154307245,0.8700222356984031
ae,2,37,2,run_test,0.7,0.770166124336359,0.88948187680676
ae,2,37,2,run_test,0.8,0.6992635725295427,0.9079108498652952
ae,2,37,2,run_test,0.85,0.6454872409659188,0.9182807110639428
ae,2,37,2,run_test,0.9,0.4142832676828224,0.9462587846217444
ae,2,37,2,run_test,0.95,0.3137523548552834,0.956877729257642
ae,2,50,0,test,0.0,1.0,0.8314449120535232
ae,2,50,0,test,0.5,0.983166073162836,0.8379980243661508
ae,2,50,0,test,0.6,0.913995899428078,0.8580873671782763
ae,2,50,0,test,0.7,0.7979928779540304,0.8866801893171061
ae,2,50,0,test,0.8,0.7027085356641848,0.8992628992628993
ae,2,50,0,test,0.85,0.5533613898780619,0.9284321372854916
ae,2,50,0,test,0.9,0.4214956296536096,0.955453149001536
ae,2,50,0,test,0.95,0.3285853026869537,0.967487684729064
ae,2,50,0,run_test,0.0,0.999828737797568,0.828879753340185
ae,2,50,0,run_test,0.5,0.9815036821373524,0.8385971034723434
ae,2,50,0,run_test,0.6,0.9075184106867614,0.8552557086242687
ae,2,50,0,run_test,0.7,0.7932865216646686,0.8836355785837651
ae,2,50,0,run_test,0.8,0.6984072615173831,0.9014222658165768
ae,2,50,0,run_test,0.85,0.5538619626648399,0.9230055658627088
ae,2,50,0,run_test,0.9,0.426271621853057,0.944154278826838
ae,2,50,0,run_test,0.95,0.33036478849118,0.95800933125972
ae,2,50,1,test,0.0,0.9996762706377468,0.8256692573402418
ae,2,50,1,test,0.5,0.978094313154203,0.830648720211827
ae,2,50,1,test,0.6,0.8669472321139527,0.8663181478715459
ae,2,50,1,test,0.7,0.8127765188302579,0.8799787573021773
ae,2,50,1,test,0.8,0.6768101866839322,0.9105548469387756
ae,2,50,1,test,0.85,0.5559512247760872,0.9295419254658384
ae,2,50,1,test,0.9,0.4332577964821409,0.9496886674968866
ae,2,50,1,test,0.95,0.3004208481709291,0.9601293103448276
ae,2,50,1,run_test,0.0,0.9994862133927044,0.8257368060315284
ae,2,50,1,run_test,0.5,0.9779071758862818,0.830122591943958
ae,2,50,1,run_test,0.6,0.8669292687103957,0.8638877913868036
ae,2,50,1,run_test,0.7,0.8078438088713821,0.8795844816620734
ae,2,50,1,run_test,0.8,0.680767254666895,0.9036477987421384
ae,2,50,1,run_test,0.85,0.5591710909402295,0.9212863705972436
ae,2,50,1,run_test,0.9,0.4324370611406062,0.9417821782178216
ae,2,50,1,run_test,0.95,0.3065593423531426,0.9597765363128492
ae,2,50,2,test,0.0,1.0,0.8228121290601057
ae,2,50,2,test,0.5,0.9739937412323296,0.8319299800576113
ae,2,50,2,test,0.6,0.8504370346390417,0.8704479127014338
ae,2,50,2,test,0.7,0.7472752778677026,0.9022382671480144
ae,2,50,2,test,0.8,0.6672062156037553,0.9149280284651464
ae,2,50,2,test,0.85,0.5276788604726449,0.9339468302658488
ae,2,50,2,test,0.9,0.4442645947987482,0.9516638328880253
ae,2,50,2,test,0.95,0.311211826912701,0.9667128987517336
ae,2,50,2,run_test,0.0,1.0,0.819147114231889
ae,2,50,2,run_test,0.5,0.9741394074327796,0.8299929676511955
ae,2,50,2,run_test,0.6,0.8576811097790717,0.8654153354632588
ae,2,50,2,run_test,0.7,0.7593766055831478,0.8969327920613441
ae,2,50,2,run_test,0.8,0.6781983216304162,0.9126262626262628
ae,2,50,2,run_test,0.85,0.5319404007535536,0.9311010946555056
ae,2,50,2,run_test,0.9,0.4514471656105497,0.9506828528072838
ae,2,50,2,run_test,0.95,0.3070731289604384,0.9626324595649748
active_mask_ae,1,3,0,test,0.0,1.0,0.6865220675515269
active_mask_ae,1,3,0,test,0.5,1.0,0.6865220675515269
active_mask_ae,1,3,0,test,0.6,0.8214093018236754,0.7239884393063584
active_mask_ae,1,3,0,test,0.7,0.2763569655767778,0.9398672393596252
active_mask_ae,1,3,0,test,0.8,0.2763569655767778,0.9398672393596252
active_mask_ae,1,3,0,test,0.85,0.2763569655767778,0.9398672393596252
active_mask_ae,1,3,0,test,0.9,0.2763569655767778,0.9398672393596252
active_mask_ae,1,3,0,test,0.95,0.0,
active_mask_ae,1,3,0,run_test,0.0,1.0,0.6660387052577497
active_mask_ae,1,3,0,run_test,0.5,1.0,0.6660387052577497
active_mask_ae,1,3,0,run_test,0.6,0.799109436547354,0.6903129018431204
active_mask_ae,1,3,0,run_test,0.7,0.2796711765713307,0.9412124923453766
active_mask_ae,1,3,0,run_test,0.8,0.2796711765713307,0.9412124923453766
active_mask_ae,1,3,0,run_test,0.85,0.2796711765713307,0.9412124923453766
active_mask_ae,1,3,0,run_test,0.9,0.2796711765713307,0.9412124923453766
active_mask_ae,1,3,0,run_test,0.95,0.0,
active_mask_ae,1,3,1,test,0.0,1.0,0.6721700658249703
active_mask_ae,1,3,1,test,0.5,0.7445775331822596,0.7363768115942029
active_mask_ae,1,3,1,test,0.6,0.7445775331822596,0.7363768115942029
active_mask_ae,1,3,1,test,0.7,0.2724722132297399,0.944158415841584
active_mask_ae,1,3,1,test,0.8,0.2724722132297399,0.944158415841584
active_mask_ae,1,3,1,test,0.85,0.2724722132297399,0.944158415841584
active_mask_ae,1,3,1,test,0.9,0.2724722132297399,0.944158415841584
active_mask_ae,1,3,1,test,0.95,0.0,
active_mask_ae,1,3,1,run_test,0.0,1.0,0.6261346120911115
active_mask_ae,1,3,1,run_test,0.5,0.7235828052748758,0.7034319526627218
active_mask_ae,1,3,1,run_test,0.6,0.7235828052748758,0.7034319526627218
active_mask_ae,1,3,1,run_test,0.7,0.2752183593081007,0.942750466708152
active_mask_ae,1,3,1,run_test,0.8,0.2752183593081007,0.942750466708152
active_mask_ae,1,3,1,run_test,0.85,0.2752183593081007,0.942750466708152
active_mask_ae,1,3,1,run_test,0.9,0.2752183593081007,0.942750466708152
active_mask_ae,1,3,1,run_test,0.95,0.0,
active_mask_ae,1,3,2,test,0.0,1.0,0.6721700658249703
active_mask_ae,1,3,2,test,0.5,0.7439300744577533,0.7364374818682913
active_mask_ae,1,3,2,test,0.6,0.7439300744577533,0.7364374818682913
active_mask_ae,1,3,2,test,0.7,0.2724722132297399,0.944158415841584
active_mask_ae,1,3,2,test,0.8,0.2724722132297399,0.944158415841584
active_mask_ae,1,3,2,test,0.85,0.2724722132297399,0.944158415841584
active_mask_ae,1,3,2,test,0.9,0.2724722132297399,0.944158415841584
active_mask_ae,1,3,2,test,0.95,0.0,
active_mask_ae,1,3,2,run_test,0.0,1.0,0.6263058742935435
active_mask_ae,1,3,2,run_test,0.5,0.7230690186675801,0.7036949313121743
active_mask_ae,1,3,2,run_test,0.6,0.7230690186675801,0.7036949313121743
active_mask_ae,1,3,2,run_test,0.7,0.2753896215105326,0.9427860696517412
active_mask_ae,1,3,2,run_test,0.8,0.2753896215105326,0.9427860696517412
active_mask_ae,1,3,2,run_test,0.85,0.2753896215105326,0.9427860696517412
active_mask_ae,1,3,2,run_test,0.9,0.2753896215105326,0.9427860696517412
active_mask_ae,1,3,2,run_test,0.95,0.0,
active_mask_ae,1,8,0,test,0.0,1.0,0.7706917017373476
active_mask_ae,1,8,0,test,0.5,0.9218733139095716,0.7931639939131453
active_mask_ae,1,8,0,test,0.6,0.6078558325240099,0.9124800284040476
active_mask_ae,1,8,0,test,0.7,0.6078558325240099,0.9124800284040476
active_mask_ae,1,8,0,test,0.8,0.5393331175137585,0.9295718287314926
active_mask_ae,1,8,0,test,0.85,0.5393331175137585,0.9295718287314926
active_mask_ae,1,8,0,test,0.9,0.4632567173842667,0.9447938504542278
active_mask_ae,1,8,0,test,0.95,0.345742958886371,0.9578651685393258
active_mask_ae,1,8,0,run_test,0.0,1.0,0.772221270765542
active_mask_ae,1,8,0,run_test,0.5,0.9141976365816064,0.7928062944923192
active_mask_ae,1,8,0,run_test,0.6,0.5817777016612433,0.9010891963497204
active_mask_ae,1,8,0,run_test,0.7,0.5817777016612433,0.9010891963497204
active_mask_ae,1,8,0,run_test,0.8,0.5148141805103613,0.9234863606121092
active_mask_ae,1,8,0,run_test,0.85,0.5148141805103613,0.9234863606121092
active_mask_ae,1,8,0,run_test,0.9,0.444082890905977,0.9398380254531432
active_mask_ae,1,8,0,run_test,0.95,0.341496831649255,0.948345035105316
active_mask_ae,1,8,1,test,0.0,1.0,0.7534261357505125
active_mask_ae,1,8,1,test,0.5,0.7368080284881838,0.8558875219683656
active_mask_ae,1,8,1,test,0.6,0.6868457969137801,0.8730557737627651
active_mask_ae,1,8,1,test,0.7,0.5657710154310996,0.9174136944497424
active_mask_ae,1,8,1,test,0.8,0.5657710154310996,0.9174136944497424
active_mask_ae,1,8,1,test,0.85,0.4373583684040142,0.933629410313348
active_mask_ae,1,8,1,test,0.9,0.3445559512247761,0.9589727528969622
active_mask_ae,1,8,1,test,0.95,0.3445559512247761,0.9589727528969622
active_mask_ae,1,8,1,run_test,0.0,1.0,0.7479020380202089
active_mask_ae,1,8,1,run_test,0.5,0.7288919335502655,0.8435150375939849
active_mask_ae,1,8,1,run_test,0.6,0.6836787121082377,0.8654809619238477
active_mask_ae,1,8,1,run_test,0.7,0.5389621510532625,0.9103908484270734
active_mask_ae,1,8,1,run_test,0.8,0.5389621510532625,0.9103908484270734
active_mask_ae,1,8,1,run_test,0.85,0.4278129816749443,0.9243394715772618
active_mask_ae,1,8,1,run_test,0.9,0.3418393560541188,0.9519038076152304
active_mask_ae,1,8,1,run_test,0.95,0.3418393560541188,0.9519038076152304
active_mask_ae,1,8,2,test,0.0,1.0,0.7537498651127658
active_mask_ae,1,8,2,test,0.5,0.734434013164994,0.8573317660887452
active_mask_ae,1,8,2,test,0.6,0.6850113305276788,0.8744486452425961
active_mask_ae,1,8,2,test,0.7,0.5654472860688464,0.91793893129771
active_mask_ae,1,8,2,test,0.8,0.5654472860688464,0.91793893129771
active_mask_ae,1,8,2,test,0.85,0.4371425488291788,0.9335966428042458
active_mask_ae,1,8,2,test,0.9,0.3443401316499406,0.9589470385459103
active_mask_ae,1,8,2,test,0.95,0.3443401316499406,0.9589470385459103
active_mask_ae,1,8,2,run_test,0.0,1.0,0.7487583490323686
active_mask_ae,1,8,2,run_test,0.5,0.7268367871210824,0.8447219604147032
active_mask_ae,1,8,2,run_test,0.6,0.6821373522863504,0.8664323374340949
active_mask_ae,1,8,2,run_test,0.7,0.5393046754581264,0.9107653223245474
active_mask_ae,1,8,2,run_test,0.8,0.5393046754581264,0.9107653223245474
active_mask_ae,1,8,2,run_test,0.85,0.4278129816749443,0.9251401120896716
active_mask_ae,1,8,2,run_test,0.9,0.3416680938516869,0.9523809523809524
active_mask_ae,1,8,2,run_test,0.95,0.3416680938516869,0.9523809523809524
active_mask_ae,1,15,0,test,0.0,1.0,0.7920578396460559
active_mask_ae,1,15,0,test,0.5,1.0,0.7920578396460559
active_mask_ae,1,15,0,test,0.6,0.732167907629222,0.8832719233603538
active_mask_ae,1,15,0,test,0.7,0.6713067875256286,0.8968011573701977
active_mask_ae,1,15,0,test,0.8,0.5769936333225424,0.9150925752758556
active_mask_ae,1,15,0,test,0.85,0.4548397539656847,0.9489916963226572
active_mask_ae,1,15,0,test,0.9,0.4093018236754073,0.9596625362509886
active_mask_ae,1,15,0,test,0.95,0.3191971511816122,0.9682217714672076
active_mask_ae,1,15,0,run_test,0.0,1.0,0.7931152594622367
active_mask_ae,1,15,0,run_test,0.5,1.0,0.7931152594622367
active_mask_ae,1,15,0,run_test,0.6,0.7222127076554204,0.8681527152003794
active_mask_ae,1,15,0,run_test,0.7,0.6523377290631958,0.8834339721711736
active_mask_ae,1,15,0,run_test,0.8,0.5562596334988867,0.9070197044334976
active_mask_ae,1,15,0,run_test,0.85,0.4415139578694982,0.943366951124903
active_mask_ae,1,15,0,run_test,0.9,0.3997259804761089,0.9584404455869752
active_mask_ae,1,15,0,run_test,0.95,0.3211166295598561,0.9642666666666668
active_mask_ae,1,15,1,test,0.0,1.0,0.7777058379194993
active_mask_ae,1,15,1,test,0.5,0.9640660407898995,0.7941571524513096
active_mask_ae,1,15,1,test,0.6,0.7249379518722349,0.8840428699017565
active_mask_ae,1,15,1,test,0.7,0.6723858853998058,0.897769218424009
active_mask_ae,1,15,1,test,0.8,0.5268155821733032,0.9303564113068414
active_mask_ae,1,15,1,test,0.85,0.4675731088809755,0.9466882067851372
active_mask_ae,1,15,1,test,0.9,0.4085464551634833,0.9606444796619124
active_mask_ae,1,15,1,test,0.95,0.3222186252293083,0.9685197588747488
active_mask_ae,1,15,1,run_test,0.0,1.0,0.7833533139236171
active_mask_ae,1,15,1,run_test,0.5,0.9636924130844324,0.7977607961613649
active_mask_ae,1,15,1,run_test,0.6,0.7203288234286693,0.8716119828815977
active_mask_ae,1,15,1,run_test,0.7,0.6566192841239938,0.8865414710485133
active_mask_ae,1,15,1,run_test,0.8,0.5093337900325399,0.9243443174176194
active_mask_ae,1,15,1,run_test,0.85,0.4540160986470286,0.938890984534138
active_mask_ae,1,15,1,run_test,0.9,0.3988696694639493,0.9587805925289824
active_mask_ae,1,15,1,run_test,0.95,0.3233430381914711,0.9639830508474576
active_mask_ae,1,15,2,test,0.0,1.0,0.7895759145354484
active_mask_ae,1,15,2,test,0.5,0.8657602244523578,0.8350990901159168
active_mask_ae,1,15,2,test,0.6,0.7258012301715766,0.8822479928635147
active_mask_ae,1,15,2,test,0.7,0.6686090428401856,0.8967075532601678
active_mask_ae,1,15,2,test,0.8,0.5726772418258336,0.9206708121349162
active_mask_ae,1,15,2,test,0.85,0.477716628898241,0.942173029139372
active_mask_ae,1,15,2,test,0.9,0.4204165317794324,0.9553388090349076
active_mask_ae,1,15,2,test,0.95,0.3156361281968274,0.9671794871794872
active_mask_ae,1,15,2,run_test,0.0,1.0,0.7845521493406405
active_mask_ae,1,15,2,run_test,0.5,0.8672717931152595,0.8248420221169036
active_mask_ae,1,15,2,run_test,0.6,0.7216989210481247,0.8716184148077836
active_mask_ae,1,15,2,run_test,0.7,0.6506251070388765,0.8894445906817584
active_mask_ae,1,15,2,run_test,0.8,0.5530056516526802,0.9157633942397028
active_mask_ae,1,15,2,run_test,0.85,0.4644630929953759,0.93547197640118
active_mask_ae,1,15,2,run_test,0.9,0.4110292858366158,0.9533333333333334
active_mask_ae,1,15,2,run_test,0.95,0.3115259462236684,0.9664650907091809
active_mask_ae,1,25,0,test,0.0,1.0,0.7861228013380813
active_mask_ae,1,25,0,test,0.5,0.9641739505773174,0.8016787912702854
active_mask_ae,1,25,0,test,0.6,0.8189273767130679,0.8588746870470417
active_mask_ae,1,25,0,test,0.7,0.6546886802632998,0.9052249876380418
active_mask_ae,1,25,0,test,0.8,0.5636128196827452,0.9278192609611334
active_mask_ae,1,25,0,test,0.85,0.4964929319089241,0.94435992175614
active_mask_ae,1,25,0,test,0.9,0.3965684687601165,0.9654421768707484
active_mask_ae,1,25,0,test,0.95,0.2965360958238912,0.972707423580786
active_mask_ae,1,25,0,run_test,0.0,1.0,0.7905463264257578
active_mask_ae,1,25,0,run_test,0.5,0.9655762973111834,0.8045406172401561
active_mask_ae,1,25,0,run_test,0.6,0.8138379859564994,0.8533249158249159
active_mask_ae,1,25,0,run_test,0.7,0.6391505394759377,0.8914790996784566
active_mask_ae,1,25,0,run_test,0.8,0.5454701147456756,0.9142857142857144
active_mask_ae,1,25,0,run_test,0.85,0.4829594108580236,0.9273049645390072
active_mask_ae,1,25,0,run_test,0.9,0.3918479191642404,0.958041958041958
active_mask_ae,1,25,0,run_test,0.95,0.303476622709368,0.9644469525959368
active_mask_ae,1,25,1,test,0.0,1.0,0.8009064422143088
active_mask_ae,1,25,1,test,0.5,0.9242473292327614,0.8354932866316404
active_mask_ae,1,25,1,test,0.6,0.7620589187439301,0.8854432172189182
active_mask_ae,1,25,1,test,0.7,0.7057300097118808,0.9029051987767585
active_mask_ae,1,25,1,test,0.8,0.6149778784935793,0.9206878399719248
active_mask_ae,1,25,1,test,0.85,0.5039387072407467,0.9449678800856532
active_mask_ae,1,25,1,test,0.9,0.4367109096795079,0.9597232517914503
active_mask_ae,1,25,1,test,0.95,0.2979389230603215,0.9713871785584932
active_mask_ae,1,25,1,run_test,0.0,1.0,0.7980818633327624
active_mask_ae,1,25,1,run_test,0.5,0.9275560883712964,0.8245937961595273
active_mask_ae,1,25,1,run_test,0.6,0.7537249529028943,0.8736650761190639
active_mask_ae,1,25,1,run_test,0.7,0.6975509505052235,0.8909894426712497
active_mask_ae,1,25,1,run_test,0.8,0.5985613974995718,0.9104434907010014
active_mask_ae,1,25,1,run_test,0.85,0.4968316492550094,0.938986556359876
active_mask_ae,1,25,1,run_test,0.9,0.4305531769138551,0.9574383452665076
active_mask_ae,1,25,1,run_test,0.95,0.3003939030655934,0.9652223489167616
active_mask_ae,1,25,2,test,0.0,1.0,0.7906550124096255
active_mask_ae,1,25,2,test,0.5,1.0,0.7906550124096255
active_mask_ae,1,25,2,test,0.6,0.8500053954893709,0.8437222292751048
active_mask_ae,1,25,2,test,0.7,0.7062695586489695,0.8947288006111536
active_mask_ae,1,25,2,test,0.8,0.5725693320384159,0.9263098379193366
active_mask_ae,1,25,2,test,0.85,0.5305924247329232,0.9351230425055927
active_mask_ae,1,25,2,test,0.9,0.3812452789468005,0.961505802434192
active_mask_ae,1,25,2,test,0.95,0.3359231682313586,0.9685191133954384
active_mask_ae,1,25,2,run_test,0.0,1.0,0.7979106011303305
active_mask_ae,1,25,2,run_test,0.5,1.0,0.7979106011303305
active_mask_ae,1,25,2,run_test,0.6,0.8453502312039732,0.8460291734197731
active_mask_ae,1,25,2,run_test,0.7,0.6925843466346977,0.8837784371909001
active_mask_ae,1,25,2,run_test,0.8,0.5524918650453845,0.9190948543087416
active_mask_ae,1,25,2,run_test,0.85,0.5124165096763145,0.9251336898395722
active_mask_ae,1,25,2,run_test,0.9,0.3719815036821373,0.9599447513812156
active_mask_ae,1,25,2,run_test,0.95,0.3329337215276588,0.964506172839506
active_mask_ae,1,37,0,test,0.0,1.0,0.8164454516024603
active_mask_ae,1,37,0,test,0.5,0.9542462501348872,0.8343322401899808
active_mask_ae,1,37,0,test,0.6,0.86187547210532,0.8699136096156254
active_mask_ae,1,37,0,test,0.7,0.6921333764972483,0.9094169005300904
active_mask_ae,1,37,0,test,0.8,0.66461638070573,0.9124857931482384
active_mask_ae,1,37,0,test,0.85,0.5994388691054279,0.9258325832583258
active_mask_ae,1,37,0,test,0.9,0.4468544296967734,0.9442163728567978
active_mask_ae,1,37,0,test,0.95,0.2972914643358152,0.9687840290381126
active_mask_ae,1,37,0,run_test,0.0,1.0,0.8261688645315979
active_mask_ae,1,37,0,run_test,0.5,0.955643089570132,0.8431899641577061
active_mask_ae,1,37,0,run_test,0.6,0.8724096591882171,0.866902237926973
active_mask_ae,1,37,0,run_test,0.7,0.6883027915738996,0.9012192087583976
active_mask_ae,1,37,0,run_test,0.8,0.6591882171604727,0.9062094050402704
active_mask_ae,1,37,0,run_test,0.85,0.6038705257749615,0.9169030062393648
active_mask_ae,1,37,0,run_test,0.9,0.4504195923959582,0.9376425855513308
active_mask_ae,1,37,0,run_test,0.95,0.2920020551464292,0.9653958944281524
active_mask_ae,1,37,1,test,0.0,0.9994604510629114,0.8185057223061973
active_mask_ae,1,37,1,test,0.5,0.9808999676270638,0.8275027502750275
active_mask_ae,1,37,1,test,0.6,0.8505449444264594,0.8705912205024106
active_mask_ae,1,37,1,test,0.7,0.7184633646271716,0.9025232802643436
active_mask_ae,1,37,1,test,0.8,0.6605158087838567,0.9132494690410063
active_mask_ae,1,37,1,test,0.85,0.5389014783640876,0.9337204645574688
active_mask_ae,1,37,1,test,0.9,0.4943347361605698,0.9445535909190134
active_mask_ae,1,37,1,test,0.95,0.3351677997194345,0.9671603348358015
active_mask_ae,1,37,1,run_test,0.0,0.9994862133927044,0.8274503084304318
active_mask_ae,1,37,1,run_test,0.5,0.982359993149512,0.8359483960948396
active_mask_ae,1,37,1,run_test,0.6,0.8645315978763487,0.8682646592709984
active_mask_ae,1,37,1,run_test,0.7,0.7228977564651481,0.8952854773750296
active_mask_ae,1,37,1,run_test,0.8,0.6569618085288577,0.9074556830031284
active_mask_ae,1,37,1,run_test,0.85,0.5452988525432437,0.9318467336683416
active_mask_ae,1,37,1,run_test,0.9,0.4980304846720328,0.93707015130674
active_mask_ae,1,37,1,run_test,0.95,0.3344750813495462,0.9600614439324116
active_mask_ae,1,37,2,test,0.0,1.0,0.7986403366785367
active_mask_ae,1,37,2,test,0.5,0.9735621020826588,0.810463311904234
active_mask_ae,1,37,2,test,0.6,0.8018776303010683,0.8698694657515812
active_mask_ae,1,37,2,test,0.7,0.7086435739721593,0.9045226130653268
active_mask_ae,1,37,2,test,0.8,0.6391496708751484,0.9179469863244976
active_mask_ae,1,37,2,test,0.85,0.5526060213661379,0.9361452841241944
active_mask_ae,1,37,2,test,0.9,0.4346606237185713,0.952085402184707
active_mask_ae,1,37,2,test,0.95,0.3497356210208266,0.9564949089787104
active_mask_ae,1,37,2,run_test,0.0,1.0,0.8032197294057202
active_mask_ae,1,37,2,run_test,0.5,0.9715704743963008,0.8159703860391327
active_mask_ae,1,37,2,run_test,0.6,0.7905463264257578,0.8715337954939342
active_mask_ae,1,37,2,run_test,0.7,0.6925843466346977,0.8963897131552918
active_mask_ae,1,37,2,run_test,0.8,0.6297311183421819,0.9132444927930378
active_mask_ae,1,37,2,run_test,0.85,0.5413598218873095,0.9332489718443532
active_mask_ae,1,37,2,run_test,0.9,0.430724439116287,0.953479125248509
active_mask_ae,1,37,2,run_test,0.95,0.3425244048638465,0.955
active_mask_ae,1,50,0,test,0.0,1.0,0.8077047588216251
active_mask_ae,1,50,0,test,0.5,0.8985647998273444,0.8489251831391857
active_mask_ae,1,50,0,test,0.6,0.8726664508470918,0.8590330159515271
active_mask_ae,1,50,0,test,0.7,0.6953706701197798,0.9138733705772812
active_mask_ae,1,50,0,test,0.8,0.6251213985108449,0.9245641291213532
active_mask_ae,1,50,0,test,0.85,0.5346929966547966,0.9404641775983856
active_mask_ae,1,50,0,test,0.9,0.4991906765943671,0.9472546476437528
active_mask_ae,1,50,0,test,0.95,0.3406711988777382,0.9718086791257524
active_mask_ae,1,50,0,run_test,0.0,1.0,0.8073300222640863
active_mask_ae,1,50,0,run_test,0.5,0.9073471484843296,0.8399395998489996
active_mask_ae,1,50,0,run_test,0.6,0.8778900496660387,0.8505657432696059
active_mask_ae,1,50,0,run_test,0.7,0.6956670662784723,0.9081733136386017
active_mask_ae,1,50,0,run_test,0.8,0.6245932522692241,0.9182890046613656
active_mask_ae,1,50,0,run_test,0.85,0.5437574927213564,0.9401574803149606
active_mask_ae,1,50,0,run_test,0.9,0.5033396129474225,0.944198707043212
active_mask_ae,1,50,0,run_test,0.95,0.3481760575441,0.9685194294146582
active_mask_ae,1,50,1,test,0.0,1.0,0.8114816013812453
active_mask_ae,1,50,1,test,0.5,0.9825186144383296,0.8200988467874794
active_mask_ae,1,50,1,test,0.6,0.8069493903097011,0.8837924578764376
active_mask_ae,1,50,1,test,0.7,0.732167907629222,0.90759027266028
active_mask_ae,1,50,1,test,0.8,0.6453005287579583,0.9192307692307692
active_mask_ae,1,50,1,test,0.85,0.5455918851839862,0.9406645569620252
active_mask_ae,1,50,1,test,0.9,0.476961260386317,0.9434389140271492
active_mask_ae,1,50,1,test,0.95,0.3446638610121938,0.965560425798372
active_mask_ae,1,50,1,run_test,0.0,1.0,0.8148655591710909
active_mask_ae,1,50,1,run_test,0.5,0.982017468744648,0.8236832926403906
active_mask_ae,1,50,1,run_test,0.6,0.812467888337044,0.8809021922428331
active_mask_ae,1,50,1,run_test,0.7,0.7333447508134955,0.8995796356842597
active_mask_ae,1,50,1,run_test,0.8,0.6369241308443226,0.9126109169131488
active_mask_ae,1,50,1,run_test,0.85,0.5464976879602672,0.935756816045127
active_mask_ae,1,50,1,run_test,0.9,0.4766227093680424,0.9410707869205892
active_mask_ae,1,50,1,run_test,0.95,0.3481760575441,0.9631087063453024
active_mask_ae,1,50,2,test,0.0,1.0,0.8263731520448905
active_mask_ae,1,50,2,test,0.5,0.9169094636883566,0.8612451453454161
active_mask_ae,1,50,2,test,0.6,0.8857235351246358,0.8689083820662769
active_mask_ae,1,50,2,test,0.7,0.7848278838890688,0.8986663000137495
active_mask_ae,1,50,2,test,0.8,0.6704435092262868,0.9153388057299212
active_mask_ae,1,50,2,test,0.85,0.5691162188410489,0.9343951459992416
active_mask_ae,1,50,2,test,0.9,0.4866731412539117,0.9394678492239468
active_mask_ae,1,50,2,test,0.95,0.3252400992770044,0.9671532846715328
active_mask_ae,1,50,2,run_test,0.0,1.0,0.8311354684021236
active_mask_ae,1,50,2,run_test,0.5,0.919506764856996,0.8608679456137083
active_mask_ae,1,50,2,run_test,0.6,0.8857681109779072,0.8700696055684455
active_mask_ae,1,50,2,run_test,0.7,0.7848946737455044,0.8909011564477417
active_mask_ae,1,50,2,run_test,0.8,0.6653536564480219,0.9093951093951094
active_mask_ae,1,50,2,run_test,0.85,0.5667066278472341,0.9256572982774252
active_mask_ae,1,50,2,run_test,0.9,0.4815893132385682,0.933854907539118
active_mask_ae,1,50,2,run_test,0.95,0.3296797396814523,0.9615584415584416
endpoint,-1,3,0,test,0.0,1.0,0.6820977662674005
endpoint,-1,3,0,test,0.5,0.5453760656091508,0.8636723387415908
endpoint,-1,3,0,test,0.6,0.5453760656091508,0.8636723387415908
endpoint,-1,3,0,test,0.7,0.5453760656091508,0.8636723387415908
endpoint,-1,3,0,test,0.8,0.2827236430344232,0.9488549618320612
endpoint,-1,3,0,test,0.85,0.2827236430344232,0.9488549618320612
endpoint,-1,3,0,test,0.9,0.2827236430344232,0.9488549618320612
endpoint,-1,3,0,test,0.95,0.0,
endpoint,-1,3,0,run_test,0.0,1.0,0.6408631615002569
endpoint,-1,3,0,run_test,0.5,0.5430724439116287,0.8495742667928098
endpoint,-1,3,0,run_test,0.6,0.5430724439116287,0.8495742667928098
endpoint,-1,3,0,run_test,0.7,0.5430724439116287,0.8495742667928098
endpoint,-1,3,0,run_test,0.8,0.2853228292515842,0.9615846338535414
endpoint,-1,3,0,run_test,0.85,0.2853228292515842,0.9615846338535414
endpoint,-1,3,0,run_test,0.9,0.2853228292515842,0.9615846338535414
endpoint,-1,3,0,run_test,0.95,0.0,
endpoint,-1,3,1,test,0.0,1.0,0.6820977662674005
endpoint,-1,3,1,test,0.5,0.5453760656091508,0.8636723387415908
endpoint,-1,3,1,test,0.6,0.5453760656091508,0.8636723387415908
endpoint,-1,3,1,test,0.7,0.5453760656091508,0.8636723387415908
endpoint,-1,3,1,test,0.8,0.2827236430344232,0.9488549618320612
endpoint,-1,3,1,test,0.85,0.2827236430344232,0.9488549618320612
endpoint,-1,3,1,test,0.9,0.2827236430344232,0.9488549618320612
endpoint,-1,3,1,test,0.95,0.0,
endpoint,-1,3,1,run_test,0.0,1.0,0.6408631615002569
endpoint,-1,3,1,run_test,0.5,0.5430724439116287,0.8495742667928098
endpoint,-1,3,1,run_test,0.6,0.5430724439116287,0.8495742667928098
endpoint,-1,3,1,run_test,0.7,0.5430724439116287,0.8495742667928098
endpoint,-1,3,1,run_test,0.8,0.2853228292515842,0.9615846338535414
endpoint,-1,3,1,run_test,0.85,0.2853228292515842,0.9615846338535414
endpoint,-1,3,1,run_test,0.9,0.2853228292515842,0.9615846338535414
endpoint,-1,3,1,run_test,0.95,0.0,
endpoint,-1,3,2,test,0.0,1.0,0.6820977662674005
endpoint,-1,3,2,test,0.5,0.5453760656091508,0.8636723387415908
endpoint,-1,3,2,test,0.6,0.5453760656091508,0.8636723387415908
endpoint,-1,3,2,test,0.7,0.5453760656091508,0.8636723387415908
endpoint,-1,3,2,test,0.8,0.2827236430344232,0.9488549618320612
endpoint,-1,3,2,test,0.85,0.2827236430344232,0.9488549618320612
endpoint,-1,3,2,test,0.9,0.2827236430344232,0.9488549618320612
endpoint,-1,3,2,test,0.95,0.0,
endpoint,-1,3,2,run_test,0.0,1.0,0.6408631615002569
endpoint,-1,3,2,run_test,0.5,0.5430724439116287,0.8495742667928098
endpoint,-1,3,2,run_test,0.6,0.5430724439116287,0.8495742667928098
endpoint,-1,3,2,run_test,0.7,0.5430724439116287,0.8495742667928098
endpoint,-1,3,2,run_test,0.8,0.2853228292515842,0.9615846338535414
endpoint,-1,3,2,run_test,0.85,0.2853228292515842,0.9615846338535414
endpoint,-1,3,2,run_test,0.9,0.2853228292515842,0.9615846338535414
endpoint,-1,3,2,run_test,0.95,0.0,
endpoint,-1,8,0,test,0.0,1.0,0.8239991367217007
endpoint,-1,8,0,test,0.5,1.0,0.8239991367217007
endpoint,-1,8,0,test,0.6,0.8245386856587893,0.8941238057845832
endpoint,-1,8,0,test,0.7,0.8245386856587893,0.8941238057845832
endpoint,-1,8,0,test,0.8,0.8245386856587893,0.8941238057845832
endpoint,-1,8,0,test,0.85,0.7538577749001835,0.9035213283710276
endpoint,-1,8,0,test,0.9,0.4387611956404446,0.9542547958681752
endpoint,-1,8,0,test,0.95,0.2711772957807273,0.9641862315957024
endpoint,-1,8,0,run_test,0.0,1.0,0.8295941085802363
endpoint,-1,8,0,run_test,0.5,1.0,0.8295941085802363
endpoint,-1,8,0,run_test,0.6,0.8097276930981332,0.8898054145516074
endpoint,-1,8,0,run_test,0.7,0.8097276930981332,0.8898054145516074
endpoint,-1,8,0,run_test,0.8,0.8097276930981332,0.8898054145516074
endpoint,-1,8,0,run_test,0.85,0.7396814523034766,0.8967353554063441
endpoint,-1,8,0,run_test,0.9,0.4348347319746532,0.9570697124852304
endpoint,-1,8,0,run_test,0.95,0.2586059256722041,0.9576158940397352
endpoint,-1,8,1,test,0.0,1.0,0.8492500269774469
endpoint,-1,8,1,test,0.5,1.0,0.8492500269774469
endpoint,-1,8,1,test,0.6,1.0,0.8492500269774469
endpoint,-1,8,1,test,0.7,0.9093557785691162,0.8704165183339266
endpoint,-1,8,1,test,0.8,0.8001510737023848,0.8904922454484153
endpoint,-1,8,1,test,0.85,0.4223589079529513,0.9489013796627492
endpoint,-1,8,1,test,0.9,0.4223589079529513,0.9489013796627492
endpoint,-1,8,1,test,0.95,0.1686629977338944,0.9910428662827896
endpoint,-1,8,1,run_test,0.0,1.0,0.8429525603699264
endpoint,-1,8,1,run_test,0.5,1.0,0.8429525603699264
endpoint,-1,8,1,run_test,0.6,1.0,0.8429525603699264
endpoint,-1,8,1,run_test,0.7,0.8963863675286864,0.8597630875047765
endpoint,-1,8,1,run_test,0.8,0.7720500085631101,0.8839840283939663
endpoint,-1,8,1,run_test,0.85,0.3981846206542216,0.941505376344086
endpoint,-1,8,1,run_test,0.9,0.3981846206542216,0.941505376344086
endpoint,-1,8,1,run_test,0.95,0.1709196780270594,0.9929859719438878
endpoint,-1,8,2,test,0.0,1.0,0.8333872882270422
endpoint,-1,8,2,test,0.5,1.0,0.8333872882270422
endpoint,-1,8,2,test,0.6,1.0,0.8333872882270422
endpoint,-1,8,2,test,0.7,0.7936764864573217,0.8961250849762067
endpoint,-1,8,2,test,0.8,0.7936764864573217,0.8961250849762067
endpoint,-1,8,2,test,0.85,0.7081040250350706,0.9036879000304784
endpoint,-1,8,2,test,0.9,0.3840509334196612,0.9544815959539196
endpoint,-1,8,2,test,0.95,0.1080176972051365,0.985014985014985
endpoint,-1,8,2,run_test,0.0,1.0,0.8319917794142833
endpoint,-1,8,2,run_test,0.5,1.0,0.8319917794142833
endpoint,-1,8,2,run_test,0.6,1.0,0.8319917794142833
endpoint,-1,8,2,run_test,0.7,0.7729063195752698,0.8907600265898515
endpoint,-1,8,2,run_test,0.8,0.7729063195752698,0.8907600265898515
endpoint,-1,8,2,run_test,0.85,0.6907004624079466,0.90329779320605
endpoint,-1,8,2,run_test,0.9,0.381572187018325,0.9631956912028724
endpoint,-1,8,2,run_test,0.95,0.1036136324713135,0.9884297520661156
endpoint,-1,15,0,test,0.0,1.0,0.8518398618754721
endpoint,-1,15,0,test,0.5,1.0,0.8518398618754721
endpoint,-1,15,0,test,0.6,0.8817308729901802,0.8853261534695875
endpoint,-1,15,0,test,0.7,0.8341426567389663,0.9015523932729624
endpoint,-1,15,0,test,0.8,0.801985540088486,0.9070236813778256
endpoint,-1,15,0,test,0.85,0.7281752454947664,0.9190871369294604
endpoint,-1,15,0,test,0.9,0.4675731088809755,0.951765520424648
endpoint,-1,15,0,test,0.95,0.1867918420200712,0.9826689774696707
endpoint,-1,15,0,run_test,0.0,1.0,0.8486042130501799
endpoint,-1,15,0,run_test,0.5,1.0,0.8486042130501799
endpoint,-1,15,0,run_test,0.6,0.8708682993663298,0.88062930186824
endpoint,-1,15,0,run_test,0.7,0.8225723582805274,0.8944409743910057
endpoint,-1,15,0,run_test,0.8,0.7982531255351943,0.899163269684617
endpoint,-1,15,0,run_test,0.85,0.734543586230519,0.9137328048496152
endpoint,-1,15,0,run_test,0.9,0.4743963007364274,0.9501805054151624
endpoint,-1,15,0,run_test,0.95,0.1846206542216132,0.9897959183673468
endpoint,-1,15,1,test,0.0,1.0,0.8580986295456998
endpoint,-1,15,1,test,0.5,0.95931801014352,0.8732283464566929
endpoint,-1,15,1,test,0.6,0.877198661918636,0.9022019928650512
endpoint,-1,15,1,test,0.7,0.877198661918636,0.9022019928650512
endpoint,-1,15,1,test,0.8,0.7507283910650696,0.9173494322265344
endpoint,-1,15,1,test,0.85,0.7507283910650696,0.9173494322265344
endpoint,-1,15,1,test,0.9,0.4564584007769505,0.9602836879432624
endpoint,-1,15,1,test,0.95,0.4269990288119132,0.9656305281779124
endpoint,-1,15,1,run_test,0.0,1.0,0.8552834389450248
endpoint,-1,15,1,run_test,0.5,0.9541017297482446,0.8689642793035361
endpoint,-1,15,1,run_test,0.6,0.872923445795513,0.8966058465764175
endpoint,-1,15,1,run_test,0.7,0.872923445795513,0.8966058465764175
endpoint,-1,15,1,run_test,0.8,0.7439630073642747,0.9081491712707184
endpoint,-1,15,1,run_test,0.85,0.7439630073642747,0.9081491712707184
endpoint,-1,15,1,run_test,0.9,0.4654906662099675,0.9576894775570272
endpoint,-1,15,1,run_test,0.95,0.4278129816749443,0.9631705364291432
endpoint,-1,15,2,test,0.0,1.0,0.8436387180317255
endpoint,-1,15,2,test,0.5,0.9480953922520772,0.8644434327338948
endpoint,-1,15,2,test,0.6,0.9480953922520772,0.8644434327338948
endpoint,-1,15,2,test,0.7,0.8683500593503831,0.8908910152851994
endpoint,-1,15,2,test,0.8,0.7521312183015,0.9187948350071736
endpoint,-1,15,2,test,0.85,0.7521312183015,0.9187948350071736
endpoint,-1,15,2,test,0.9,0.4773928995359879,0.9547920433996384
endpoint,-1,15,2,test,0.95,0.3068954354159922,0.959212376933896
endpoint,-1,15,2,run_test,0.0,1.0,0.8390135297139921
endpoint,-1,15,2,run_test,0.5,0.9498201746874464,0.8651280201947349
endpoint,-1,15,2,run_test,0.6,0.9498201746874464,0.8651280201947349
endpoint,-1,15,2,run_test,0.7,0.8662442199006679,0.8879003558718861
endpoint,-1,15,2,run_test,0.8,0.7468744648056174,0.911946801192387
endpoint,-1,15,2,run_test,0.85,0.7468744648056174,0.911946801192387
endpoint,-1,15,2,run_test,0.9,0.4880972769309813,0.9526315789473684
endpoint,-1,15,2,run_test,0.95,0.3283096420619969,0.9624413145539906
endpoint,-1,25,0,test,0.0,1.0,0.8638178482788389
endpoint,-1,25,0,test,0.5,1.0,0.8638178482788389
endpoint,-1,25,0,test,0.6,0.9081687709075212,0.8915161596958175
endpoint,-1,25,0,test,0.7,0.9081687709075212,0.8915161596958175
endpoint,-1,25,0,test,0.8,0.6910542786230711,0.929262960649594
endpoint,-1,25,0,test,0.85,0.6689327722024387,0.9314405549282142
endpoint,-1,25,0,test,0.9,0.4833279378439624,0.9667336459031034
endpoint,-1,25,0,test,0.95,0.3932232653501673,0.9695389681668496
endpoint,-1,25,0,run_test,0.0,1.0,0.8604213050179825
endpoint,-1,25,0,run_test,0.5,1.0,0.8604213050179825
endpoint,-1,25,0,run_test,0.6,0.9075184106867614,0.885827514625401
endpoint,-1,25,0,run_test,0.7,0.9075184106867614,0.885827514625401
endpoint,-1,25,0,run_test,0.8,0.6939544442541531,0.9178183613030604
endpoint,-1,25,0,run_test,0.85,0.6689501626990924,0.9193548387096774
endpoint,-1,25,0,run_test,0.9,0.482103099845864,0.9605683836589698
endpoint,-1,25,0,run_test,0.95,0.3981846206542216,0.9634408602150538
endpoint,-1,25,1,test,0.0,1.0,0.8496816661271177
endpoint,-1,25,1,test,0.5,0.9682745224991908,0.859132954418812
endpoint,-1,25,1,test,0.6,0.9319089241394194,0.8762158406669754
endpoint,-1,25,1,test,0.7,0.8763353836192943,0.8916389607191233
endpoint,-1,25,1,test,0.8,0.7572029783101327,0.9153484395040616
endpoint,-1,25,1,test,0.85,0.6263084061724399,0.9353893866299104
endpoint,-1,25,1,test,0.9,0.4714578612280133,0.9551384756237126
endpoint,-1,25,1,test,0.95,0.4162080500701414,0.9670728545501686
endpoint,-1,25,1,run_test,0.0,1.0,0.8535708169207056
endpoint,-1,25,1,run_test,0.5,0.9659188217160471,0.8611702127659574
endpoint,-1,25,1,run_test,0.6,0.9340640520637096,0.8729372937293729
endpoint,-1,25,1,run_test,0.7,0.8713820859736257,0.887185534591195
endpoint,-1,25,1,run_test,0.8,0.7568076725466689,0.9108395564607378
endpoint,-1,25,1,run_test,0.85,0.6239082034594965,0.9305517430688992
endpoint,-1,25,1,run_test,0.9,0.4783353313923617,0.9513068385248836
endpoint,-1,25,1,run_test,0.95,0.419592395958212,0.9648979591836736
endpoint,-1,25,2,test,0.0,1.0,0.8479551095284342
endpoint,-1,25,2,test,0.5,0.970001079097874,0.8578262320614084
endpoint,-1,25,2,test,0.6,0.9305060969029892,0.876377130928911
endpoint,-1,25,2,test,0.7,0.834250566526384,0.8993661880739878
endpoint,-1,25,2,test,0.8,0.7622747383187655,0.9146375990939978
endpoint,-1,25,2,test,0.85,0.6253372180856803,0.9354616048317516
endpoint,-1,25,2,test,0.9,0.5231466494011007,0.9562706270627064
endpoint,-1,25,2,test,0.95,0.432070788820546,0.9632867132867132
endpoint,-1,25,2,run_test,0.0,1.0,0.8518581948963864
endpoint,-1,25,2,run_test,0.5,0.968487754752526,0.8604774535809019
endpoint,-1,25,2,run_test,0.6,0.9296112348004796,0.8756448047162859
endpoint,-1,25,2,run_test,0.7,0.8234286692926871,0.8937188019966722
endpoint,-1,25,2,run_test,0.8,0.745504367186162,0.9062715368711234
endpoint,-1,25,2,run_test,0.85,0.6163726665524919,0.928035565434843
endpoint,-1,25,2,run_test,0.9,0.5185819489638637,0.952443857331572
endpoint,-1,25,2,run_test,0.95,0.439630073642747,0.959096221269965
endpoint,-1,37,0,test,0.0,1.0,0.8554008848602568
endpoint,-1,37,0,test,0.5,0.9773389446422792,0.8652975598984212
endpoint,-1,37,0,test,0.6,0.9275925326427108,0.8842484876686831
endpoint,-1,37,0,test,0.7,0.8634941189165858,0.9028992751812048
endpoint,-1,37,0,test,0.8,0.7740369051472968,0.9241600446117384
endpoint,-1,37,0,test,0.85,0.6172439840293514,0.9475524475524476
endpoint,-1,37,0,test,0.9,0.5149455055573541,0.959555741827326
endpoint,-1,37,0,test,0.95,0.3747706917017373,0.9640080621940684
endpoint,-1,37,0,run_test,0.0,1.0,0.8566535365644802
endpoint,-1,37,0,run_test,0.5,0.9839013529713992,0.865970409051349
endpoint,-1,37,0,run_test,0.6,0.9316663812296626,0.8821691176470589
endpoint,-1,37,0,run_test,0.7,0.8672717931152595,0.9002764612954186
endpoint,-1,37,0,run_test,0.8,0.7626305874293543,0.914888838984954
endpoint,-1,37,0,run_test,0.85,0.61620140435006,0.9416342412451362
endpoint,-1,37,0,run_test,0.9,0.5143003939030656,0.956043956043956
endpoint,-1,37,0,run_test,0.95,0.3892789861277616,0.9586449626044876
endpoint,-1,37,1,test,0.0,1.0,0.8552929750728391
endpoint,-1,37,1,test,0.5,1.0,0.8552929750728391
endpoint,-1,37,1,test,0.6,0.9560807165209884,0.874040632054176
endpoint,-1,37,1,test,0.7,0.8595014567821302,0.906842435655995
endpoint,-1,37,1,test,0.8,0.8107262328693212,0.9117529615333422
endpoint,-1,37,1,test,0.85,0.7663753102406389,0.9170656153196284
endpoint,-1,37,1,test,0.9,0.4740476961260386,0.9581151832460733
endpoint,-1,37,1,test,0.95,0.4161001402827236,0.9636929460580912
endpoint,-1,37,1,run_test,0.0,1.0,0.8537420791231375
endpoint,-1,37,1,run_test,0.5,1.0,0.8537420791231375
endpoint,-1,37,1,run_test,0.6,0.9558143517725638,0.8697366063429492
endpoint,-1,37,1,run_test,0.7,0.8611063538277102,0.8999602227525855
endpoint,-1,37,1,run_test,0.8,0.8092139064908375,0.9037037037037036
endpoint,-1,37,1,run_test,0.85,0.7631443740366501,0.9109066427289048
endpoint,-1,37,1,run_test,0.9,0.4877547525261175,0.9547050561797752
endpoint,-1,37,1,run_test,0.95,0.4163384141120055,0.960510078157137
endpoint,-1,37,2,test,0.0,1.0,0.8600410057192187
endpoint,-1,37,2,test,0.5,0.9591021905686846,0.8762376237623762
endpoint,-1,37,2,test,0.6,0.9533829718355454,0.8771929824561403
endpoint,-1,37,2,test,0.7,0.9096795079313694,0.8916963226571768
endpoint,-1,37,2,test,0.8,0.7211611093126147,0.929373036061649
endpoint,-1,37,2,test,0.85,0.6236106614869968,0.9434158158851011
endpoint,-1,37,2,test,0.9,0.47350814718895,0.9603463992707384
endpoint,-1,37,2,test,0.95,0.3518938167691809,0.965961361545538
endpoint,-1,37,2,run_test,0.0,1.0,0.8624764514471656
endpoint,-1,37,2,run_test,0.5,0.9660900839184792,0.8725403297287715
endpoint,-1,37,2,run_test,0.6,0.9611234800479534,0.8734853884533144
endpoint,-1,37,2,run_test,0.7,0.9164240452132214,0.8850682115492431
endpoint,-1,37,2,run_test,0.8,0.7167323171775989,0.9197132616487456
endpoint,-1,37,2,run_test,0.85,0.6257920876862476,0.9365079365079364
endpoint,-1,37,2,run_test,0.9,0.4639493063880801,0.958656330749354
endpoint,-1,37,2,run_test,0.95,0.3516013015927385,0.9673648319532392
endpoint,-1,50,0,test,0.0,0.9988129923384051,0.8603068280034573
endpoint,-1,50,0,test,0.5,0.9883457429588864,0.8653783164100884
endpoint,-1,50,0,test,0.6,0.9606129275925328,0.8739609076611997
endpoint,-1,50,0,test,0.7,0.8495737563397,0.9075320716372413
endpoint,-1,50,0,test,0.8,0.7196503722887666,0.9323736692157744
endpoint,-1,50,0,test,0.85,0.6483220028056544,0.9420772303595206
endpoint,-1,50,0,test,0.9,0.5106291140606453,0.9583685545224008
endpoint,-1,50,0,test,0.95,0.4119995683608503,0.9683080146673652
endpoint,-1,50,0,run_test,0.0,0.9986299023805446,0.8586863316755273
endpoint,-1,50,0,run_test,0.5,0.9851001883884228,0.8654381084840056
endpoint,-1,50,0,run_test,0.6,0.9630073642747046,0.8726658367419527
endpoint,-1,50,0,run_test,0.7,0.8438088713820859,0.8999391110209052
endpoint,-1,50,0,run_test,0.8,0.7109094022949135,0.9231510479402554
endpoint,-1,50,0,run_test,0.85,0.6454872409659188,0.938179888564606
endpoint,-1,50,0,run_test,0.9,0.5005994177085117,0.9531303455354088
endpoint,-1,50,0,run_test,0.95,0.4135982188730947,0.9660455486542444
endpoint,-1,50,1,test,0.0,0.9996762706377468,0.866580310880829
endpoint,-1,50,1,test,0.5,0.9996762706377468,0.866580310880829
endpoint,-1,50,1,test,0.6,0.921765404122154,0.8894872395223601
endpoint,-1,50,1,test,0.7,0.8817308729901802,0.899400318198507
endpoint,-1,50,1,test,0.8,0.7827775979281321,0.9201819685690652
endpoint,-1,50,1,test,0.85,0.6240423006366678,0.9443195573231886
endpoint,-1,50,1,test,0.9,0.5708427754397324,0.9544423440453688
endpoint,-1,50,1,test,0.95,0.3670011870076616,0.9714789767715378
endpoint,-1,50,1,run_test,0.0,0.9996574755951362,0.8545485694706184
endpoint,-1,50,1,run_test,0.5,0.9996574755951362,0.8545485694706184
endpoint,-1,50,1,run_test,0.6,0.919335502654564,0.8807749627421758
endpoint,-1,50,1,run_test,0.7,0.8797739338927899,0.8911816235156707
endpoint,-1,50,1,run_test,0.8,0.7763315636239082,0.913302448709464
endpoint,-1,50,1,run_test,0.85,0.6305874293543415,0.9372623574144486
endpoint,-1,50,1,run_test,0.9,0.5663641034423703,0.9501058361052314
endpoint,-1,50,1,run_test,0.95,0.3774618941599589,0.9682395644283122
endpoint,-1,50,2,test,0.0,1.0,0.8562641631595985
endpoint,-1,50,2,test,0.5,0.9889932016833928,0.8609929078014185
endpoint,-1,50,2,test,0.6,0.9112981547426352,0.8871521610420368
endpoint,-1,50,2,test,0.7,0.8775223912808892,0.8935071323167733
endpoint,-1,50,2,test,0.8,0.7562317902233733,0.9198059360730594
endpoint,-1,50,2,test,0.85,0.6164886155174274,0.9448625940836688
endpoint,-1,50,2,test,0.9,0.5288658681342397,0.9626606814935728
endpoint,-1,50,2,test,0.95,0.3896622423653825,0.973137635004154
endpoint,-1,50,2,run_test,0.0,1.0,0.850488097276931
endpoint,-1,50,2,run_test,0.5,0.9897242678540846,0.8558574147776432
endpoint,-1,50,2,run_test,0.6,0.9087172461037848,0.8857896720693554
endpoint,-1,50,2,run_test,0.7,0.8768624764514472,0.8896484375
endpoint,-1,50,2,run_test,0.8,0.7617742764171948,0.9093974820143884
endpoint,-1,50,2,run_test,0.85,0.6208254838157219,0.9332413793103448
endpoint,-1,50,2,run_test,0.9,0.5218359308100702,0.955365933705284
endpoint,-1,50,2,run_test,0.95,0.3947593766055831,0.966594360086768
vae,1,3,0,test,0.0,1.0,0.7564476097982087
vae,1,3,0,test,0.5,1.0,0.7564476097982087
vae,1,3,0,test,0.6,1.0,0.7564476097982087
vae,1,3,0,test,0.7,0.4517103701305708,0.8521261347348303
vae,1,3,0,test,0.8,0.2743066796158411,0.939417781274587
vae,1,3,0,test,0.85,0.2743066796158411,0.939417781274587
vae,1,3,0,test,0.9,0.2743066796158411,0.939417781274587
vae,1,3,0,test,0.95,0.0,
vae,1,3,0,run_test,0.0,1.0,0.7393389278986128
vae,1,3,0,run_test,0.5,1.0,0.7393389278986128
vae,1,3,0,run_test,0.6,1.0,0.7393389278986128
vae,1,3,0,run_test,0.7,0.4696009590683336,0.8738147337709701
vae,1,3,0,run_test,0.8,0.2771022435348518,0.9493201483312732
vae,1,3,0,run_test,0.85,0.2771022435348518,0.9493201483312732
vae,1,3,0,run_test,0.9,0.2771022435348518,0.9493201483312732
vae,1,3,0,run_test,0.95,0.0,
vae,1,3,1,test,0.0,1.0,0.7553685119240315
vae,1,3,1,test,0.5,1.0,0.7553685119240315
vae,1,3,1,test,0.6,1.0,0.7553685119240315
vae,1,3,1,test,0.7,0.4530052875795834,0.8499285373987613
vae,1,3,1,test,0.8,0.2736592208913348,0.9392744479495267
vae,1,3,1,test,0.85,0.2736592208913348,0.9392744479495267
vae,1,3,1,test,0.9,0.2736592208913348,0.9392744479495267
vae,1,3,1,test,0.95,0.0,
vae,1,3,1,run_test,0.0,1.0,0.7369412570645658
vae,1,3,1,run_test,0.5,1.0,0.7369412570645658
vae,1,3,1,run_test,0.6,1.0,0.7369412570645658
vae,1,3,1,run_test,0.7,0.4716561054975167,0.869281045751634
vae,1,3,1,run_test,0.8,0.2752183593081007,0.9495955196017424
vae,1,3,1,run_test,0.85,0.2752183593081007,0.9495955196017424
vae,1,3,1,run_test,0.9,0.2752183593081007,0.9495955196017424
vae,1,3,1,run_test,0.95,0.0,
vae,1,3,2,test,0.0,1.0,0.7564476097982087
vae,1,3,2,test,0.5,1.0,0.7564476097982087
vae,1,3,2,test,0.6,1.0,0.7564476097982087
vae,1,3,2,test,0.7,0.4523578288550771,0.8516221374045801
vae,1,3,2,test,0.8,0.2743066796158411,0.939417781274587
vae,1,3,2,test,0.85,0.2743066796158411,0.939417781274587
vae,1,3,2,test,0.9,0.2743066796158411,0.939417781274587
vae,1,3,2,test,0.95,0.0,
vae,1,3,2,run_test,0.0,1.0,0.738996403493749
vae,1,3,2,run_test,0.5,1.0,0.738996403493749
vae,1,3,2,run_test,0.6,1.0,0.738996403493749
vae,1,3,2,run_test,0.7,0.4702860078780613,0.8729060451565914
vae,1,3,2,run_test,0.8,0.2771022435348518,0.9493201483312732
vae,1,3,2,run_test,0.85,0.2771022435348518,0.9493201483312732
vae,1,3,2,run_test,0.9,0.2771022435348518,0.9493201483312732
vae,1,3,2,run_test,0.95,0.0,
vae,1,8,0,test,0.0,1.0,0.7989640660407898
vae,1,8,0,test,0.5,1.0,0.7989640660407898
vae,1,8,0,test,0.6,0.9353620373367864,0.8199123211813567
vae,1,8,0,test,0.7,0.6771339160461853,0.8962549800796813
vae,1,8,0,test,0.8,0.6771339160461853,0.8962549800796813
vae,1,8,0,test,0.85,0.434768533505989,0.9513526929759244
vae,1,8,0,test,0.9,0.434768533505989,0.9513526929759244
vae,1,8,0,test,0.95,0.2199201467573109,0.9695780176643768
vae,1,8,0,run_test,0.0,1.0,0.8093851686932694
vae,1,8,0,run_test,0.5,1.0,0.8093851686932694
vae,1,8,0,run_test,0.6,0.9347491008734372,0.8228288750458044
vae,1,8,0,run_test,0.7,0.6663812296626135,0.8815214597789771
vae,1,8,0,run_test,0.8,0.6663812296626135,0.8815214597789771
vae,1,8,0,run_test,0.85,0.4178797739338928,0.9405737704918032
vae,1,8,0,run_test,0.9,0.4178797739338928,0.9405737704918032
vae,1,8,0,run_test,0.95,0.2190443569104298,0.970289288506646
vae,1,8,1,test,0.0,1.0,0.7989640660407898
vae,1,8,1,test,0.5,1.0,0.7989640660407898
vae,1,8,1,test,0.6,0.9352541275493688,0.8201223029883467
vae,1,8,1,test,0.7,0.6772418258336032,0.8959528362014022
vae,1,8,1,test,0.8,0.6772418258336032,0.8959528362014022
vae,1,8,1,test,0.85,0.4344448041437358,0.9510680576254348
vae,1,8,1,test,0.9,0.4344448041437358,0.9510680576254348
vae,1,8,1,test,0.95,0.21948850760764,0.9695181907571288
vae,1,8,1,run_test,0.0,1.0,0.8092139064908375
vae,1,8,1,run_test,0.5,1.0,0.8092139064908375
vae,1,8,1,run_test,0.6,0.9347491008734372,0.8226456577500916
vae,1,8,1,run_test,0.7,0.6656961808528857,0.8811422691021353
vae,1,8,1,run_test,0.8,0.6656961808528857,0.8811422691021353
vae,1,8,1,run_test,0.85,0.417365987326597,0.940500615510874
vae,1,8,1,run_test,0.9,0.417365987326597,0.940500615510874
vae,1,8,1,run_test,0.95,0.2185305703031341,0.9702194357366772
vae,1,8,2,test,0.0,1.0,0.7772741987698284
vae,1,8,2,test,0.5,0.839214416747599,0.8382409669538382
vae,1,8,2,test,0.6,0.7793244847307651,0.86153420105234
vae,1,8,2,test,0.7,0.6539333117513758,0.908085808580858
vae,1,8,2,test,0.8,0.6539333117513758,0.908085808580858
vae,1,8,2,test,0.85,0.449336354807381,0.9483669548511048
vae,1,8,2,test,0.9,0.449336354807381,0.9483669548511048
vae,1,8,2,test,0.95,0.3345203409949282,0.9558064516129032
vae,1,8,2,run_test,0.0,1.0,0.7896900154135982
vae,1,8,2,run_test,0.5,0.8419249871553348,0.8368592351505288
vae,1,8,2,run_test,0.6,0.7799280698749786,0.8515590689503733
vae,1,8,2,run_test,0.7,0.6372666552491865,0.8984144047299113
vae,1,8,2,run_test,0.8,0.6372666552491865,0.8984144047299113
vae,1,8,2,run_test,0.85,0.4314094879260147,0.9380706629614928
vae,1,8,2,run_test,0.9,0.4314094879260147,0.9380706629614928
vae,1,8,2,run_test,0.95,0.3211166295598561,0.96
vae,1,15,0,test,0.0,1.0,0.8137477069170174
vae,1,15,0,test,0.5,1.0,0.8137477069170174
vae,1,15,0,test,0.6,0.7864465307003345,0.8841931942919868
vae,1,15,0,test,0.7,0.7427430667961584,0.8967020194682551
vae,1,15,0,test,0.8,0.6579259738858314,0.9175004100377234
vae,1,15,0,test,0.85,0.5335059889932017,0.9350728155339806
vae,1,15,0,test,0.9,0.4348764432934067,0.94863523573201
vae,1,15,0,test,0.95,0.202978310132729,0.9473684210526316
vae,1,15,0,run_test,0.0,1.0,0.8165781811954101
vae,1,15,0,run_test,0.5,1.0,0.8165781811954101
vae,1,15,0,run_test,0.6,0.7833533139236171,0.8731963270660253
vae,1,15,0,run_test,0.7,0.7407090255180682,0.8904046242774567
vae,1,15,0,run_test,0.8,0.6492550094194212,0.9063571616987602
vae,1,15,0,run_test,0.85,0.5151567049152252,0.9251994680851064
vae,1,15,0,run_test,0.9,0.4233601644117143,0.9526699029126212
vae,1,15,0,run_test,0.95,0.2072272649426271,0.9520661157024792
vae,1,15,1,test,0.0,1.0,0.7982086975288659
vae,1,15,1,test,0.5,0.9288874500917234,0.8224907063197026
vae,1,15,1,test,0.6,0.7623826481061833,0.8772823779193206
vae,1,15,1,test,0.7,0.7415560591345635,0.8830034924330618
vae,1,15,1,test,0.8,0.5577856911621885,0.9195202166763398
vae,1,15,1,test,0.85,0.4995144059566203,0.9302225102613956
vae,1,15,1,test,0.9,0.3889068738534585,0.9556048834628192
vae,1,15,1,test,0.95,0.2603863170389554,0.9693327807708249
vae,1,15,1,run_test,0.0,1.0,0.7915738996403494
vae,1,15,1,run_test,0.5,0.9232745333104984,0.8111667594138379
vae,1,15,1,run_test,0.6,0.7669121424901524,0.8722644037516748
vae,1,15,1,run_test,0.7,0.7420791231375236,0.8783752596353566
vae,1,15,1,run_test,0.8,0.549237883199178,0.9048955410040536
vae,1,15,1,run_test,0.85,0.4963178626477136,0.917184265010352
vae,1,15,1,run_test,0.9,0.3759205343380716,0.943507972665148
vae,1,15,1,run_test,0.95,0.2601472854940914,0.9644502962475312
vae,1,15,2,test,0.0,1.0,0.8145030754289414
vae,1,15,2,test,0.5,0.9505773173626848,0.8357361789079351
vae,1,15,2,test,0.6,0.9079529513326858,0.8473971951509389
vae,1,15,2,test,0.7,0.8125606992554225,0.8725099601593626
vae,1,15,2,test,0.8,0.6858746088270206,0.895846444304594
vae,1,15,2,test,0.85,0.4827883889068738,0.9367456414841304
vae,1,15,2,test,0.9,0.4117837487860148,0.9533542976939204
vae,1,15,2,test,0.95,0.165749433473616,0.9680989583333334
vae,1,15,2,run_test,0.0,1.0,0.8085288576811098
vae,1,15,2,run_test,0.5,0.9571844493920192,0.8264448022902129
vae,1,15,2,run_test,0.6,0.9068333618770338,0.8370160528800755
vae,1,15,2,run_test,0.7,0.8051036136324713,0.8553499255477558
vae,1,15,2,run_test,0.8,0.6910429868128104,0.8822800495662949
vae,1,15,2,run_test,0.85,0.4694296968659017,0.9197373221452024
vae,1,15,2,run_test,0.9,0.4033224867271793,0.9384288747346072
vae,1,15,2,run_test,0.95,0.1683507449905806,0.970498474059003
vae,1,25,0,test,0.0,1.0,0.8145030754289414
vae,1,25,0,test,0.5,0.9739937412323296,0.8211832483935299
vae,1,25,0,test,0.6,0.9020179130247112,0.8456753200143557
vae,1,25,0,test,0.7,0.7221322973993741,0.9015242080095636
vae,1,25,0,test,0.8,0.6469191755692242,0.9164303586321936
vae,1,25,0,test,0.85,0.5612388043595554,0.9278984810613344
vae,1,25,0,test,0.9,0.4366029998920902,0.9513099357390016
vae,1,25,0,test,0.95,0.3494118916585734,0.9592340951204448
vae,1,25,0,run_test,0.0,1.0,0.8162356567905463
vae,1,25,0,run_test,0.5,0.9702003767768452,0.8208296557811121
vae,1,25,0,run_test,0.6,0.8946737455043672,0.8453292496171516
vae,1,25,0,run_test,0.7,0.7258092139064909,0.8900424728645587
vae,1,25,0,run_test,0.8,0.654050351087515,0.9057344854674
vae,1,25,0,run_test,0.85,0.5663641034423703,0.9219836710009072
vae,1,25,0,run_test,0.9,0.4483644459667751,0.9430863254392666
vae,1,25,0,run_test,0.95,0.3557115944511046,0.9455946076071255
vae,1,25,1,test,0.0,1.0,0.8164454516024603
vae,1,25,1,test,0.5,0.96924571058595,0.824315297261189
vae,1,25,1,test,0.6,0.8766591129815474,0.8549975381585426
vae,1,25,1,test,0.7,0.7296859825186144,0.9010647737355812
vae,1,25,1,test,0.8,0.6455163483327938,0.9189234369775996
vae,1,25,1,test,0.85,0.5964173950577317,0.9290754478017008
vae,1,25,1,test,0.9,0.4503075428941405,0.9523124850227654
vae,1,25,1,test,0.95,0.3797345419229524,0.9610684853651604
vae,1,25,1,run_test,0.0,1.0,0.8232574070902552
vae,1,25,1,run_test,0.5,0.96437746189416,0.8304031255549635
vae,1,25,1,run_test,0.6,0.8722383969857852,0.8588258393873944
vae,1,25,1,run_test,0.7,0.725466689501627,0.8899905571293674
vae,1,25,1,run_test,0.8,0.6355540332248673,0.9051468606844516
vae,1,25,1,run_test,0.85,0.591368384997431,0.9157254561251086
vae,1,25,1,run_test,0.9,0.462065422161329,0.9403261675315048
vae,1,25,1,run_test,0.95,0.3790032539818462,0.9525530953456846
vae,1,25,2,test,0.0,1.0,0.8172008201143843
vae,1,25,2,test,0.5,0.986187547210532,0.8215340846919794
vae,1,25,2,test,0.6,0.8474155605913456,0.8645103781994142
vae,1,25,2,test,0.7,0.750188842127981,0.8988780207134638
vae,1,25,2,test,0.8,0.6881407143627927,0.9088913282107574
vae,1,25,2,test,0.85,0.6277112334088701,0.9204057074093176
vae,1,25,2,test,0.9,0.4019639581310025,0.953020134228188
vae,1,25,2,test,0.95,0.280133808136398,0.9687981510015408
vae,1,25,2,run_test,0.0,1.0,0.8227436204829595
vae,1,25,2,run_test,0.5,0.9869840726151738,0.8275203886864481
vae,1,25,2,run_test,0.6,0.8468915910258606,0.8592517694641052
vae,1,25,2,run_test,0.7,0.7492721356396643,0.8893714285714286
vae,1,25,2,run_test,0.8,0.6942969686590169,0.8978786383818451
vae,1,25,2,run_test,0.85,0.6346977222127077,0.9079870480302212
vae,1,25,2,run_test,0.9,0.4163384141120055,0.9424105306458248
vae,1,25,2,run_test,0.95,0.2784723411543072,0.9563345633456336
vae,1,37,0,test,0.0,0.9991367217006584,0.8154228318392915
vae,1,37,0,test,0.5,0.9991367217006584,0.8154228318392915
vae,1,37,0,test,0.6,0.8250782345958778,0.8664661260789955
vae,1,37,0,test,0.7,0.7051904607747923,0.909257842387146
vae,1,37,0,test,0.8,0.7051904607747923,0.909257842387146
vae,1,37,0,test,0.85,0.5418150426243661,0.9308902609042023
vae,1,37,0,test,0.9,0.5327506204812776,0.9329552359732632
vae,1,37,0,test,0.95,0.3236214524657386,0.9616538846282094
vae,1,37,0,run_test,0.0,0.9988011645829764,0.8108710562414266
vae,1,37,0,run_test,0.5,0.9988011645829764,0.8108710562414266
vae,1,37,0,run_test,0.6,0.8208597362562082,0.8666805758397663
vae,1,37,0,run_test,0.7,0.7081692070560027,0.898428053204353
vae,1,37,0,run_test,0.8,0.7081692070560027,0.898428053204353
vae,1,37,0,run_test,0.85,0.5494091454016099,0.9239401496259352
vae,1,37,0,run_test,0.9,0.5386196266483987,0.9259141494435612
vae,1,37,0,run_test,0.95,0.3289946908717246,0.9573138990109318
vae,1,37,1,test,0.0,1.0,0.8167691809647135
vae,1,37,1,test,0.5,0.9275925326427108,0.8414378780828292
vae,1,37,1,test,0.6,0.8459048235674975,0.8726878428370966
vae,1,37,1,test,0.7,0.8272364303442322,0.8798591181841899
vae,1,37,1,test,0.8,0.6787525628574512,0.9068362480127186
vae,1,37,1,test,0.85,0.5871371533398079,0.920786620106598
vae,1,37,1,test,0.9,0.443185496924571,0.9442415388361334
vae,1,37,1,test,0.95,0.3275062048127765,0.9683690280065896
vae,1,37,1,run_test,0.0,1.0,0.8184620654221614
vae,1,37,1,run_test,0.5,0.917451618427813,0.8448758633563561
vae,1,37,1,run_test,0.6,0.8295941085802363,0.8773740710156895
vae,1,37,1,run_test,0.7,0.8109265285151567,0.8823653643083421
vae,1,37,1,run_test,0.8,0.6639835588285665,0.901212277534176
vae,1,37,1,run_test,0.85,0.5756122623736941,0.9202618268372508
vae,1,37,1,run_test,0.9,0.4290118170919678,0.945309381237525
vae,1,37,1,run_test,0.95,0.3233430381914711,0.9602754237288136
vae,1,37,2,test,0.0,1.0,0.8140714362792705
vae,1,37,2,test,0.5,0.895974964929319,0.8501746356738529
vae,1,37,2,test,0.6,0.8853998057623826,0.8535039609993906
vae,1,37,2,test,0.7,0.7274198769828424,0.9031300993917816
vae,1,37,2,test,0.8,0.701089888852919,0.9099584423580114
vae,1,37,2,test,0.85,0.5700874069278083,0.9288283172439902
vae,1,37,2,test,0.9,0.4651990935577857,0.94595221526328
vae,1,37,2,test,0.95,0.292759253264271,0.966826391448581
vae,1,37,2,run_test,0.0,1.0,0.817091967802706
vae,1,37,2,run_test,0.5,0.8888508306216818,0.8527938342967245
vae,1,37,2,run_test,0.6,0.8785750984757664,0.8557504873294347
vae,1,37,2,run_test,0.7,0.7251241650967631,0.8923004251299008
vae,1,37,2,run_test,0.8,0.6978934749100874,0.9003680981595092
vae,1,37,2,run_test,0.85,0.5651652680253468,0.9224242424242424
vae,1,37,2,run_test,0.9,0.4550436718616201,0.9382762514113662
vae,1,37,2,run_test,0.95,0.2921733173488611,0.9613130128956624
vae,1,50,0,test,0.0,1.0,0.8207618430991691
vae,1,50,0,test,0.5,0.9505773173626848,0.835395618117834
vae,1,50,0,test,0.6,0.8831337002266105,0.8616813294232649
vae,1,50,0,test,0.7,0.7627063774684364,0.8938879456706282
vae,1,50,0,test,0.8,0.633538361929427,0.922500425821836
vae,1,50,0,test,0.85,0.6200496385022122,0.9234249912982944
vae,1,50,0,test,0.9,0.4528973777921657,0.952585179890398
vae,1,50,0,test,0.95,0.3228660839538146,0.9618983957219251
vae,1,50,0,run_test,0.0,1.0,0.8181195410172974
vae,1,50,0,run_test,0.5,0.9412570645658505,0.8327874818049491
vae,1,50,0,run_test,0.6,0.872923445795513,0.8589366293898372
vae,1,50,0,run_test,0.7,0.7557800993320775,0.8921368683435305
vae,1,50,0,run_test,0.8,0.6367528686418907,0.9211941904249596
vae,1,50,0,run_test,0.85,0.6211680082205857,0.9216983733112766
vae,1,50,0,run_test,0.9,0.4564137694810755,0.9455909943714822
vae,1,50,0,run_test,0.95,0.3183764343209453,0.956428187197418
vae,1,50,1,test,0.0,0.9998920902125824,0.8121087848046622
vae,1,50,1,test,0.5,0.929426999028812,0.8326947637292464
vae,1,50,1,test,0.6,0.8609042840185605,0.8554775632990724
vae,1,50,1,test,0.7,0.7193266429265134,0.905940594059406
vae,1,50,1,test,0.8,0.6752994496600842,0.911313518696069
vae,1,50,1,test,0.85,0.534908816229632,0.9384708493040144
vae,1,50,1,test,0.9,0.4722132297399374,0.9515539305301646
vae,1,50,1,test,0.95,0.3453113197367001,0.9596875
vae,1,50,1,run_test,0.0,0.999828737797568,0.8143199725933539
vae,1,50,1,run_test,0.5,0.9318376434320944,0.8340378606873736
vae,1,50,1,run_test,0.6,0.8557972255523206,0.8573143886331799
vae,1,50,1,run_test,0.7,0.7150196951532797,0.895808383233533
vae,1,50,1,run_test,0.8,0.6751156019866416,0.904616945712836
vae,1,50,1,run_test,0.85,0.5374207912313752,0.9267049075844488
vae,1,50,1,run_test,0.9,0.4791916424045213,0.942458899213724
vae,1,50,1,run_test,0.95,0.3486898441513958,0.949901768172888
vae,1,50,2,test,0.0,1.0,0.8140714362792705
vae,1,50,2,test,0.5,0.9433473616056977,0.8344772363303592
vae,1,50,2,test,0.6,0.8409409733462825,0.8703965096881817
vae,1,50,2,test,0.7,0.7254775008093234,0.9071842927264614
vae,1,50,2,test,0.8,0.7020610769396785,0.91115893021826
vae,1,50,2,test,0.85,0.6349411891658573,0.9213120326308634
vae,1,50,2,test,0.9,0.4743714254882918,0.9472247497725204
vae,1,50,2,test,0.95,0.278191431962879,0.9639255236617532
vae,1,50,2,run_test,0.0,1.0,0.8066449734543586
vae,1,50,2,run_test,0.5,0.9424558999828738,0.8290023623478103
vae,1,50,2,run_test,0.6,0.8400411029285837,0.872579001019368
vae,1,50,2,run_test,0.7,0.7282068847405377,0.8969896519285042
vae,1,50,2,run_test,0.8,0.7001198835417023,0.901908023483366
vae,1,50,2,run_test,0.85,0.6314437403665011,0.911581231353404
vae,1,50,2,run_test,0.9,0.4783353313923617,0.9437880415324024
vae,1,50,2,run_test,0.95,0.2769309813324199,0.95856524427953
vae,0,3,0,test,0.0,1.0,0.7584978957591454
vae,0,3,0,test,0.5,1.0,0.7584978957591454
vae,0,3,0,test,0.6,1.0,0.7584978957591454
vae,0,3,0,test,0.7,0.4470702492716089,0.8573497465604635
vae,0,3,0,test,0.8,0.2828315528218409,0.935902327355971
vae,0,3,0,test,0.85,0.2828315528218409,0.935902327355971
vae,0,3,0,test,0.9,0.2828315528218409,0.935902327355971
vae,0,3,0,test,0.95,0.0,
vae,0,3,0,run_test,0.0,1.0,0.7401952389107724
vae,0,3,0,run_test,0.5,1.0,0.7401952389107724
vae,0,3,0,run_test,0.6,1.0,0.7401952389107724
vae,0,3,0,run_test,0.7,0.4678883370440144,0.8755490483162518
vae,0,3,0,run_test,0.8,0.2836102072272649,0.9486714975845412
vae,0,3,0,run_test,0.85,0.2836102072272649,0.9486714975845412
vae,0,3,0,run_test,0.9,0.2836102072272649,0.9486714975845412
vae,0,3,0,run_test,0.95,0.0,
vae,0,3,1,test,0.0,1.0,0.7584978957591454
vae,0,3,1,test,0.5,1.0,0.7584978957591454
vae,0,3,1,test,0.6,1.0,0.7584978957591454
vae,0,3,1,test,0.7,0.4470702492716089,0.8573497465604635
vae,0,3,1,test,0.8,0.2828315528218409,0.935902327355971
vae,0,3,1,test,0.85,0.2828315528218409,0.935902327355971
vae,0,3,1,test,0.9,0.2828315528218409,0.935902327355971
vae,0,3,1,test,0.95,0.0,
vae,0,3,1,run_test,0.0,1.0,0.7401952389107724
vae,0,3,1,run_test,0.5,1.0,0.7401952389107724
vae,0,3,1,run_test,0.6,1.0,0.7401952389107724
vae,0,3,1,run_test,0.7,0.4678883370440144,0.8755490483162518
vae,0,3,1,run_test,0.8,0.2836102072272649,0.9486714975845412
vae,0,3,1,run_test,0.85,0.2836102072272649,0.9486714975845412
vae,0,3,1,run_test,0.9,0.2836102072272649,0.9486714975845412
vae,0,3,1,run_test,0.95,0.0,
vae,0,3,2,test,0.0,1.0,0.7587137153339808
vae,0,3,2,test,0.5,1.0,0.7587137153339808
vae,0,3,2,test,0.6,1.0,0.7587137153339808
vae,0,3,2,test,0.7,0.4476097982086975,0.857039537126326
vae,0,3,2,test,0.8,0.2830473723966764,0.9359512009149829
vae,0,3,2,test,0.85,0.2830473723966764,0.9359512009149829
vae,0,3,2,test,0.9,0.2830473723966764,0.9359512009149829
vae,0,3,2,test,0.95,0.0,
vae,0,3,2,run_test,0.0,1.0,0.7405377633156363
vae,0,3,2,run_test,0.5,1.0,0.7405377633156363
vae,0,3,2,run_test,0.6,1.0,0.7405377633156363
vae,0,3,2,run_test,0.7,0.4689159102586059,0.87509130752374
vae,0,3,2,run_test,0.8,0.2836102072272649,0.9486714975845412
vae,0,3,2,run_test,0.85,0.2836102072272649,0.9486714975845412
vae,0,3,2,run_test,0.9,0.2836102072272649,0.9486714975845412
vae,0,3,2,run_test,0.95,0.0,
vae,0,8,0,test,0.0,1.0,0.7829934175029675
vae,0,8,0,test,0.5,0.8447178159059027,0.8396780786918753
vae,0,8,0,test,0.6,0.8447178159059027,0.8396780786918753
vae,0,8,0,test,0.7,0.6746519909355778,0.9022712731925784
vae,0,8,0,test,0.8,0.6746519909355778,0.9022712731925784
vae,0,8,0,test,0.85,0.4605589726988238,0.9390815370196812
vae,0,8,0,test,0.9,0.4605589726988238,0.9390815370196812
vae,0,8,0,test,0.95,0.2344879680587029,0.9604233778186838
vae,0,8,0,run_test,0.0,1.0,0.7929439972598048
vae,0,8,0,run_test,0.5,0.848432950847748,0.8381106176826807
vae,0,8,0,run_test,0.6,0.848432950847748,0.8381106176826807
vae,0,8,0,run_test,0.7,0.6639835588285665,0.8896053649729172
vae,0,8,0,run_test,0.8,0.6639835588285665,0.8896053649729172
vae,0,8,0,run_test,0.85,0.4432265798938174,0.9304482225656878
vae,0,8,0,run_test,0.9,0.4432265798938174,0.9304482225656878
vae,0,8,0,run_test,0.95,0.2336016441171433,0.9648093841642228
vae,0,8,1,test,0.0,1.0,0.7784612064314234
vae,0,8,1,test,0.5,0.932880112226179,0.8019664545980335
vae,0,8,1,test,0.6,0.783964605589727,0.8629043358568479
vae,0,8,1,test,0.7,0.6637531024063883,0.9016420094293612
vae,0,8,1,test,0.8,0.6637531024063883,0.9016420094293612
vae,0,8,1,test,0.85,0.592101003561023,0.9085110260616002
vae,0,8,1,test,0.9,0.3660299989209021,0.9460495283018868
vae,0,8,1,test,0.95,0.237509442106399,0.960018173557474
vae,0,8,1,run_test,0.0,1.0,0.7915738996403494
vae,0,8,1,run_test,0.5,0.9388593937318034,0.8077344035023714
vae,0,8,1,run_test,0.6,0.7912313752354855,0.856926406926407
vae,0,8,1,run_test,0.7,0.6549066620996746,0.8888598326359832
vae,0,8,1,run_test,0.8,0.6549066620996746,0.8888598326359832
vae,0,8,1,run_test,0.85,0.5673916766569618,0.8973739812858437
vae,0,8,1,run_test,0.9,0.3596506251070389,0.9314285714285714
vae,0,8,1,run_test,0.95,0.2361705771536222,0.964467005076142
vae,0,8,2,test,0.0,1.0,0.7819143196287903
vae,0,8,2,test,0.5,1.0,0.7819143196287903
vae,0,8,2,test,0.6,0.7836408762274738,0.8611952630129441
vae,0,8,2,test,0.7,0.6511276572785152,0.9018892940006628
vae,0,8,2,test,0.8,0.6511276572785152,0.9018892940006628
vae,0,8,2,test,0.85,0.4525736484299126,0.9418216499761564
vae,0,8,2,test,0.9,0.4525736484299126,0.9418216499761564
vae,0,8,2,test,0.95,0.3387288227042193,0.9515769353297228
vae,0,8,2,run_test,0.0,1.0,0.7826682651138893
vae,0,8,2,run_test,0.5,1.0,0.7826682651138893
vae,0,8,2,run_test,0.6,0.7893474910087344,0.855717075287481
vae,0,8,2,run_test,0.7,0.6446309299537593,0.8892136025504782
vae,0,8,2,run_test,0.8,0.6446309299537593,0.8892136025504782
vae,0,8,2,run_test,0.85,0.4367186162014043,0.9329411764705884
vae,0,8,2,run_test,0.9,0.4367186162014043,0.9329411764705884
vae,0,8,2,run_test,0.95,0.3274533310498373,0.9571129707112972
vae,0,15,0,test,0.0,1.0,0.7984245171037013
vae,0,15,0,test,0.5,0.9487428509765836,0.8227934485896269
vae,0,15,0,test,0.6,0.8777382108557246,0.8452176051143349
vae,0,15,0,test,0.7,0.7370238480630193,0.8863836017569546
vae,0,15,0,test,0.8,0.6641847415560591,0.908204711616572
vae,0,15,0,test,0.85,0.5456997949714039,0.9242633972711094
vae,0,15,0,test,0.9,0.4053091615409517,0.9571352502662408
vae,0,15,0,test,0.95,0.3504909895327506,0.9615147783251232
vae,0,15,0,run_test,0.0,1.0,0.805959924644631
vae,0,15,0,run_test,0.5,0.9527316321287892,0.8276110012583139
vae,0,15,0,run_test,0.6,0.877205000856311,0.8414681764935572
vae,0,15,0,run_test,0.7,0.7456756293885939,0.8736793752870923
vae,0,15,0,run_test,0.8,0.6682651138893646,0.8959507944643772
vae,0,15,0,run_test,0.85,0.5365644802192157,0.917969996808171
vae,0,15,0,run_test,0.9,0.397328309642062,0.9504310344827588
vae,0,15,0,run_test,0.95,0.3469772221270765,0.9536031589338598
vae,0,15,1,test,0.0,1.0,0.78666235027517
vae,0,15,1,test,0.5,0.8616596525304845,0.8445835942391985
vae,0,15,1,test,0.6,0.7250458616596526,0.8928411966066379
vae,0,15,1,test,0.7,0.6948311211826913,0.904177667339649
vae,0,15,1,test,0.8,0.6948311211826913,0.904177667339649
vae,0,15,1,test,0.85,0.5705190460774793,0.9190467183658028
vae,0,15,1,test,0.9,0.3896622423653825,0.9554140127388536
vae,0,15,1,test,0.95,0.2582281212906011,0.956122022565817
vae,0,15,1,run_test,0.0,1.0,0.7898612776160301
vae,0,15,1,run_test,0.5,0.8672717931152595,0.8378751974723538
vae,0,15,1,run_test,0.6,0.7326597020037677,0.8798503973819541
vae,0,15,1,run_test,0.7,0.7025175543757493,0.8929790346172599
vae,0,15,1,run_test,0.8,0.7025175543757493,0.8929790346172599
vae,0,15,1,run_test,0.85,0.5665353656448022,0.9108222490931076
vae,0,15,1,run_test,0.9,0.3853399554718273,0.9551111111111112
vae,0,15,1,run_test,0.95,0.2550094194211337,0.9556749496306246
vae,0,15,2,test,0.0,1.0,0.8038200064745873
vae,0,15,2,test,0.5,0.95316715226071,0.8222574436771198
vae,0,15,2,test,0.6,0.8816229632027625,0.8449204406364749
vae,0,15,2,test,0.7,0.7311967195424625,0.8865112160566706
vae,0,15,2,test,0.8,0.6495090104672494,0.905466024256521
vae,0,15,2,test,0.85,0.534908816229632,0.9191042969538028
vae,0,15,2,test,0.9,0.3842667529944966,0.9587194608256108
vae,0,15,2,test,0.95,0.3310672277975612,0.9628422425032594
vae,0,15,2,run_test,0.0,1.0,0.8025346805959924
vae,0,15,2,run_test,0.5,0.955300565165268,0.8235926855503765
vae,0,15,2,run_test,0.6,0.8802877205000856,0.8389105058365759
vae,0,15,2,run_test,0.7,0.7408802877205001,0.8742487286176607
vae,0,15,2,run_test,0.8,0.6581606439458811,0.8943533697632058
vae,0,15,2,run_test,0.85,0.5286864189073471,0.913508260447036
vae,0,15,2,run_test,0.9,0.3803733516013016,0.9536244934714092
vae,0,15,2,run_test,0.95,0.3295084774790204,0.9558212058212058
vae,0,25,0,test,0.0,1.0,0.8213013920362577
vae,0,25,0,test,0.5,1.0,0.8213013920362577
vae,0,25,0,test,0.6,0.9319089241394194,0.8435618341824919
vae,0,25,0,test,0.7,0.7717707996115247,0.8829697986577181
vae,0,25,0,test,0.8,0.6968814071436279,0.8959430164137504
vae,0,25,0,test,0.85,0.4999460451062911,0.9367580401467732
vae,0,25,0,test,0.9,0.4364950901046724,0.9505562422744128
vae,0,25,0,test,0.95,0.2902773281536635,0.9631970260223048
vae,0,25,0,run_test,0.0,1.0,0.8270251755437575
vae,0,25,0,run_test,0.5,1.0,0.8270251755437575
vae,0,25,0,run_test,0.6,0.9272135639664326,0.8457702253417066
vae,0,25,0,run_test,0.7,0.7703373865387909,0.8766118274788796
vae,0,25,0,run_test,0.8,0.698578523719815,0.8894336847266487
vae,0,25,0,run_test,0.85,0.4985442712793286,0.9275163174166952
vae,0,25,0,run_test,0.9,0.4368898784038362,0.9427675421403372
vae,0,25,0,run_test,0.95,0.2865216646686076,0.958756724447101
vae,0,25,1,test,0.0,1.0,0.8134239775547643
vae,0,25,1,test,0.5,0.9119456134671414,0.8522068394272867
vae,0,25,1,test,0.6,0.8534585086867379,0.8726766974333038
vae,0,25,1,test,0.7,0.7865544404877522,0.8902455755247634
vae,0,25,1,test,0.8,0.6683932232653502,0.908459799806264
vae,0,25,1,test,0.85,0.6434660623718571,0.910783162837498
vae,0,25,1,test,0.9,0.4218193590158627,0.9506267587618316
vae,0,25,1,test,0.95,0.2936225315636128,0.963983829474458
vae,0,25,1,run_test,0.0,1.0,0.8114403151224525
vae,0,25,1,run_test,0.5,0.9145401609864704,0.849625468164794
vae,0,25,1,run_test,0.6,0.8479191642404521,0.8697232882246011
vae,0,25,1,run_test,0.7,0.7785579722555233,0.8831940167179938
vae,0,25,1,run_test,0.8,0.6615858879945196,0.894641470359824
vae,0,25,1,run_test,0.85,0.6302449049494776,0.8953804347826086
vae,0,25,1,run_test,0.9,0.4187360849460524,0.939877300613497
vae,0,25,1,run_test,0.95,0.2911457441342696,0.963529411764706
vae,0,25,2,test,0.0,1.0,0.8001510737023848
vae,0,25,2,test,0.5,0.9576993633322542,0.8170140845070423
vae,0,25,2,test,0.6,0.7640012949174491,0.8870056497175142
vae,0,25,2,test,0.7,0.7061616488615517,0.910757946210269
vae,0,25,2,test,0.8,0.6932124743714255,0.9139165628891656
vae,0,25,2,test,0.85,0.649293190892414,0.919561243144424
vae,0,25,2,test,0.9,0.4233300960397108,0.9559010960999236
vae,0,25,2,test,0.95,0.2871479443185497,0.9635475385193536
vae,0,25,2,run_test,0.0,1.0,0.7977393389278986
vae,0,25,2,run_test,0.5,0.9587258092139064,0.8126116470167917
vae,0,25,2,run_test,0.6,0.770166124336359,0.8781409828774739
vae,0,25,2,run_test,0.7,0.7119369755095051,0.8968005773394274
vae,0,25,2,run_test,0.8,0.6989210481246789,0.9014947316834108
vae,0,25,2,run_test,0.85,0.6564480219215619,0.909992173232455
vae,0,25,2,run_test,0.9,0.4228463778044186,0.942891859052248
vae,0,25,2,run_test,0.95,0.2911457441342696,0.9629411764705882
vae,0,37,0,test,0.0,1.0,0.8197906550124097
vae,0,37,0,test,0.5,0.9643897701521528,0.8312632874566409
vae,0,37,0,test,0.6,0.8586381784827883,0.8647731557119518
vae,0,37,0,test,0.7,0.7889284558109421,0.8867459991793188
vae,0,37,0,test,0.8,0.6900830905363117,0.9096168881939016
vae,0,37,0,test,0.85,0.5519585626416316,0.932355816226784
vae,0,37,0,test,0.9,0.46735728930614,0.9485107365504504
vae,0,37,0,test,0.95,0.2881191324053092,0.9662921348314608
vae,0,37,0,run_test,0.0,1.0,0.8143517725637952
vae,0,37,0,run_test,0.5,0.9678027059427984,0.8256945673332153
vae,0,37,0,run_test,0.6,0.8537420791231375,0.8593781344032096
vae,0,37,0,run_test,0.7,0.7802705942798425,0.8856453028972783
vae,0,37,0,run_test,0.8,0.6800822058571673,0.9015361369932008
vae,0,37,0,run_test,0.85,0.5495804076040418,0.9255219694608912
vae,0,37,0,run_test,0.9,0.4685733858537421,0.9429824561403508
vae,0,37,0,run_test,0.95,0.2873779756807672,0.9618593563766388
vae,0,37,1,test,0.0,1.0,0.8205460235243337
vae,0,37,1,test,0.5,0.9337433905255208,0.840402172656882
vae,0,37,1,test,0.6,0.8479551095284342,0.8742682616441843
vae,0,37,1,test,0.7,0.8371641307866623,0.877159061613818
vae,0,37,1,test,0.8,0.6708751483759577,0.9050989223097956
vae,0,37,1,test,0.85,0.5855185065285421,0.9190932546995946
vae,0,37,1,test,0.9,0.3890147836408762,0.954230235783634
vae,0,37,1,test,0.95,0.2353512463580446,0.959651535992664
vae,0,37,1,run_test,0.0,1.0,0.8205172118513444
vae,0,37,1,run_test,0.5,0.9297824970029116,0.836802357708602
vae,0,37,1,run_test,0.6,0.8486042130501799,0.8734611503531786
vae,0,37,1,run_test,0.7,0.8354170234629217,0.8767937679376794
vae,0,37,1,run_test,0.8,0.6578181195410173,0.9008070814891956
vae,0,37,1,run_test,0.85,0.5792087686247646,0.9166173861620344
vae,0,37,1,run_test,0.9,0.3774618941599589,0.955989110707804
vae,0,37,1,run_test,0.95,0.2332591197122795,0.9654919236417032
vae,0,37,2,test,0.0,1.0,0.8198985647998274
vae,0,37,2,test,0.5,0.9245710585950144,0.8497899159663865
vae,0,37,2,test,0.6,0.9245710585950144,0.8497899159663865
vae,0,37,2,test,0.7,0.8556167044350923,0.8648001008954471
vae,0,37,2,test,0.8,0.6685011330527679,0.9058918482647296
vae,0,37,2,test,0.85,0.5246573864249487,0.93048128342246
vae,0,37,2,test,0.9,0.3868565878925218,0.9536959553695956
vae,0,37,2,test,0.95,0.3113197367001187,0.9590987868284228
vae,0,37,2,run_test,0.0,1.0,0.8213735228635041
vae,0,37,2,run_test,0.5,0.9236170577153622,0.8544409419618023
vae,0,37,2,run_test,0.6,0.9236170577153622,0.8544409419618023
vae,0,37,2,run_test,0.7,0.8501455728720672,0.8658340048348107
vae,0,37,2,run_test,0.8,0.6511388936461723,0.8953182535507628
vae,0,37,2,run_test,0.85,0.5098475766398356,0.9217332885455156
vae,0,37,2,run_test,0.9,0.3872238396985785,0.9491375497567448
vae,0,37,2,run_test,0.95,0.310155848604213,0.9541689674213142
vae,0,50,0,test,0.0,1.0,0.817740369051473
vae,0,50,0,test,0.5,0.9268371641307868,0.8446850622889742
vae,0,50,0,test,0.6,0.8069493903097011,0.8935544263171971
vae,0,50,0,test,0.7,0.7685335059889932,0.9042403819151924
vae,0,50,0,test,0.8,0.7554764217114492,0.9068704470789888
vae,0,50,0,test,0.85,0.5992230495305925,0.9310282730055826
vae,0,50,0,test,0.9,0.4222509981655336,0.9524661385126502
vae,0,50,0,test,0.95,0.3146649401100679,0.9588477366255144
vae,0,50,0,run_test,0.0,1.0,0.8119541017297482
vae,0,50,0,run_test,0.5,0.9275560883712964,0.835672082717873
vae,0,50,0,run_test,0.6,0.8023634183935605,0.8832443970117396
vae,0,50,0,run_test,0.7,0.7651995204658332,0.8963742166517458
vae,0,50,0,run_test,0.8,0.7484158246275047,0.8990846681922197
vae,0,50,0,run_test,0.85,0.5966775132728207,0.927382319173364
vae,0,50,0,run_test,0.9,0.4317520123308785,0.9496231654105514
vae,0,50,0,run_test,0.95,0.314779928069875,0.9608269858541894
vae,0,50,1,test,0.0,1.0,0.8263731520448905
vae,0,50,1,test,0.5,0.9436710909679508,0.8485991995425958
vae,0,50,1,test,0.6,0.8689975180748893,0.8761952067552465
vae,0,50,1,test,0.7,0.8474155605913456,0.8828473194957341
vae,0,50,1,test,0.8,0.7091831229092479,0.9000304321363359
vae,0,50,1,test,0.85,0.5166720621560376,0.9283625730994152
vae,0,50,1,test,0.9,0.4171792381569008,0.946973616140714
vae,0,50,1,test,0.95,0.3068954354159922,0.9620253164556962
vae,0,50,1,run_test,0.0,1.0,0.8237711936975509
vae,0,50,1,run_test,0.5,0.9445110464120569,0.8444242973708069
vae,0,50,1,run_test,0.6,0.8659016954958041,0.8694620253164557
vae,0,50,1,run_test,0.7,0.8443226579893818,0.8782961460446247
vae,0,50,1,run_test,0.8,0.6893303647884912,0.8946583850931678
vae,0,50,1,run_test,0.85,0.5113889364617229,0.9273275284661756
vae,0,50,1,run_test,0.9,0.4137694810755266,0.9461920529801324
vae,0,50,1,run_test,0.95,0.2985100188388422,0.9586919104991394
vae,0,50,2,test,0.0,0.9997841804251646,0.8189962223421479
vae,0,50,2,test,0.5,0.9688140714362792,0.832924927600802
vae,0,50,2,test,0.6,0.8519477716628898,0.8725775807473084
vae,0,50,2,test,0.7,0.7717707996115247,0.8933165548098434
vae,0,50,2,test,0.8,0.7090752131218302,0.9092984325064678
vae,0,50,2,test,0.85,0.5766699039602892,0.9307634730538922
vae,0,50,2,test,0.9,0.4223589079529513,0.9491568727644354
vae,0,50,2,test,0.95,0.2986942915722456,0.96242774566474
vae,0,50,2,run_test,0.0,1.0,0.8217160472683679
vae,0,50,2,run_test,0.5,0.9743106696352116,0.8309017402003868
vae,0,50,2,run_test,0.6,0.8581948963863675,0.8722809818399521
vae,0,50,2,run_test,0.7,0.7732488439801336,0.8892580287929125
vae,0,50,2,run_test,0.8,0.707655420448707,0.9002904162633107
vae,0,50,2,run_test,0.85,0.5807501284466519,0.9230315541138308
vae,0,50,2,run_test,0.9,0.4305531769138551,0.9411296738265712
vae,0,50,2,run_test,0.95,0.2993663298510018,0.9605263157894736
random,2,3,0,test,0.0,1.0,0.6756231790223374
random,2,3,0,test,0.5,1.0,0.6756231790223374
random,2,3,0,test,0.6,0.8423438005827129,0.7097104791186267
random,2,3,0,test,0.7,0.3027948634941189,0.8738417676407698
random,2,3,0,test,0.8,0.3027948634941189,0.8738417676407698
random,2,3,0,test,0.85,0.3027948634941189,0.8738417676407698
random,2,3,0,test,0.9,0.0,
random,2,3,0,test,0.95,0.0,
random,2,3,0,run_test,0.0,1.0,0.658503168350745
random,2,3,0,run_test,0.5,1.0,0.658503168350745
random,2,3,0,run_test,0.6,0.8390135297139921,0.6766687078995713
random,2,3,0,run_test,0.7,0.3021065250899126,0.8985260770975056
random,2,3,0,run_test,0.8,0.3021065250899126,0.8985260770975056
random,2,3,0,run_test,0.85,0.3021065250899126,0.8985260770975056
random,2,3,0,run_test,0.9,0.0,
random,2,3,0,run_test,0.95,0.0,
random,2,3,1,test,0.0,1.0,0.6756231790223374
random,2,3,1,test,0.5,1.0,0.6756231790223374
random,2,3,1,test,0.6,0.8423438005827129,0.7097104791186267
random,2,3,1,test,0.7,0.3027948634941189,0.8738417676407698
random,2,3,1,test,0.8,0.3027948634941189,0.8738417676407698
random,2,3,1,test,0.85,0.3027948634941189,0.8738417676407698
random,2,3,1,test,0.9,0.0,
random,2,3,1,test,0.95,0.0,
random,2,3,1,run_test,0.0,1.0,0.658503168350745
random,2,3,1,run_test,0.5,1.0,0.658503168350745
random,2,3,1,run_test,0.6,0.8390135297139921,0.6766687078995713
random,2,3,1,run_test,0.7,0.3021065250899126,0.8985260770975056
random,2,3,1,run_test,0.8,0.3021065250899126,0.8985260770975056
random,2,3,1,run_test,0.85,0.3021065250899126,0.8985260770975056
random,2,3,1,run_test,0.9,0.0,
random,2,3,1,run_test,0.95,0.0,
random,2,3,2,test,0.0,1.0,0.6756231790223374
random,2,3,2,test,0.5,1.0,0.6756231790223374
random,2,3,2,test,0.6,0.8423438005827129,0.7097104791186267
random,2,3,2,test,0.7,0.3027948634941189,0.8738417676407698
random,2,3,2,test,0.8,0.3027948634941189,0.8738417676407698
random,2,3,2,test,0.85,0.3027948634941189,0.8738417676407698
random,2,3,2,test,0.9,0.0,
random,2,3,2,test,0.95,0.0,
random,2,3,2,run_test,0.0,1.0,0.658503168350745
random,2,3,2,run_test,0.5,1.0,0.658503168350745
random,2,3,2,run_test,0.6,0.8390135297139921,0.6766687078995713
random,2,3,2,run_test,0.7,0.3021065250899126,0.8985260770975056
random,2,3,2,run_test,0.8,0.3021065250899126,0.8985260770975056
random,2,3,2,run_test,0.85,0.3021065250899126,0.8985260770975056
random,2,3,2,run_test,0.9,0.0,
random,2,3,2,run_test,0.95,0.0,
random,2,8,0,test,0.0,1.0,0.6993633322542354
random,2,8,0,test,0.5,0.8425596201575483,0.7433401639344263
random,2,8,0,test,0.6,0.6284666019207942,0.8176510989010989
random,2,8,0,test,0.7,0.43282615733247,0.8775866367489404
random,2,8,0,test,0.8,0.3911729793892306,0.8863448275862069
random,2,8,0,test,0.85,0.2980468328477393,0.9145546705286024
random,2,8,0,test,0.9,0.2980468328477393,0.9145546705286024
random,2,8,0,test,0.95,0.0,
random,2,8,0,run_test,0.0,1.0,0.6747730775817777
random,2,8,0,run_test,0.5,0.8373009076896729,0.7124156269175701
random,2,8,0,run_test,0.6,0.616030142147628,0.8015012510425354
random,2,8,0,run_test,0.7,0.4341496831649255,0.8682445759368836
random,2,8,0,run_test,0.8,0.3848261688645316,0.8762794837561193
random,2,8,0,run_test,0.85,0.2973111834218188,0.9158986175115208
random,2,8,0,run_test,0.9,0.2973111834218188,0.9158986175115208
random,2,8,0,run_test,0.95,0.0,
random,2,8,1,test,0.0,1.0,0.7072407467357289
random,2,8,1,test,0.5,1.0,0.7072407467357289
random,2,8,1,test,0.6,0.8570195316715226,0.7445227902291615
random,2,8,1,test,0.7,0.4505233624689759,0.8522155688622755
random,2,8,1,test,0.8,0.2941620805007014,0.8837123991195891
random,2,8,1,test,0.85,0.1975828207618431,0.9328235936646642
random,2,8,1,test,0.9,0.1975828207618431,0.9328235936646642
random,2,8,1,test,0.95,0.0,
random,2,8,1,run_test,0.0,1.0,0.6990923103271108
random,2,8,1,run_test,0.5,1.0,0.6990923103271108
random,2,8,1,run_test,0.6,0.8554547011474568,0.7235235235235236
random,2,8,1,run_test,0.7,0.4480219215619113,0.8394495412844036
random,2,8,1,run_test,0.8,0.2904606953245419,0.8744103773584906
random,2,8,1,run_test,0.85,0.1979791060113033,0.9472318339100346
random,2,8,1,run_test,0.9,0.1979791060113033,0.9472318339100346
random,2,8,1,run_test,0.95,0.0,
random,2,8,2,test,0.0,1.0,0.714470702492716
random,2,8,2,test,0.5,1.0,0.714470702492716
random,2,8,2,test,0.6,0.7146865220675516,0.7842367507171977
random,2,8,2,test,0.7,0.5426783209237078,0.8236229866772719
random,2,8,2,test,0.8,0.3210316175677133,0.8769747899159663
random,2,8,2,test,0.85,0.1893816769180964,0.9344729344729344
random,2,8,2,test,0.9,0.1893816769180964,0.9344729344729344
random,2,8,2,test,0.95,0.0,
random,2,8,2,run_test,0.0,1.0,0.6860763829422847
random,2,8,2,run_test,0.5,1.0,0.6860763829422847
random,2,8,2,run_test,0.6,0.7114231889022092,0.7749157438613384
random,2,8,2,run_test,0.7,0.5389621510532625,0.802033682872577
random,2,8,2,run_test,0.8,0.3164925500941942,0.8712121212121212
random,2,8,2,run_test,0.85,0.1894159958897071,0.9475587703435804
random,2,8,2,run_test,0.9,0.1894159958897071,0.9475587703435804
random,2,8,2,run_test,0.95,0.0,
random,2,15,0,test,0.0,1.0,0.7089673033344124
random,2,15,0,test,0.5,0.7609798208697529,0.792966534316506
random,2,15,0,test,0.6,0.6754073594475019,0.8255312350215689
random,2,15,0,test,0.7,0.5746196179993526,0.8454460093896714
random,2,15,0,test,0.8,0.4104888313370022,0.8843322818086226
random,2,15,0,test,0.85,0.2844501996331067,0.9207132018209409
random,2,15,0,test,0.9,0.2844501996331067,0.9207132018209409
random,2,15,0,test,0.95,0.0,
random,2,15,0,run_test,0.0,1.0,0.7086829936632985
random,2,15,0,run_test,0.5,0.7609179654050351,0.783479630880036
random,2,15,0,run_test,0.6,0.6615858879945196,0.8133574941755113
random,2,15,0,run_test,0.7,0.5629388593937318,0.8418010343778521
random,2,15,0,run_test,0.8,0.4038362733344751,0.8782866836301951
random,2,15,0,run_test,0.85,0.2815550607980818,0.9300486618004866
random,2,15,0,run_test,0.9,0.2815550607980818,0.9300486618004866
random,2,15,0,run_test,0.95,0.0,
random,2,15,1,test,0.0,1.0,0.719866191863602
random,2,15,1,test,0.5,0.949282399913672,0.7363874047970899
random,2,15,1,test,0.6,0.6257688572353513,0.8225556130367304
random,2,15,1,test,0.7,0.5861659652530484,0.8330265095729014
random,2,15,1,test,0.8,0.3248084601273335,0.9033222591362128
random,2,15,1,test,0.85,0.2538038200064746,0.9328231292517006
random,2,15,1,test,0.9,0.2538038200064746,0.9328231292517006
random,2,15,1,test,0.95,0.0971188086759469,0.94
random,2,15,1,run_test,0.0,1.0,0.7112519266997773
random,2,15,1,run_test,0.5,0.9499914368898784,0.7276005047773572
random,2,15,1,run_test,0.6,0.6170577153622195,0.8023868998057174
random,2,15,1,run_test,0.7,0.5764685733858538,0.8184789067142009
random,2,15,1,run_test,0.8,0.321287891762288,0.9056503198294245
random,2,15,1,run_test,0.85,0.2539818462065422,0.9386378961564396
random,2,15,1,run_test,0.9,0.2539818462065422,0.9386378961564396
random,2,15,1,run_test,0.95,0.0938516869326939,0.937956204379562
random,2,15,2,test,0.0,1.0,0.7250458616596526
random,2,15,2,test,0.5,0.9438869105427864,0.7423116497084715
random,2,15,2,test,0.6,0.7035718139635265,0.8053680981595092
random,2,15,2,test,0.7,0.5475342613575052,0.8498226251478124
random,2,15,2,test,0.8,0.4373583684040142,0.8793486306439674
random,2,15,2,test,0.85,0.261681234487968,0.928659793814433
random,2,15,2,test,0.9,0.261681234487968,0.928659793814433
random,2,15,2,test,0.95,0.0418689975180748,0.922680412371134
random,2,15,2,run_test,0.0,1.0,0.7047439630073643
random,2,15,2,run_test,0.5,0.9402294913512588,0.7296903460837887
random,2,15,2,run_test,0.6,0.7023462921733173,0.7929773226042429
random,2,15,2,run_test,0.7,0.5387908888508306,0.8385251112523839
random,2,15,2,run_test,0.8,0.4319232745333105,0.8695479777954005
random,2,15,2,run_test,0.85,0.2616886453159787,0.93717277486911
random,2,15,2,run_test,0.9,0.2616886453159787,0.93717277486911
random,2,15,2,run_test,0.95,0.042301764000685,0.902834008097166
random,2,25,0,test,0.0,1.0,0.7116650480198554
random,2,25,0,test,0.5,0.8670551419013705,0.7462352209085252
random,2,25,0,test,0.6,0.654257041113629,0.8132937489691572
random,2,25,0,test,0.7,0.5167799719434553,0.8494466485696388
random,2,25,0,test,0.8,0.3826481061832308,0.8993231810490694
random,2,25,0,test,0.85,0.3251321894895867,0.9097245270494524
random,2,25,0,test,0.9,0.2655659868350059,0.9321414059325478
random,2,25,0,test,0.95,0.0,
random,2,25,0,run_test,0.0,1.0,0.7018325055660216
random,2,25,0,run_test,0.5,0.8689844151395787,0.7378793851005124
random,2,25,0,run_test,0.6,0.6514814180510361,0.804416403785489
random,2,25,0,run_test,0.7,0.5064223325911972,0.8403787622590463
random,2,25,0,run_test,0.8,0.3714677170748416,0.8939603503918857
random,2,25,0,run_test,0.85,0.3152937146771707,0.906572514937534
random,2,25,0,run_test,0.9,0.2582634012673403,0.9363395225464192
random,2,25,0,run_test,0.95,0.0,
random,2,25,1,test,0.0,1.0,0.7111254990827668
random,2,25,1,test,0.5,0.8734218193590159,0.7522856436866815
random,2,25,1,test,0.6,0.6741124419984893,0.8136705618696974
random,2,25,1,test,0.7,0.5302686953706701,0.8542938542938543
random,2,25,1,test,0.8,0.4218193590158627,0.8789971859810694
random,2,25,1,test,0.85,0.2848818387827776,0.9268939393939394
random,2,25,1,test,0.9,0.2748462285529297,0.928543384373773
random,2,25,1,test,0.95,0.0,
random,2,25,1,run_test,0.0,1.0,0.7042301764000685
random,2,25,1,run_test,0.5,0.8756636410344237,0.7439859182476042
random,2,25,1,run_test,0.6,0.6706627847234116,0.8066905005107252
random,2,25,1,run_test,0.7,0.5226922418222298,0.8325688073394495
random,2,25,1,run_test,0.8,0.4130844322657989,0.8631840796019901
random,2,25,1,run_test,0.85,0.2836102072272649,0.9233091787439612
random,2,25,1,run_test,0.9,0.2741907860935091,0.9275452841973766
random,2,25,1,run_test,0.95,0.0,
random,2,25,2,test,0.0,1.0,0.7187870939894249
random,2,25,2,test,0.5,0.8580986295456998,0.7600603621730382
random,2,25,2,test,0.6,0.7075644760979821,0.8043312490468202
random,2,25,2,test,0.7,0.5810942052444157,0.8369545032497678
random,2,25,2,test,0.8,0.3318225963094853,0.911869918699187
random,2,25,2,test,0.85,0.2856372072947016,0.9236871930487344
random,2,25,2,test,0.9,0.2856372072947016,0.9236871930487344
random,2,25,2,test,0.95,0.0,
random,2,25,2,run_test,0.0,1.0,0.700976194553862
random,2,25,2,run_test,0.5,0.8580236341839356,0.7415169660678643
random,2,25,2,run_test,0.6,0.7020037677684535,0.7984874359599903
random,2,25,2,run_test,0.7,0.5723582805274876,0.8204667863554758
random,2,25,2,run_test,0.8,0.3260832334303819,0.9038865546218487
random,2,25,2,run_test,0.85,0.2777872923445795,0.9192355117139334
random,2,25,2,run_test,0.9,0.2777872923445795,0.9192355117139334
random,2,25,2,run_test,0.95,0.0,
random,2,37,0,test,0.0,0.9996762706377468,0.7189119170984456
random,2,37,0,test,0.5,0.8809755044782562,0.7512248897599216
random,2,37,0,test,0.6,0.7590374446962339,0.7962752345749218
random,2,37,0,test,0.7,0.5520664724290493,0.8461688819390148
random,2,37,0,test,0.8,0.3648429912593072,0.8941141674060928
random,2,37,0,test,0.85,0.2732275817416639,0.9257503949447078
random,2,37,0,test,0.9,0.2490557893600949,0.9319757365684576
random,2,37,0,test,0.95,0.0059350383079745,0.7090909090909091
random,2,37,0,run_test,0.0,0.999828737797568,0.7142857142857143
random,2,37,0,run_test,0.5,0.8804589827025175,0.7440186734098424
random,2,37,0,run_test,0.6,0.7550950505223497,0.7847584486278067
random,2,37,0,run_test,0.7,0.5441000171262202,0.8303430909663204
random,2,37,0,run_test,0.8,0.3606781983216304,0.8741690408357075
random,2,37,0,run_test,0.85,0.267854084603528,0.9143222506393862
random,2,37,0,run_test,0.9,0.2433635896557629,0.9218859957776214
random,2,37,0,run_test,0.95,0.0085631101215961,0.68
random,2,37,1,test,0.0,1.0,0.7253695910219057
random,2,37,1,test,0.5,0.8534585086867379,0.767606524212922
random,2,37,1,test,0.6,0.6856587892521852,0.8213723638652817
random,2,37,1,test,0.7,0.6061292759253264,0.8388819654619903
random,2,37,1,test,0.8,0.3842667529944966,0.8893569222128616
random,2,37,1,test,0.85,0.2901694183662458,0.9200446262551134
random,2,37,1,test,0.9,0.2499190676594367,0.9300518134715026
random,2,37,1,test,0.95,0.0221215064206323,0.926829268292683
random,2,37,1,run_test,0.0,1.0,0.703202603185477
random,2,37,1,run_test,0.5,0.8540846035280014,0.7473430920393022
random,2,37,1,run_test,0.6,0.6838499743106696,0.8074129727022289
random,2,37,1,run_test,0.7,0.5934235314266142,0.8297258297258298
random,2,37,1,run_test,0.8,0.3709539304675458,0.8818097876269622
random,2,37,1,run_test,0.85,0.2798424387737626,0.9130966952264382
random,2,37,1,run_test,0.9,0.2430210652508991,0.927413671599718
random,2,37,1,run_test,0.95,0.0205514642918307,0.8833333333333333
random,2,37,2,test,0.0,0.9987050825509872,0.7067531064289573
random,2,37,2,test,0.5,0.8214093018236754,0.7765370467682606
random,2,37,2,test,0.6,0.7430667961584115,0.8038048213767064
random,2,37,2,test,0.7,0.6344016402287688,0.8353461473039633
random,2,37,2,test,0.8,0.4298046832847739,0.8782324880743159
random,2,37,2,test,0.85,0.3128304737239668,0.904794756812694
random,2,37,2,test,0.9,0.2254235459156145,0.9272379128769748
random,2,37,2,test,0.95,0.0,
random,2,37,2,run_test,0.0,0.9981161157732488,0.6986959505833905
random,2,37,2,run_test,0.5,0.8186333276245933,0.7631799163179916
random,2,37,2,run_test,0.6,0.7340297996232231,0.7895473635090994
random,2,37,2,run_test,0.7,0.6220243192327454,0.8213105726872246
random,2,37,2,run_test,0.8,0.4177085117314608,0.8700287002870029
random,2,37,2,run_test,0.85,0.3053605069361192,0.904655075715087
random,2,37,2,run_test,0.9,0.2185305703031341,0.927115987460815
random,2,37,2,run_test,0.95,0.0,
random,2,50,0,test,0.0,0.9998920902125824,0.7150874163608892
random,2,50,0,test,0.5,0.9095715981439516,0.7455214141653814
random,2,50,0,test,0.6,0.7440379842451711,0.7943437273386512
random,2,50,0,test,0.7,0.5531455703032265,0.8466640655481857
random,2,50,0,test,0.8,0.4135103053846984,0.8713465553235908
random,2,50,0,test,0.85,0.2786230711125499,0.912858249419055
random,2,50,0,test,0.9,0.2392359987050825,0.9291835814163284
random,2,50,0,test,0.95,0.0173734757742527,0.937888198757764
random,2,50,0,run_test,0.0,1.0,0.7056002740195239
random,2,50,0,run_test,0.5,0.910429868128104,0.7349510910458992
random,2,50,0,run_test,0.6,0.7479020380202089,0.7813144034806503
random,2,50,0,run_test,0.7,0.5447850659359479,0.8421879911977366
random,2,50,0,run_test,0.8,0.3986984072615174,0.8616838487972509
random,2,50,0,run_test,0.85,0.2728206884740538,0.9058380414312618
random,2,50,0,run_test,0.9,0.2351430039390306,0.9242534595775672
random,2,50,0,run_test,0.95,0.0167836958383284,0.8571428571428571
random,2,50,1,test,0.0,0.999244631488076,0.7242980561555076
random,2,50,1,test,0.5,0.9059026653717492,0.7446098868374033
random,2,50,1,test,0.6,0.701845257364843,0.8056580565805658
random,2,50,1,test,0.7,0.5727851516132513,0.8408063300678221
random,2,50,1,test,0.8,0.3845904823567497,0.8768237934904601
random,2,50,1,test,0.85,0.2661055357720945,0.924574209245742
random,2,50,1,test,0.9,0.2448473076508039,0.9316879682679594
random,2,50,1,test,0.95,0.0484514945505557,0.9198218262806236
random,2,50,1,run_test,0.0,0.997944853570817,0.7053372232709799
random,2,50,1,run_test,0.5,0.9128275389621512,0.7238273921200751
random,2,50,1,run_test,0.6,0.7023462921733173,0.7863935625457206
random,2,50,1,run_test,0.7,0.5689330364788491,0.8260084286574353
random,2,50,1,run_test,0.8,0.3711251926699777,0.8707891093677895
random,2,50,1,run_test,0.85,0.2604898098989553,0.9237343852728468
random,2,50,1,run_test,0.9,0.2392532967973968,0.9312813171080888
random,2,50,1,run_test,0.95,0.0472683678712108,0.8478260869565217
random,2,50,2,test,0.0,1.0,0.7139311535556275
random,2,50,2,test,0.5,0.8621992014675731,0.7583229036295369
random,2,50,2,test,0.6,0.6755152692349196,0.8059105431309904
random,2,50,2,test,0.7,0.4898025250890255,0.8554747741793347
random,2,50,2,test,0.8,0.4615301607855832,0.8693009118541033
random,2,50,2,test,0.85,0.3013920362576885,0.907626208378088
random,2,50,2,test,0.9,0.240207186791842,0.9209344115004492
random,2,50,2,test,0.95,0.0418689975180748,0.8608247422680413
random,2,50,2,run_test,0.0,1.0,0.7013187189587258
random,2,50,2,run_test,0.5,0.8602500428155506,0.7457694604817838
random,2,50,2,run_test,0.6,0.6759719129988012,0.7869267798327844
random,2,50,2,run_test,0.7,0.491179996574756,0.851115760111576
random,2,50,2,run_test,0.8,0.4629217331734886,0.8594154642989271
random,2,50,2,run_test,0.85,0.3036478849117999,0.9114495205865764
random,2,50,2,run_test,0.9,0.2389107723925329,0.9204301075268816
random,2,50,2,run_test,0.95,0.0414454529885254,0.8223140495867769
pixel_pca,-1,3,0,test,0.0,1.0,0.6250134887234272
pixel_pca,-1,3,0,test,0.5,1.0,0.6250134887234272
pixel_pca,-1,3,0,test,0.6,0.5924247329232761,0.7081967213114754
pixel_pca,-1,3,0,test,0.7,0.3296644005611309,0.7466448445171849
pixel_pca,-1,3,0,test,0.8,0.0,
pixel_pca,-1,3,0,test,0.85,0.0,
pixel_pca,-1,3,0,test,0.9,0.0,
pixel_pca,-1,3,0,test,0.95,0.0,
pixel_pca,-1,3,0,run_test,0.0,1.0,0.584689159102586
pixel_pca,-1,3,0,run_test,0.5,1.0,0.584689159102586
pixel_pca,-1,3,0,run_test,0.6,0.5911971227949991,0.6749710312862109
pixel_pca,-1,3,0,run_test,0.7,0.3341325569446823,0.7467965146078934
pixel_pca,-1,3,0,run_test,0.8,0.0,
pixel_pca,-1,3,0,run_test,0.85,0.0,
pixel_pca,-1,3,0,run_test,0.9,0.0,
pixel_pca,-1,3,0,run_test,0.95,0.0,
pixel_pca,-1,3,1,test,0.0,1.0,0.6247976691485918
pixel_pca,-1,3,1,test,0.5,1.0,0.6247976691485918
pixel_pca,-1,3,1,test,0.6,0.5912377252616813,0.7077933929549188
pixel_pca,-1,3,1,test,0.7,0.3294485809862955,0.7464788732394366
pixel_pca,-1,3,1,test,0.8,0.0,
pixel_pca,-1,3,1,test,0.85,0.0,
pixel_pca,-1,3,1,test,0.9,0.0,
pixel_pca,-1,3,1,test,0.95,0.0,
pixel_pca,-1,3,1,run_test,0.0,1.0,0.5850316835074499
pixel_pca,-1,3,1,run_test,0.5,1.0,0.5850316835074499
pixel_pca,-1,3,1,run_test,0.6,0.5889707141633841,0.6754870601919163
pixel_pca,-1,3,1,run_test,0.7,0.3334475081349546,0.7483307652799178
pixel_pca,-1,3,1,run_test,0.8,0.0,
pixel_pca,-1,3,1,run_test,0.85,0.0,
pixel_pca,-1,3,1,run_test,0.9,0.0,
pixel_pca,-1,3,1,run_test,0.95,0.0,
pixel_pca,-1,3,2,test,0.0,1.0,0.6247976691485918
pixel_pca,-1,3,2,test,0.5,1.0,0.6247976691485918
pixel_pca,-1,3,2,test,0.6,0.5912377252616813,0.7077933929549188
pixel_pca,-1,3,2,test,0.7,0.3294485809862955,0.7464788732394366
pixel_pca,-1,3,2,test,0.8,0.0,
pixel_pca,-1,3,2,test,0.85,0.0,
pixel_pca,-1,3,2,test,0.9,0.0,
pixel_pca,-1,3,2,test,0.95,0.0,
pixel_pca,-1,3,2,run_test,0.0,1.0,0.5850316835074499
pixel_pca,-1,3,2,run_test,0.5,1.0,0.5850316835074499
pixel_pca,-1,3,2,run_test,0.6,0.5891419763658161,0.6755813953488372
pixel_pca,-1,3,2,run_test,0.7,0.3334475081349546,0.7483307652799178
pixel_pca,-1,3,2,run_test,0.8,0.0,
pixel_pca,-1,3,2,run_test,0.85,0.0,
pixel_pca,-1,3,2,run_test,0.9,0.0,
pixel_pca,-1,3,2,run_test,0.95,0.0,
pixel_pca,-1,8,0,test,0.0,1.0,0.6655875687924895
pixel_pca,-1,8,0,test,0.5,0.8904715657710154,0.7040717401841978
pixel_pca,-1,8,0,test,0.6,0.6297615193698068,0.7863262508567512
pixel_pca,-1,8,0,test,0.7,0.3663537282831552,0.8736377025036819
pixel_pca,-1,8,0,test,0.8,0.2572569332038416,0.9366610738255032
pixel_pca,-1,8,0,test,0.85,0.2572569332038416,0.9366610738255032
pixel_pca,-1,8,0,test,0.9,0.2572569332038416,0.9366610738255032
pixel_pca,-1,8,0,test,0.95,0.0,
pixel_pca,-1,8,0,run_test,0.0,1.0,0.6280184963178627
pixel_pca,-1,8,0,run_test,0.5,0.8919335502654564,0.668778801843318
pixel_pca,-1,8,0,run_test,0.6,0.6103784894673745,0.7474747474747475
pixel_pca,-1,8,0,run_test,0.7,0.354855283438945,0.8571428571428571
pixel_pca,-1,8,0,run_test,0.8,0.2574070902551806,0.9321357285429142
pixel_pca,-1,8,0,run_test,0.85,0.2574070902551806,0.9321357285429142
pixel_pca,-1,8,0,run_test,0.9,0.2574070902551806,0.9321357285429142
pixel_pca,-1,8,0,run_test,0.95,0.0,
pixel_pca,-1,8,1,test,0.0,1.0,0.682637315204489
pixel_pca,-1,8,1,test,0.5,0.8865868134239776,0.7227361246348588
pixel_pca,-1,8,1,test,0.6,0.5216359123772526,0.8318163011998345
pixel_pca,-1,8,1,test,0.7,0.5216359123772526,0.8318163011998345
pixel_pca,-1,8,1,test,0.8,0.2640552498111578,0.9342051491622396
pixel_pca,-1,8,1,test,0.85,0.2640552498111578,0.9342051491622396
pixel_pca,-1,8,1,test,0.9,0.2640552498111578,0.9342051491622396
pixel_pca,-1,8,1,test,0.95,0.0,
pixel_pca,-1,8,1,run_test,0.0,1.0,0.6478849117999658
pixel_pca,-1,8,1,run_test,0.5,0.8866244219900667,0.6922928336874637
pixel_pca,-1,8,1,run_test,0.6,0.5071073814009248,0.8098615332657886
pixel_pca,-1,8,1,run_test,0.7,0.5071073814009248,0.8098615332657886
pixel_pca,-1,8,1,run_test,0.8,0.2666552491865045,0.9261400128452152
pixel_pca,-1,8,1,run_test,0.85,0.2666552491865045,0.9261400128452152
pixel_pca,-1,8,1,run_test,0.9,0.2666552491865045,0.9261400128452152
pixel_pca,-1,8,1,run_test,0.95,0.0,
pixel_pca,-1,8,2,test,0.0,1.0,0.6655875687924895
pixel_pca,-1,8,2,test,0.5,0.8904715657710154,0.7040717401841978
pixel_pca,-1,8,2,test,0.6,0.6297615193698068,0.7863262508567512
pixel_pca,-1,8,2,test,0.7,0.3663537282831552,0.8736377025036819
pixel_pca,-1,8,2,test,0.8,0.2572569332038416,0.9366610738255032
pixel_pca,-1,8,2,test,0.85,0.2572569332038416,0.9366610738255032
pixel_pca,-1,8,2,test,0.9,0.2572569332038416,0.9366610738255032
pixel_pca,-1,8,2,test,0.95,0.0,
pixel_pca,-1,8,2,run_test,0.0,1.0,0.6278472341154308
pixel_pca,-1,8,2,run_test,0.5,0.8919335502654564,0.6685867895545314
pixel_pca,-1,8,2,run_test,0.6,0.6102072272649426,0.7474038731406119
pixel_pca,-1,8,2,run_test,0.7,0.354855283438945,0.8571428571428571
pixel_pca,-1,8,2,run_test,0.8,0.2574070902551806,0.9321357285429142
pixel_pca,-1,8,2,run_test,0.85,0.2574070902551806,0.9321357285429142
pixel_pca,-1,8,2,run_test,0.9,0.2574070902551806,0.9321357285429142
pixel_pca,-1,8,2,run_test,0.95,0.0,
pixel_pca,-1,15,0,test,0.0,1.0,0.720621560375526
pixel_pca,-1,15,0,test,0.5,0.8243228660839538,0.7762796177510145
pixel_pca,-1,15,0,test,0.6,0.765943671090968,0.7981121442659904
pixel_pca,-1,15,0,test,0.7,0.7212690191000324,0.8098444045481747
pixel_pca,-1,15,0,test,0.8,0.2680479119456134,0.9102254428341384
pixel_pca,-1,15,0,test,0.85,0.18495737563397,0.971995332555426
pixel_pca,-1,15,0,test,0.9,0.18495737563397,0.971995332555426
pixel_pca,-1,15,0,test,0.95,0.0913995899428078,0.9787485242030696
pixel_pca,-1,15,0,run_test,0.0,1.0,0.6980647371125193
pixel_pca,-1,15,0,run_test,0.5,0.817091967802706,0.7509955984070426
pixel_pca,-1,15,0,run_test,0.6,0.7581777701661243,0.7772758075446126
pixel_pca,-1,15,0,run_test,0.7,0.7124507621168008,0.7911057692307693
pixel_pca,-1,15,0,run_test,0.8,0.2635725295427299,0.9200779727095516
pixel_pca,-1,15,0,run_test,0.85,0.1820517211851344,0.9717779868297272
pixel_pca,-1,15,0,run_test,0.9,0.1820517211851344,0.9717779868297272
pixel_pca,-1,15,0,run_test,0.95,0.0888850830621681,0.978805394990366
pixel_pca,-1,15,1,test,0.0,1.0,0.7128520556814503
pixel_pca,-1,15,1,test,0.5,0.8704003453113197,0.7598561864616911
pixel_pca,-1,15,1,test,0.6,0.8121290601057516,0.7761094871113473
pixel_pca,-1,15,1,test,0.7,0.6306247976691486,0.8204996577686516
pixel_pca,-1,15,1,test,0.8,0.2829394626092587,0.9279176201372996
pixel_pca,-1,15,1,test,0.85,0.2410704650911837,0.9606087735004476
pixel_pca,-1,15,1,test,0.9,0.2410704650911837,0.9606087735004476
pixel_pca,-1,15,1,test,0.95,0.0921549584547318,0.977751756440281
pixel_pca,-1,15,1,run_test,0.0,1.0,0.6953245418736085
pixel_pca,-1,15,1,run_test,0.5,0.8664154821030998,0.742439217236608
pixel_pca,-1,15,1,run_test,0.6,0.8040760404178797,0.7476038338658147
pixel_pca,-1,15,1,run_test,0.7,0.6323000513786607,0.7984832069339112
pixel_pca,-1,15,1,run_test,0.8,0.2735057372837814,0.9323731997495304
pixel_pca,-1,15,1,run_test,0.85,0.2300051378660729,0.9620253164556962
pixel_pca,-1,15,1,run_test,0.9,0.2300051378660729,0.9620253164556962
pixel_pca,-1,15,1,run_test,0.95,0.0907689672889193,0.9735849056603774
pixel_pca,-1,15,2,test,0.0,1.0,0.7281752454947664
pixel_pca,-1,15,2,test,0.5,0.8844286176756232,0.7643972669594924
pixel_pca,-1,15,2,test,0.6,0.8844286176756232,0.7643972669594924
pixel_pca,-1,15,2,test,0.7,0.6477824538685659,0.8255872063968016
pixel_pca,-1,15,2,test,0.8,0.2789468004748031,0.925338491295938
pixel_pca,-1,15,2,test,0.85,0.2361066148699687,0.9561243144424132
pixel_pca,-1,15,2,test,0.9,0.2361066148699687,0.9561243144424132
pixel_pca,-1,15,2,test,0.95,0.0920470486673141,0.9800703399765534
pixel_pca,-1,15,2,run_test,0.0,1.0,0.6992635725295427
pixel_pca,-1,15,2,run_test,0.5,0.8792601472854941,0.7399688352162057
pixel_pca,-1,15,2,run_test,0.6,0.8792601472854941,0.7399688352162057
pixel_pca,-1,15,2,run_test,0.7,0.6353827710224353,0.8088948787061995
pixel_pca,-1,15,2,run_test,0.8,0.2719643774618941,0.92632241813602
pixel_pca,-1,15,2,run_test,0.85,0.227607467032026,0.9556057185854026
pixel_pca,-1,15,2,run_test,0.9,0.227607467032026,0.9556057185854026
pixel_pca,-1,15,2,run_test,0.95,0.089227607467032,0.982725527831094
pixel_pca,-1,25,0,test,0.0,1.0,0.7506204812776519
pixel_pca,-1,25,0,test,0.5,0.8822704219272688,0.7935420743639922
pixel_pca,-1,25,0,test,0.6,0.7420956080716521,0.8407735931365421
pixel_pca,-1,25,0,test,0.7,0.5854105967411244,0.8772350230414746
pixel_pca,-1,25,0,test,0.8,0.5104132944858099,0.893446088794926
pixel_pca,-1,25,0,test,0.85,0.4066040789899643,0.9219745222929936
pixel_pca,-1,25,0,test,0.9,0.3805978202222941,0.9279841224836972
pixel_pca,-1,25,0,test,0.95,0.1207510521204273,0.9642537980339588
pixel_pca,-1,25,0,run_test,0.0,1.0,0.7496146600445281
pixel_pca,-1,25,0,run_test,0.5,0.8790888850830622,0.8001168907071888
pixel_pca,-1,25,0,run_test,0.6,0.7316321287891763,0.8333333333333334
pixel_pca,-1,25,0,run_test,0.7,0.5797225552320603,0.8723781388478582
pixel_pca,-1,25,0,run_test,0.8,0.5069361191984929,0.8908783783783784
pixel_pca,-1,25,0,run_test,0.85,0.3974995718444939,0.917707884532529
pixel_pca,-1,25,0,run_test,0.9,0.3738653879088885,0.9257901969766376
pixel_pca,-1,25,0,run_test,0.95,0.1126905292002055,0.9756838905775076
pixel_pca,-1,25,1,test,0.0,1.0,0.7450091723319305
pixel_pca,-1,25,1,test,0.5,0.8379194992985863,0.8006439150032195
pixel_pca,-1,25,1,test,0.6,0.7262328693212474,0.8411589895988113
pixel_pca,-1,25,1,test,0.7,0.6363440164022877,0.8611158216042055
pixel_pca,-1,25,1,test,0.8,0.4961692025466709,0.902348847324924
pixel_pca,-1,25,1,test,0.85,0.3805978202222941,0.9319535015593988
pixel_pca,-1,25,1,test,0.9,0.2950253588000431,0.9531821506949524
pixel_pca,-1,25,1,test,0.95,0.1101758929534908,0.9755142017629774
pixel_pca,-1,25,1,run_test,0.0,1.0,0.7294057201575612
pixel_pca,-1,25,1,run_test,0.5,0.8345607124507621,0.7925302688282372
pixel_pca,-1,25,1,run_test,0.6,0.7049152252097962,0.8381924198250729
pixel_pca,-1,25,1,run_test,0.7,0.6201404350059941,0.8552885943109638
pixel_pca,-1,25,1,run_test,0.8,0.4738825141291317,0.8955547524394651
pixel_pca,-1,25,1,run_test,0.85,0.3644459667751327,0.918703007518797
pixel_pca,-1,25,1,run_test,0.9,0.2892618599075184,0.9413854351687388
pixel_pca,-1,25,1,run_test,0.95,0.1123480047953416,0.9542682926829268
pixel_pca,-1,25,2,test,0.0,1.0,0.7651883025790439
pixel_pca,-1,25,2,test,0.5,0.8829178806517751,0.8046932290393547
pixel_pca,-1,25,2,test,0.6,0.8118053307434985,0.8198856839026983
pixel_pca,-1,25,2,test,0.7,0.6433581525844394,0.8666554847366655
pixel_pca,-1,25,2,test,0.8,0.5077155498003669,0.8879914984059512
pixel_pca,-1,25,2,test,0.85,0.3596633214632567,0.931893189318932
pixel_pca,-1,25,2,test,0.9,0.2812129060105751,0.9524174980813508
pixel_pca,-1,25,2,test,0.95,0.1219380597820222,0.9690265486725664
pixel_pca,-1,25,2,run_test,0.0,1.0,0.7525261174858708
pixel_pca,-1,25,2,run_test,0.5,0.8792601472854941,0.7984028048305415
pixel_pca,-1,25,2,run_test,0.6,0.799109436547354,0.8084012001714531
pixel_pca,-1,25,2,run_test,0.7,0.6259633498886795,0.8585499316005472
pixel_pca,-1,25,2,run_test,0.8,0.4946052406233944,0.8846952908587258
pixel_pca,-1,25,2,run_test,0.85,0.3401267340297996,0.9204431017119838
pixel_pca,-1,25,2,run_test,0.9,0.2675115601986642,0.9481434058898848
pixel_pca,-1,25,2,run_test,0.95,0.1128617914026374,0.9802731411229136
pixel_pca,-1,37,0,test,0.0,1.0,0.7576346174598036
pixel_pca,-1,37,0,test,0.5,0.8504370346390417,0.821215581778962
pixel_pca,-1,37,0,test,0.6,0.7519153987266645,0.8557692307692307
pixel_pca,-1,37,0,test,0.7,0.6973130462932988,0.8768183225007737
pixel_pca,-1,37,0,test,0.8,0.5483975396568469,0.910271546635183
pixel_pca,-1,37,0,test,0.85,0.4780403582604942,0.9218961625282168
pixel_pca,-1,37,0,test,0.9,0.3897701521528002,0.9371539313399778
pixel_pca,-1,37,0,test,0.95,0.1812884428617675,0.955952380952381
pixel_pca,-1,37,0,run_test,0.0,1.0,0.7547525261174859
pixel_pca,-1,37,0,run_test,0.5,0.8518581948963864,0.8186570164857258
pixel_pca,-1,37,0,run_test,0.6,0.7413940743277958,0.8540078540078541
pixel_pca,-1,37,0,run_test,0.7,0.6809385168693269,0.8717303822937625
pixel_pca,-1,37,0,run_test,0.8,0.5232060284295256,0.9018003273322422
pixel_pca,-1,37,0,run_test,0.85,0.4677170748415825,0.9132186012449652
pixel_pca,-1,37,0,run_test,0.9,0.3776331563623908,0.926530612244898
pixel_pca,-1,37,0,run_test,0.95,0.1755437574927213,0.9551219512195122
pixel_pca,-1,37,1,test,0.0,1.0,0.7525628574511708
pixel_pca,-1,37,1,test,0.5,0.894464227905471,0.7910483773675956
pixel_pca,-1,37,1,test,0.6,0.7854753426135751,0.8307459815908779
pixel_pca,-1,37,1,test,0.7,0.6703355994388691,0.8686413393432066
pixel_pca,-1,37,1,test,0.8,0.5298370562209992,0.9077393075356416
pixel_pca,-1,37,1,test,0.85,0.4446962339484191,0.9262314972094152
pixel_pca,-1,37,1,test,0.9,0.3371101758929535,0.9471830985915493
pixel_pca,-1,37,1,test,0.95,0.1656415236861983,0.958957654723127
pixel_pca,-1,37,1,run_test,0.0,1.0,0.7607467032026032
pixel_pca,-1,37,1,run_test,0.5,0.9001541359821887,0.7985159817351598
pixel_pca,-1,37,1,run_test,0.6,0.7787292344579552,0.8335166043545195
pixel_pca,-1,37,1,run_test,0.7,0.6694639493063881,0.8557175748273216
pixel_pca,-1,37,1,run_test,0.8,0.5235485528343895,0.8966306836768073
pixel_pca,-1,37,1,run_test,0.85,0.4296968659016955,0.9174970107612594
pixel_pca,-1,37,1,run_test,0.9,0.3324199349203631,0.93456980937661
pixel_pca,-1,37,1,run_test,0.95,0.1635554033224867,0.9539267015706806
pixel_pca,-1,37,2,test,0.0,1.0,0.7549368727743606
pixel_pca,-1,37,2,test,0.5,0.8111578720189921,0.8263935080484236
pixel_pca,-1,37,2,test,0.6,0.7385345850868674,0.8521332554061952
pixel_pca,-1,37,2,test,0.7,0.6198338189273768,0.8915389972144847
pixel_pca,-1,37,2,test,0.8,0.5212042732275818,0.903726708074534
pixel_pca,-1,37,2,test,0.85,0.4076831768641415,0.9327686606670196
pixel_pca,-1,37,2,test,0.9,0.3731520448904715,0.943609022556391
pixel_pca,-1,37,2,test,0.95,0.229847847199741,0.9488262910798122
pixel_pca,-1,37,2,run_test,0.0,1.0,0.7530399040931667
pixel_pca,-1,37,2,run_test,0.5,0.7999657475595137,0.8302290730036395
pixel_pca,-1,37,2,run_test,0.6,0.7307758177770166,0.8537614248886806
pixel_pca,-1,37,2,run_test,0.7,0.6172289775646514,0.8834628190899001
pixel_pca,-1,37,2,run_test,0.8,0.5139578694982018,0.8980339886704432
pixel_pca,-1,37,2,run_test,0.85,0.4093166638122966,0.9238493723849373
pixel_pca,-1,37,2,run_test,0.9,0.3759205343380716,0.9298405466970388
pixel_pca,-1,37,2,run_test,0.95,0.2313752354855283,0.931162102146558
pixel_pca,-1,50,0,test,0.0,1.0,0.783964605589727
pixel_pca,-1,50,0,test,0.5,0.8928455810942052,0.8288614938361131
pixel_pca,-1,50,0,test,0.6,0.819682745224992,0.85202738283307
pixel_pca,-1,50,0,test,0.7,0.7221322973993741,0.8815002988643156
pixel_pca,-1,50,0,test,0.8,0.5971727635696558,0.903324900614384
pixel_pca,-1,50,0,test,0.85,0.5069601812884429,0.9191145168156662
pixel_pca,-1,50,0,test,0.9,0.3530808244307759,0.9449877750611247
pixel_pca,-1,50,0,test,0.95,0.1549584547318442,0.9693593314763232
pixel_pca,-1,50,0,run_test,0.0,1.0,0.7756465148141806
pixel_pca,-1,50,0,run_test,0.5,0.888508306216818,0.825366229760987
pixel_pca,-1,50,0,run_test,0.6,0.8107552663127248,0.8417828474862695
pixel_pca,-1,50,0,run_test,0.7,0.7182736769994862,0.8662374821173104
pixel_pca,-1,50,0,run_test,0.8,0.6001027573214591,0.891837899543379
pixel_pca,-1,50,0,run_test,0.85,0.5083062168179483,0.9036388140161724
pixel_pca,-1,50,0,run_test,0.9,0.3480047953416681,0.9311023622047244
pixel_pca,-1,50,0,run_test,0.95,0.1558486042130502,0.9604395604395604
pixel_pca,-1,50,1,test,0.0,1.0,0.7727419876982843
pixel_pca,-1,50,1,test,0.5,0.9442106399050394,0.7957714285714286
pixel_pca,-1,50,1,test,0.6,0.7657278515161325,0.8661217587373168
pixel_pca,-1,50,1,test,0.7,0.7370238480630193,0.8740849194729137
pixel_pca,-1,50,1,test,0.8,0.5918851839861875,0.911577028258888
pixel_pca,-1,50,1,test,0.85,0.4705945829286716,0.9309791332263242
pixel_pca,-1,50,1,test,0.9,0.349196072083738,0.949629171817058
pixel_pca,-1,50,1,test,0.95,0.1902449552174382,0.9653998865570051
pixel_pca,-1,50,1,run_test,0.0,1.0,0.7612604898098989
pixel_pca,-1,50,1,run_test,0.5,0.9434834731974652,0.7859865674351062
pixel_pca,-1,50,1,run_test,0.6,0.7665696180852886,0.8478552278820375
pixel_pca,-1,50,1,run_test,0.7,0.7347148484329509,0.858041958041958
pixel_pca,-1,50,1,run_test,0.8,0.5829765370782668,0.8924794359576969
pixel_pca,-1,50,1,run_test,0.85,0.4694296968659017,0.916089018606348
pixel_pca,-1,50,1,run_test,0.9,0.3430381914711423,0.9350973539690464
pixel_pca,-1,50,1,run_test,0.95,0.1815379345778386,0.9641509433962264
pixel_pca,-1,50,2,test,0.0,1.0,0.7753318225963095
pixel_pca,-1,50,2,test,0.5,0.8977015215280026,0.8174059382137276
pixel_pca,-1,50,2,test,0.6,0.8083522175461314,0.8490188225871045
pixel_pca,-1,50,2,test,0.7,0.6624581849573756,0.8836944127708096
pixel_pca,-1,50,2,test,0.8,0.5753749865112766,0.90735183795949
pixel_pca,-1,50,2,test,0.85,0.4512787309809,0.9296987087517934
pixel_pca,-1,50,2,test,0.9,0.3662458184957375,0.9510901591043016
pixel_pca,-1,50,2,test,0.95,0.2031941297075644,0.9596388741370154
pixel_pca,-1,50,2,run_test,0.0,1.0,0.7711936975509505
pixel_pca,-1,50,2,run_test,0.5,0.8984415139578695,0.8158597026305757
pixel_pca,-1,50,2,run_test,0.6,0.8087001198835417,0.8434985175772978
pixel_pca,-1,50,2,run_test,0.7,0.6519952046583319,0.8786446020488574
pixel_pca,-1,50,2,run_test,0.8,0.5619112861791402,0.9021639743980494
pixel_pca,-1,50,2,run_test,0.85,0.4533310498373009,0.9259539100868908
pixel_pca,-1,50,2,run_test,0.9,0.3670148998116115,0.9435370975268316
pixel_pca,-1,50,2,run_test,0.95,0.1978078438088713,0.961038961038961
ae,0,3,0,test,0.0,1.0,0.7519153987266645
ae,0,3,0,test,0.5,1.0,0.7519153987266645
ae,0,3,0,test,0.6,1.0,0.7519153987266645
ae,0,3,0,test,0.7,0.4475018884212798,0.849770918736436
ae,0,3,0,test,0.8,0.28239991367217,0.9327474207107376
ae,0,3,0,test,0.85,0.28239991367217,0.9327474207107376
ae,0,3,0,test,0.9,0.28239991367217,0.9327474207107376
ae,0,3,0,test,0.95,0.0,
ae,0,3,0,run_test,0.0,1.0,0.7364274704572701
ae,0,3,0,run_test,0.5,1.0,0.7364274704572701
ae,0,3,0,run_test,0.6,1.0,0.7364274704572701
ae,0,3,0,run_test,0.7,0.4721698921048124,0.8683351468988031
ae,0,3,0,run_test,0.8,0.2836102072272649,0.9468599033816424
ae,0,3,0,run_test,0.85,0.2836102072272649,0.9468599033816424
ae,0,3,0,run_test,0.9,0.2836102072272649,0.9468599033816424
ae,0,3,0,run_test,0.95,0.0,
ae,0,3,1,test,0.0,1.0,0.7519153987266645
ae,0,3,1,test,0.5,1.0,0.7519153987266645
ae,0,3,1,test,0.6,1.0,0.7519153987266645
ae,0,3,1,test,0.7,0.4475018884212798,0.849770918736436
ae,0,3,1,test,0.8,0.28239991367217,0.9327474207107376
ae,0,3,1,test,0.85,0.28239991367217,0.9327474207107376
ae,0,3,1,test,0.9,0.28239991367217,0.9327474207107376
ae,0,3,1,test,0.95,0.0,
ae,0,3,1,run_test,0.0,1.0,0.7364274704572701
ae,0,3,1,run_test,0.5,1.0,0.7364274704572701
ae,0,3,1,run_test,0.6,1.0,0.7364274704572701
ae,0,3,1,run_test,0.7,0.4721698921048124,0.8683351468988031
ae,0,3,1,run_test,0.8,0.2836102072272649,0.9468599033816424
ae,0,3,1,run_test,0.85,0.2836102072272649,0.9468599033816424
ae,0,3,1,run_test,0.9,0.2836102072272649,0.9468599033816424
ae,0,3,1,run_test,0.95,0.0,
ae,0,3,2,test,0.0,1.0,0.7516995791518291
ae,0,3,2,test,0.5,1.0,0.7516995791518291
ae,0,3,2,test,0.6,1.0,0.7516995791518291
ae,0,3,2,test,0.7,0.4475018884212798,0.8495297805642633
ae,0,3,2,test,0.8,0.2822920038847523,0.9327217125382264
ae,0,3,2,test,0.85,0.2822920038847523,0.9327217125382264
ae,0,3,2,test,0.9,0.2822920038847523,0.9327217125382264
ae,0,3,2,test,0.95,0.0,
ae,0,3,2,run_test,0.0,1.0,0.7362562082548382
ae,0,3,2,run_test,0.5,1.0,0.7362562082548382
ae,0,3,2,run_test,0.6,1.0,0.7362562082548382
ae,0,3,2,run_test,0.7,0.4719986299023805,0.8682873730043541
ae,0,3,2,run_test,0.8,0.283438945024833,0.9468277945619336
ae,0,3,2,run_test,0.85,0.283438945024833,0.9468277945619336
ae,0,3,2,run_test,0.9,0.283438945024833,0.9468277945619336
ae,0,3,2,run_test,0.95,0.0,
ae,0,8,0,test,0.0,1.0,0.770907521312183
ae,0,8,0,test,0.5,0.8236754073594476,0.8524826411633696
ae,0,8,0,test,0.6,0.8236754073594476,0.8524826411633696
ae,0,8,0,test,0.7,0.7009819790655012,0.8885467980295566
ae,0,8,0,test,0.8,0.6681774036905147,0.9006782945736435
ae,0,8,0,test,0.85,0.5939354699471242,0.908248546511628
ae,0,8,0,test,0.9,0.3522175461314341,0.9476102941176472
ae,0,8,0,test,0.95,0.2421495629653609,0.9585561497326204
ae,0,8,0,run_test,0.0,1.0,0.7773591368384998
ae,0,8,0,run_test,0.5,0.8256550779243021,0.8431860609831985
ae,0,8,0,run_test,0.6,0.8256550779243021,0.8431860609831985
ae,0,8,0,run_test,0.7,0.687275218359308,0.8759033142287566
ae,0,8,0,run_test,0.8,0.651652680253468,0.8864651773981603
ae,0,8,0,run_test,0.85,0.5576297311183421,0.8946560196560197
ae,0,8,0,run_test,0.9,0.3423531426614146,0.9349674837418708
ae,0,8,0,run_test,0.95,0.2378831991779414,0.9604031677465804
ae,0,8,1,test,0.0,1.0,0.7692888745009172
ae,0,8,1,test,0.5,0.8218409409733463,0.8526785714285714
ae,0,8,1,test,0.6,0.8218409409733463,0.8526785714285714
ae,0,8,1,test,0.7,0.6651559296428186,0.9015249837767684
ae,0,8,1,test,0.8,0.6651559296428186,0.9015249837767684
ae,0,8,1,test,0.85,0.5914535448365167,0.9091406677613574
ae,0,8,1,test,0.9,0.3520017265565986,0.948191293684856
ae,0,8,1,test,0.95,0.2423653825401964,0.9585930543187888
ae,0,8,1,run_test,0.0,1.0,0.7770166124336358
ae,0,8,1,run_test,0.5,0.8242849803048468,0.8441720340743819
ae,0,8,1,run_test,0.6,0.8242849803048468,0.8441720340743819
ae,0,8,1,run_test,0.7,0.6492550094194212,0.8873648113954102
ae,0,8,1,run_test,0.8,0.6492550094194212,0.8873648113954102
ae,0,8,1,run_test,0.85,0.5559171090940229,0.895871842267406
ae,0,8,1,run_test,0.9,0.3421818804589827,0.9344344344344344
ae,0,8,1,run_test,0.95,0.2382257235828052,0.9597411933860532
ae,0,8,2,test,0.0,1.0,0.7684255962015755
ae,0,8,2,test,0.5,0.8211934822488399,0.8520367936925098
ae,0,8,2,test,0.6,0.8211934822488399,0.8520367936925098
ae,0,8,2,test,0.7,0.6988237833171469,0.8883570105003088
ae,0,8,2,test,0.8,0.6690406819898564,0.8993548387096775
ae,0,8,2,test,0.85,0.5917772741987698,0.9079139314369074
ae,0,8,2,test,0.9,0.3524333657062695,0.9479485609308022
ae,0,8,2,test,0.95,0.2421495629653609,0.9585561497326204
ae,0,8,2,run_test,0.0,1.0,0.7753039904093166
ae,0,8,2,run_test,0.5,0.8242849803048468,0.8420943278620403
ae,0,8,2,run_test,0.6,0.8242849803048468,0.8420943278620403
ae,0,8,2,run_test,0.7,0.6867614317520123,0.8748129675810474
ae,0,8,2,run_test,0.8,0.6543928754923788,0.8840617639361423
ae,0,8,2,run_test,0.85,0.5574584689159102,0.8921658986175115
ae,0,8,2,run_test,0.9,0.3430381914711423,0.9345981028457314
ae,0,8,2,run_test,0.95,0.2382257235828052,0.9597411933860532
ae,0,15,0,test,0.0,1.0,0.8181720082011439
ae,0,15,0,test,0.5,0.9596417395057733,0.8344765545935005
ae,0,15,0,test,0.6,0.7843962447393978,0.894208281744394
ae,0,15,0,test,0.7,0.7843962447393978,0.894208281744394
ae,0,15,0,test,0.8,0.7223481169742095,0.9070809680310726
ae,0,15,0,test,0.85,0.5830365814179346,0.9252267258930224
ae,0,15,0,test,0.9,0.4544081148160138,0.9491807171693184
ae,0,15,0,test,0.95,0.2325455918851839,0.9573085846867748
ae,0,15,0,run_test,0.0,1.0,0.8140092481589313
ae,0,15,0,run_test,0.5,0.95992464463093,0.8342551293487958
ae,0,15,0,run_test,0.6,0.7896900154135982,0.8796356538711776
ae,0,15,0,run_test,0.7,0.7896900154135982,0.8796356538711776
ae,0,15,0,run_test,0.8,0.7264942627162185,0.8946251768033946
ae,0,15,0,run_test,0.85,0.573728378146943,0.9155223880597017
ae,0,15,0,run_test,0.9,0.4425415310840897,0.9419504643962848
ae,0,15,0,run_test,0.95,0.2301764000685048,0.9575892857142856
ae,0,15,1,test,0.0,1.0,0.8140714362792705
ae,0,15,1,test,0.5,1.0,0.8140714362792705
ae,0,15,1,test,0.6,0.7774900183446639,0.8857737682165163
ae,0,15,1,test,0.7,0.7774900183446639,0.8857737682165163
ae,0,15,1,test,0.8,0.6624581849573756,0.9089428245642612
ae,0,15,1,test,0.85,0.5231466494011007,0.9344059405940596
ae,0,15,1,test,0.9,0.4600194237617352,0.9455782312925172
ae,0,15,1,test,0.95,0.2274738318765512,0.9625237191650854
ae,0,15,1,run_test,0.0,1.0,0.8179482788148655
ae,0,15,1,run_test,0.5,1.0,0.8179482788148655
ae,0,15,1,run_test,0.6,0.787977393389279,0.8737231036731146
ae,0,15,1,run_test,0.7,0.787977393389279,0.8737231036731146
ae,0,15,1,run_test,0.8,0.6632985100188389,0.8949135037438678
ae,0,15,1,run_test,0.85,0.5100188388422675,0.9247817327065144
ae,0,15,1,run_test,0.9,0.450762116800822,0.9395896656534954
ae,0,15,1,run_test,0.95,0.2257235828052748,0.9628224582701064
ae,0,15,2,test,0.0,1.0,0.8165533613898781
ae,0,15,2,test,0.5,0.9737779216574944,0.8262411347517731
ae,0,15,2,test,0.6,0.8172008201143843,0.873365905189489
ae,0,15,2,test,0.7,0.7120966871695262,0.903015608425519
ae,0,15,2,test,0.8,0.7120966871695262,0.903015608425519
ae,0,15,2,test,0.85,0.5290816877090753,0.9331021823373444
ae,0,15,2,test,0.9,0.4054170713283694,0.9566143199361192
ae,0,15,2,test,0.95,0.1646703355994388,0.963302752293578
ae,0,15,2,run_test,0.0,1.0,0.8145230347662271
ae,0,15,2,run_test,0.5,0.9712279499914368,0.8220772350555458
ae,0,15,2,run_test,0.6,0.8205172118513444,0.8538927155082446
ae,0,15,2,run_test,0.7,0.7177598903921905,0.8833214030064424
ae,0,15,2,run_test,0.8,0.7177598903921905,0.8833214030064424
ae,0,15,2,run_test,0.85,0.5283438945024833,0.9147487844408428
ae,0,15,2,run_test,0.9,0.4014386025004282,0.9428327645051194
ae,0,15,2,run_test,0.95,0.1657818119541017,0.96900826446281
ae,0,25,0,test,0.0,1.0,0.8216251213985108
ae,0,25,0,test,0.5,0.9272688032804576,0.8456883509833586
ae,0,25,0,test,0.6,0.9054710262220784,0.8517459182457395
ae,0,25,0,test,0.7,0.7974533290169419,0.8822733423545331
ae,0,25,0,test,0.8,0.6992554224668177,0.908179012345679
ae,0,25,0,test,0.85,0.5463472536959102,0.9399565475014814
ae,0,25,0,test,0.9,0.4607747922736592,0.9526932084309132
ae,0,25,0,test,0.95,0.3150965792597389,0.964041095890411
ae,0,25,0,run_test,0.0,1.0,0.830450419592396
ae,0,25,0,run_test,0.5,0.9225894845007708,0.8526081306849823
ae,0,25,0,run_test,0.6,0.8991265627675972,0.8580952380952381
ae,0,25,0,run_test,0.7,0.7951704058914197,0.8763730346758561
ae,0,25,0,run_test,0.8,0.6869326939544442,0.894041386187983
ae,0,25,0,run_test,0.85,0.5415310840897414,0.9256799493991144
ae,0,25,0,run_test,0.9,0.455214934064052,0.9454477050413844
ae,0,25,0,run_test,0.95,0.3132385682479877,0.9622744669218152
ae,0,25,1,test,0.0,1.0,0.8132081579799287
ae,0,25,1,test,0.5,0.96546886802633,0.8298871129987705
ae,0,25,1,test,0.6,0.903312830473724,0.8457770875642098
ae,0,25,1,test,0.7,0.8334951980144599,0.8654842050750906
ae,0,25,1,test,0.8,0.6310564368188195,0.9150136798905608
ae,0,25,1,test,0.85,0.5436495090104673,0.9354902739182216
ae,0,25,1,test,0.9,0.4063882594151289,0.9540626659585768
ae,0,25,1,test,0.95,0.263623610661487,0.97134670487106
ae,0,25,1,run_test,0.0,1.0,0.8107552663127248
ae,0,25,1,run_test,0.5,0.964206199691728,0.8312611012433393
ae,0,25,1,run_test,0.6,0.9037506422332592,0.8447981807845367
ae,0,25,1,run_test,0.7,0.8439801335845178,0.862012987012987
ae,0,25,1,run_test,0.8,0.6312724781640692,0.9020618556701032
ae,0,25,1,run_test,0.85,0.5487240965918821,0.920099875156055
ae,0,25,1,run_test,0.9,0.4091454016098647,0.9472582670573462
ae,0,25,1,run_test,0.95,0.2639150539475938,0.9740428293316028
ae,0,25,2,test,0.0,1.0,0.8148268047911945
ae,0,25,2,test,0.5,0.968490342074026,0.8278551532033426
ae,0,25,2,test,0.6,0.8704003453113197,0.8602777089015621
ae,0,25,2,test,0.7,0.7811589511168663,0.8856195607128057
ae,0,25,2,test,0.8,0.6551203194129708,0.9148410476033604
ae,0,25,2,test,0.85,0.5773173626847955,0.9237383177570092
ae,0,25,2,test,0.9,0.3681881946692565,0.962485345838218
ae,0,25,2,test,0.95,0.2807812668609042,0.9723289777094544
ae,0,25,2,run_test,0.0,1.0,0.8128104127419079
ae,0,25,2,run_test,0.5,0.9683164925500942,0.8249027237354085
ae,0,25,2,run_test,0.6,0.868470628532283,0.8564385722737132
ae,0,25,2,run_test,0.7,0.7806131186847063,0.8817463799912242
ae,0,25,2,run_test,0.8,0.6566192841239938,0.9027125717266562
ae,0,25,2,run_test,0.85,0.5747559513615345,0.91388557806913
ae,0,25,2,run_test,0.9,0.3562253810584004,0.960096153846154
ae,0,25,2,run_test,0.95,0.2726494262716218,0.975502512562814
ae,0,37,0,test,0.0,0.999244631488076,0.8252699784017279
ae,0,37,0,test,0.5,0.9865112765727851,0.8292496171516079
ae,0,37,0,test,0.6,0.8277759792813209,0.8830660930778256
ae,0,37,0,test,0.7,0.7773821085572461,0.8968628539700166
ae,0,37,0,test,0.8,0.6829610445667422,0.9151524727445094
ae,0,37,0,test,0.85,0.5980360418689975,0.9290869722121976
ae,0,37,0,test,0.9,0.4478256177835329,0.9503614457831324
ae,0,37,0,test,0.95,0.2103161756771339,0.9671626475115443
ae,0,37,0,run_test,0.0,0.9988011645829764,0.8247599451303155
ae,0,37,0,run_test,0.5,0.9849289261859908,0.8304642670839854
ae,0,37,0,run_test,0.6,0.8299366329851002,0.8776310359059017
ae,0,37,0,run_test,0.7,0.776674088028772,0.888864388092613
ae,0,37,0,run_test,0.8,0.6809385168693269,0.9001509054325956
ae,0,37,0,run_test,0.85,0.5968487754752526,0.9159253945480632
ae,0,37,0,run_test,0.9,0.4481931837643432,0.9442109285441344
ae,0,37,0,run_test,0.95,0.2205857167323171,0.9650621118012422
ae,0,37,1,test,0.0,1.0,0.8205460235243337
ae,0,37,1,test,0.5,0.8986727096147621,0.8592699327569645
ae,0,37,1,test,0.6,0.8237833171468653,0.8843332460047157
ae,0,37,1,test,0.7,0.759792813208158,0.9092458457605452
ae,0,37,1,test,0.8,0.7258012301715766,0.9145108534046982
ae,0,37,1,test,0.85,0.6217761951008957,0.9309267615411316
ae,0,37,1,test,0.9,0.4925002697744685,0.9517966695880806
ae,0,37,1,test,0.95,0.2870400345311319,0.9639097744360904
ae,0,37,1,run_test,0.0,1.0,0.8232574070902552
ae,0,37,1,run_test,0.5,0.90649083747217,0.8543359153599093
ae,0,37,1,run_test,0.6,0.830279157389964,0.8747937293729373
ae,0,37,1,run_test,0.7,0.7653707826682651,0.8990825688073395
ae,0,37,1,run_test,0.8,0.7213563966432608,0.903846153846154
ae,0,37,1,run_test,0.85,0.618256550779243,0.9202216066481994
ae,0,37,1,run_test,0.9,0.486555917109094,0.9454417458641324
ae,0,37,1,run_test,0.95,0.2899469087172461,0.9604252805670408
ae,0,37,2,test,0.0,1.0,0.8268047911945613
ae,0,37,2,test,0.5,0.9083845904823568,0.8586362556426704
ae,0,37,2,test,0.6,0.8671630516887882,0.8749377799900449
ae,0,37,2,test,0.7,0.7934606668824863,0.8996328029375765
ae,0,37,2,test,0.8,0.7358368404014244,0.9111306643202816
ae,0,37,2,test,0.85,0.6816661271177296,0.9200569890770935
ae,0,37,2,test,0.9,0.400992770044243,0.94994617868676
ae,0,37,2,test,0.95,0.2983705622099925,0.9555153707052442
ae,0,37,2,run_test,0.0,1.0,0.8283952731632129
ae,0,37,2,run_test,0.5,0.9128275389621512,0.8564727954971857
ae,0,37,2,run_test,0.6,0.8744648056174003,0.8685859772816295
ae,0,37,2,run_test,0.7,0.8001370097619456,0.8897688356164384
ae,0,37,2,run_test,0.8,0.7304332933721528,0.9029308323563892
ae,0,37,2,run_test,0.85,0.6769994862133927,0.9099418163420188
ae,0,37,2,run_test,0.9,0.4034937489296112,0.9401528013582344
ae,0,37,2,run_test,0.95,0.3003939030655934,0.9623717217787914
ae,0,50,0,test,0.0,0.9994604510629114,0.8248758367523213
ae,0,50,0,test,0.5,0.9556490773713175,0.8375112917795845
ae,0,50,0,test,0.6,0.8469839214416748,0.8757803541852466
ae,0,50,0,test,0.7,0.8277759792813209,0.885803676183027
ae,0,50,0,test,0.8,0.7690730549260818,0.9027641363827698
ae,0,50,0,test,0.85,0.599007229955757,0.9210952981444784
ae,0,50,0,test,0.9,0.4470702492716089,0.946415640839971
ae,0,50,0,test,0.95,0.3298802201359663,0.9564932940791626
ae,0,50,0,run_test,0.0,0.9996574755951362,0.8278225115641596
ae,0,50,0,run_test,0.5,0.9541017297482446,0.8393466164063902
ae,0,50,0,run_test,0.6,0.8470628532282926,0.8778811160533765
ae,0,50,0,run_test,0.7,0.8278814865559171,0.8843607778237484
ae,0,50,0,run_test,0.8,0.7651995204658332,0.8997314234556849
ae,0,50,0,run_test,0.85,0.5853742079123138,0.91193680514921
ae,0,50,0,run_test,0.9,0.4463092995375921,0.9470452801227937
ae,0,50,0,run_test,0.95,0.3233430381914711,0.9570974576271186
ae,0,50,1,test,0.0,0.9997841804251646,0.8261198057204533
ae,0,50,1,test,0.5,0.9287795403043057,0.8548855582665272
ae,0,50,1,test,0.6,0.8612280133808137,0.8799649166771081
ae,0,50,1,test,0.7,0.7731736268479551,0.9032798325191904
ae,0,50,1,test,0.8,0.7545052336246898,0.9074656750572082
ae,0,50,1,test,0.85,0.6451926189705406,0.9198862686067903
ae,0,50,1,test,0.9,0.3789791734110284,0.9538724373576308
ae,0,50,1,test,0.95,0.2790547102622208,0.9640371229698376
ae,0,50,1,run_test,0.0,0.999828737797568,0.8249400479616307
ae,0,50,1,run_test,0.5,0.9369755095050524,0.8448181319685615
ae,0,50,1,run_test,0.6,0.8691556773420106,0.8697536945812808
ae,0,50,1,run_test,0.7,0.7727350573728378,0.8951684397163121
ae,0,50,1,run_test,0.8,0.7544100017126221,0.8978433598183881
ae,0,50,1,run_test,0.85,0.6418907347148485,0.9130202774813234
ae,0,50,1,run_test,0.9,0.3735228635040246,0.9440623567171024
ae,0,50,1,run_test,0.95,0.2774447679397157,0.9648148148148148
ae,0,50,2,test,0.0,0.9996762706377468,0.8221070811744386
ae,0,50,2,test,0.5,0.9617999352541275,0.8349601705374172
ae,0,50,2,test,0.6,0.8274522499190676,0.8839332290036516
ae,0,50,2,test,0.7,0.7937843962447394,0.8942359978249048
ae,0,50,2,test,0.8,0.7076723858853998,0.9124733150350716
ae,0,50,2,test,0.85,0.5995467788928456,0.9323254139668826
ae,0,50,2,test,0.9,0.4507391820438113,0.946851807517357
ae,0,50,2,test,0.95,0.2853134779324485,0.9595310136157338
ae,0,50,2,run_test,0.0,1.0,0.8188045898270252
ae,0,50,2,run_test,0.5,0.9612947422503854,0.831640833778728
ae,0,50,2,run_test,0.6,0.8239424558999828,0.869881521513199
ae,0,50,2,run_test,0.7,0.7852371981503682,0.88113413304253
ae,0,50,2,run_test,0.8,0.7001198835417023,0.8994618395303327
ae,0,50,2,run_test,0.85,0.595821202260661,0.91463064098879
ae,0,50,2,run_test,0.9,0.4517896900154136,0.9313874147081124
ae,0,50,2,run_test,0.95,0.2841239938345607,0.9584086799276672
active_mask_ae,2,3,0,test,0.0,1.0,0.6828531347793245
active_mask_ae,2,3,0,test,0.5,1.0,0.6828531347793245
active_mask_ae,2,3,0,test,0.6,1.0,0.6828531347793245
active_mask_ae,2,3,0,test,0.7,0.2399913672170066,0.9599820143884892
active_mask_ae,2,3,0,test,0.8,0.2399913672170066,0.9599820143884892
active_mask_ae,2,3,0,test,0.85,0.2399913672170066,0.9599820143884892
active_mask_ae,2,3,0,test,0.9,0.2399913672170066,0.9599820143884892
active_mask_ae,2,3,0,test,0.95,0.2399913672170066,0.9599820143884892
active_mask_ae,2,3,0,run_test,0.0,1.0,0.6662099674601816
active_mask_ae,2,3,0,run_test,0.5,1.0,0.6662099674601816
active_mask_ae,2,3,0,run_test,0.6,1.0,0.6662099674601816
active_mask_ae,2,3,0,run_test,0.7,0.2389107723925329,0.9698924731182796
active_mask_ae,2,3,0,run_test,0.8,0.2389107723925329,0.9698924731182796
active_mask_ae,2,3,0,run_test,0.85,0.2389107723925329,0.9698924731182796
active_mask_ae,2,3,0,run_test,0.9,0.2389107723925329,0.9698924731182796
active_mask_ae,2,3,0,run_test,0.95,0.2389107723925329,0.9698924731182796
active_mask_ae,2,3,1,test,0.0,1.0,0.6828531347793245
active_mask_ae,2,3,1,test,0.5,1.0,0.6828531347793245
active_mask_ae,2,3,1,test,0.6,1.0,0.6828531347793245
active_mask_ae,2,3,1,test,0.7,0.2399913672170066,0.9599820143884892
active_mask_ae,2,3,1,test,0.8,0.2399913672170066,0.9599820143884892
active_mask_ae,2,3,1,test,0.85,0.2399913672170066,0.9599820143884892
active_mask_ae,2,3,1,test,0.9,0.2399913672170066,0.9599820143884892
active_mask_ae,2,3,1,test,0.95,0.2399913672170066,0.9599820143884892
active_mask_ae,2,3,1,run_test,0.0,1.0,0.6662099674601816
active_mask_ae,2,3,1,run_test,0.5,1.0,0.6662099674601816
active_mask_ae,2,3,1,run_test,0.6,1.0,0.6662099674601816
active_mask_ae,2,3,1,run_test,0.7,0.2389107723925329,0.9698924731182796
active_mask_ae,2,3,1,run_test,0.8,0.2389107723925329,0.9698924731182796
active_mask_ae,2,3,1,run_test,0.85,0.2389107723925329,0.9698924731182796
active_mask_ae,2,3,1,run_test,0.9,0.2389107723925329,0.9698924731182796
active_mask_ae,2,3,1,run_test,0.95,0.2389107723925329,0.9698924731182796
active_mask_ae,2,3,2,test,0.0,1.0,0.6827452249919068
active_mask_ae,2,3,2,test,0.5,1.0,0.6827452249919068
active_mask_ae,2,3,2,test,0.6,1.0,0.6827452249919068
active_mask_ae,2,3,2,test,0.7,0.2398834574295888,0.9599640125955916
active_mask_ae,2,3,2,test,0.8,0.2398834574295888,0.9599640125955916
active_mask_ae,2,3,2,test,0.85,0.2398834574295888,0.9599640125955916
active_mask_ae,2,3,2,test,0.9,0.2398834574295888,0.9599640125955916
active_mask_ae,2,3,2,test,0.95,0.2398834574295888,0.9599640125955916
active_mask_ae,2,3,2,run_test,0.0,1.0,0.6662099674601816
active_mask_ae,2,3,2,run_test,0.5,1.0,0.6662099674601816
active_mask_ae,2,3,2,run_test,0.6,1.0,0.6662099674601816
active_mask_ae,2,3,2,run_test,0.7,0.2389107723925329,0.9698924731182796
active_mask_ae,2,3,2,run_test,0.8,0.2389107723925329,0.9698924731182796
active_mask_ae,2,3,2,run_test,0.85,0.2389107723925329,0.9698924731182796
active_mask_ae,2,3,2,run_test,0.9,0.2389107723925329,0.9698924731182796
active_mask_ae,2,3,2,run_test,0.95,0.2389107723925329,0.9698924731182796
active_mask_ae,2,8,0,test,0.0,1.0,0.7768425596201576
active_mask_ae,2,8,0,test,0.5,0.8858314449120536,0.8233645998294554
active_mask_ae,2,8,0,test,0.6,0.8858314449120536,0.8233645998294554
active_mask_ae,2,8,0,test,0.7,0.6106614869968706,0.9015727160275668
active_mask_ae,2,8,0,test,0.8,0.5396568468760117,0.9224155168966208
active_mask_ae,2,8,0,test,0.85,0.5396568468760117,0.9224155168966208
active_mask_ae,2,8,0,test,0.9,0.3275062048127765,0.9650741350906096
active_mask_ae,2,8,0,test,0.95,0.3275062048127765,0.9650741350906096
active_mask_ae,2,8,0,run_test,0.0,1.0,0.7795855454701147
active_mask_ae,2,8,0,run_test,0.5,0.8890220928241137,0.8316316701984203
active_mask_ae,2,8,0,run_test,0.6,0.8890220928241137,0.8316316701984203
active_mask_ae,2,8,0,run_test,0.7,0.5810926528515157,0.901562039493074
active_mask_ae,2,8,0,run_test,0.8,0.5071073814009248,0.9159067882472138
active_mask_ae,2,8,0,run_test,0.85,0.5071073814009248,0.9159067882472138
active_mask_ae,2,8,0,run_test,0.9,0.3180339099160815,0.9579967689822294
active_mask_ae,2,8,0,run_test,0.95,0.3180339099160815,0.9579967689822294
active_mask_ae,2,8,1,test,0.0,1.0,0.7934606668824863
active_mask_ae,2,8,1,test,0.5,1.0,0.7934606668824863
active_mask_ae,2,8,1,test,0.6,0.821948850760764,0.8389129578574241
active_mask_ae,2,8,1,test,0.7,0.6663429373044135,0.8906882591093117
active_mask_ae,2,8,1,test,0.8,0.5639365490449983,0.9154228855721394
active_mask_ae,2,8,1,test,0.85,0.5639365490449983,0.9154228855721394
active_mask_ae,2,8,1,test,0.9,0.3152044890471566,0.9643957548784664
active_mask_ae,2,8,1,test,0.95,0.3152044890471566,0.9643957548784664
active_mask_ae,2,8,1,run_test,0.0,1.0,0.8061311868470629
active_mask_ae,2,8,1,run_test,0.5,1.0,0.8061311868470629
active_mask_ae,2,8,1,run_test,0.6,0.817091967802706,0.845315447495284
active_mask_ae,2,8,1,run_test,0.7,0.63846549066621,0.891362660944206
active_mask_ae,2,8,1,run_test,0.8,0.5393046754581264,0.9060019053667832
active_mask_ae,2,8,1,run_test,0.85,0.5393046754581264,0.9060019053667832
active_mask_ae,2,8,1,run_test,0.9,0.3116972084261004,0.9554945054945057
active_mask_ae,2,8,1,run_test,0.95,0.3116972084261004,0.9554945054945057
active_mask_ae,2,8,2,test,0.0,1.0,0.7846120643142332
active_mask_ae,2,8,2,test,0.5,1.0,0.7846120643142332
active_mask_ae,2,8,2,test,0.6,0.8182799179885616,0.8315969932744296
active_mask_ae,2,8,2,test,0.7,0.7490018344663861,0.8557844690966719
active_mask_ae,2,8,2,test,0.8,0.5559512247760872,0.9122670807453416
active_mask_ae,2,8,2,test,0.85,0.5559512247760872,0.9122670807453416
active_mask_ae,2,8,2,test,0.9,0.3160677673464983,0.9682485489928304
active_mask_ae,2,8,2,test,0.95,0.3160677673464983,0.9682485489928304
active_mask_ae,2,8,2,run_test,0.0,1.0,0.7992806987497859
active_mask_ae,2,8,2,run_test,0.5,1.0,0.7992806987497859
active_mask_ae,2,8,2,run_test,0.6,0.8076725466689502,0.8411789652247668
active_mask_ae,2,8,2,run_test,0.7,0.7331734886110636,0.8582106984349451
active_mask_ae,2,8,2,run_test,0.8,0.5261174858708683,0.9055989583333334
active_mask_ae,2,8,2,run_test,0.85,0.5261174858708683,0.9055989583333334
active_mask_ae,2,8,2,run_test,0.9,0.3113546840212365,0.9576457645764576
active_mask_ae,2,8,2,run_test,0.95,0.3113546840212365,0.9576457645764576
active_mask_ae,2,15,0,test,0.0,1.0,0.7780295672817524
active_mask_ae,2,15,0,test,0.5,0.9333117513758498,0.8014799398774425
active_mask_ae,2,15,0,test,0.6,0.7565555195856264,0.864213378975895
active_mask_ae,2,15,0,test,0.7,0.6625660947447933,0.8990228013029316
active_mask_ae,2,15,0,test,0.8,0.5720297831013272,0.9207696661007356
active_mask_ae,2,15,0,test,0.85,0.4767454408114816,0.94363965595292
active_mask_ae,2,15,0,test,0.9,0.4124312075105212,0.9612768184196756
active_mask_ae,2,15,0,test,0.95,0.3366785367432826,0.9708333333333332
active_mask_ae,2,15,0,run_test,0.0,1.0,0.783524576126049
active_mask_ae,2,15,0,run_test,0.5,0.9400582291488268,0.7979595554745855
active_mask_ae,2,15,0,run_test,0.6,0.7496146600445281,0.8540095956134338
active_mask_ae,2,15,0,run_test,0.7,0.6567905463264258,0.8865710560625815
active_mask_ae,2,15,0,run_test,0.8,0.5464976879602672,0.9091193983077404
active_mask_ae,2,15,0,run_test,0.85,0.4613803733516013,0.9357832219747588
active_mask_ae,2,15,0,run_test,0.9,0.4007535536907005,0.9555555555555556
active_mask_ae,2,15,0,run_test,0.95,0.3289946908717246,0.9635606454971368
active_mask_ae,2,15,1,test,0.0,1.0,0.807381029459372
active_mask_ae,2,15,1,test,0.5,0.9828423438005828,0.8159859464207291
active_mask_ae,2,15,1,test,0.6,0.8569116218841049,0.8566931116987785
active_mask_ae,2,15,1,test,0.7,0.7607640012949175,0.880709219858156
active_mask_ae,2,15,1,test,0.8,0.5999784180425165,0.9190647482014388
active_mask_ae,2,15,1,test,0.85,0.4764217114492284,0.9447338618346546
active_mask_ae,2,15,1,test,0.9,0.4069278083522175,0.9634049323786794
active_mask_ae,2,15,1,test,0.95,0.3380813639797129,0.970315991062879
active_mask_ae,2,15,1,run_test,0.0,1.0,0.8133241993492036
active_mask_ae,2,15,1,run_test,0.5,0.9830450419592396,0.8212543554006969
active_mask_ae,2,15,1,run_test,0.6,0.8599075184106868,0.8494323839872535
active_mask_ae,2,15,1,run_test,0.7,0.7530399040931667,0.864680463952695
active_mask_ae,2,15,1,run_test,0.8,0.571501969515328,0.9074018579562482
active_mask_ae,2,15,1,run_test,0.85,0.4634355197807844,0.934959349593496
active_mask_ae,2,15,1,run_test,0.9,0.3978420962493578,0.9569522169608266
active_mask_ae,2,15,1,run_test,0.95,0.3308785750984758,0.9632505175983436
active_mask_ae,2,15,2,test,0.0,1.0,0.7829934175029675
active_mask_ae,2,15,2,test,0.5,0.872234811697421,0.8337251020660645
active_mask_ae,2,15,2,test,0.6,0.7217006582497032,0.8912978468899522
active_mask_ae,2,15,2,test,0.7,0.7217006582497032,0.8912978468899522
active_mask_ae,2,15,2,test,0.8,0.6356965576777813,0.9158037684603632
active_mask_ae,2,15,2,test,0.85,0.5750512571490234,0.9286920623006192
active_mask_ae,2,15,2,test,0.9,0.3634401640228769,0.9661520190023754
active_mask_ae,2,15,2,test,0.95,0.3634401640228769,0.9661520190023754
active_mask_ae,2,15,2,run_test,0.0,1.0,0.7895187532111663
active_mask_ae,2,15,2,run_test,0.5,0.868128104127419,0.8313276780430066
active_mask_ae,2,15,2,run_test,0.6,0.7179311525946224,0.8833492366412213
active_mask_ae,2,15,2,run_test,0.7,0.7179311525946224,0.8833492366412213
active_mask_ae,2,15,2,run_test,0.8,0.6158588799451961,0.907119021134594
active_mask_ae,2,15,2,run_test,0.85,0.5615687617742764,0.9210125038121378
active_mask_ae,2,15,2,run_test,0.9,0.3605069361191985,0.9553444180522566
active_mask_ae,2,15,2,run_test,0.95,0.3605069361191985,0.9553444180522566
active_mask_ae,2,25,0,test,0.0,1.0,0.8180640984137261
active_mask_ae,2,25,0,test,0.5,1.0,0.8180640984137261
active_mask_ae,2,25,0,test,0.6,0.9130247113413188,0.8482448883110744
active_mask_ae,2,25,0,test,0.7,0.7627063774684364,0.880871533672892
active_mask_ae,2,25,0,test,0.8,0.6311643466062372,0.920499230637716
active_mask_ae,2,25,0,test,0.85,0.5467788928455811,0.9311229524373396
active_mask_ae,2,25,0,test,0.9,0.4533290169418366,0.949059747679124
active_mask_ae,2,25,0,test,0.95,0.3345203409949282,0.9670967741935484
active_mask_ae,2,25,0,run_test,0.0,1.0,0.8153793457783867
active_mask_ae,2,25,0,run_test,0.5,1.0,0.8153793457783867
active_mask_ae,2,25,0,run_test,0.6,0.9082034594964892,0.8538563077503301
active_mask_ae,2,25,0,run_test,0.7,0.7516698064737113,0.8774208247892459
active_mask_ae,2,25,0,run_test,0.8,0.618256550779243,0.9110803324099724
active_mask_ae,2,25,0,run_test,0.85,0.5399897242678541,0.9245163336504916
active_mask_ae,2,25,0,run_test,0.9,0.4447679397157047,0.9430111667308432
active_mask_ae,2,25,0,run_test,0.95,0.3307073128960438,0.9590885551527706
active_mask_ae,2,25,1,test,0.0,1.0,0.8132081579799287
active_mask_ae,2,25,1,test,0.5,0.8645732167907629,0.8632051922116825
active_mask_ae,2,25,1,test,0.6,0.8442861767562317,0.8718047034764826
active_mask_ae,2,25,1,test,0.7,0.8312290924786878,0.8771907049201609
active_mask_ae,2,25,1,test,0.8,0.6142225099816553,0.9209416725228392
active_mask_ae,2,25,1,test,0.85,0.5359879141038092,0.9359774511777732
active_mask_ae,2,25,1,test,0.9,0.4250566526383943,0.952018278750952
active_mask_ae,2,25,1,test,0.95,0.2725801230171576,0.9679334916864608
active_mask_ae,2,25,1,run_test,0.0,1.0,0.8126391505394759
active_mask_ae,2,25,1,run_test,0.5,0.8689844151395787,0.8537642885297596
active_mask_ae,2,25,1,run_test,0.6,0.846035280013701,0.8649797570850203
active_mask_ae,2,25,1,run_test,0.7,0.8316492550094194,0.8712932454695222
active_mask_ae,2,25,1,run_test,0.8,0.5992464463092996,0.9122606458988284
active_mask_ae,2,25,1,run_test,0.85,0.5276588456927556,0.929243752028562
active_mask_ae,2,25,1,run_test,0.9,0.4279842438773762,0.947579031612645
active_mask_ae,2,25,1,run_test,0.95,0.2675115601986642,0.9590268886043534
active_mask_ae,2,25,2,test,0.0,1.0,0.8143951656415237
active_mask_ae,2,25,2,test,0.5,0.8467681018668394,0.8731999490251051
active_mask_ae,2,25,2,test,0.6,0.8467681018668394,0.8731999490251051
active_mask_ae,2,25,2,test,0.7,0.7821301392036257,0.8852097130242825
active_mask_ae,2,25,2,test,0.8,0.6716305168878818,0.9166131105398456
active_mask_ae,2,25,2,test,0.85,0.5483975396568469,0.9382133018496654
active_mask_ae,2,25,2,test,0.9,0.4855940433797345,0.9517777777777776
active_mask_ae,2,25,2,test,0.95,0.3362468975936117,0.961168164313222
active_mask_ae,2,25,2,run_test,0.0,1.0,0.8164069189929782
active_mask_ae,2,25,2,run_test,0.5,0.8456927556088372,0.8695828270554881
active_mask_ae,2,25,2,run_test,0.6,0.8456927556088372,0.8695828270554881
active_mask_ae,2,25,2,run_test,0.7,0.7794142832676828,0.8826631509558339
active_mask_ae,2,25,2,run_test,0.8,0.6620996746018154,0.9097258147956544
active_mask_ae,2,25,2,run_test,0.85,0.5382771022435349,0.9315940184537066
active_mask_ae,2,25,2,run_test,0.9,0.4791916424045213,0.9463902787705504
active_mask_ae,2,25,2,run_test,0.95,0.328138379859565,0.9483298538622128
active_mask_ae,2,37,0,test,0.0,1.0,0.8218409409733463
active_mask_ae,2,37,0,test,0.5,0.9871587352972916,0.8266287713161347
active_mask_ae,2,37,0,test,0.6,0.8783856695802309,0.8590909090909091
active_mask_ae,2,37,0,test,0.7,0.7841804251645624,0.8866107059309206
active_mask_ae,2,37,0,test,0.8,0.6396892198122369,0.9129554655870444
active_mask_ae,2,37,0,test,0.85,0.5588647890363656,0.927206024329021
active_mask_ae,2,37,0,test,0.9,0.4661702816445451,0.9391203703703704
active_mask_ae,2,37,0,test,0.95,0.3104564584007769,0.9624608967674662
active_mask_ae,2,37,0,run_test,0.0,1.0,0.8234286692926871
active_mask_ae,2,37,0,run_test,0.5,0.9847576639835588,0.831304347826087
active_mask_ae,2,37,0,run_test,0.6,0.8843980133584518,0.8586367157242448
active_mask_ae,2,37,0,run_test,0.7,0.7859222469600959,0.8810198300283286
active_mask_ae,2,37,0,run_test,0.8,0.6264771364959754,0.9081465281574632
active_mask_ae,2,37,0,run_test,0.85,0.5427299195067649,0.920164089618176
active_mask_ae,2,37,0,run_test,0.9,0.4576126048980989,0.932260479041916
active_mask_ae,2,37,0,run_test,0.95,0.3051892447336872,0.957351290684624
active_mask_ae,2,37,1,test,0.0,1.0,0.8243228660839538
active_mask_ae,2,37,1,test,0.5,0.9297507283910652,0.8498142989786444
active_mask_ae,2,37,1,test,0.6,0.891766483220028,0.8614472410454985
active_mask_ae,2,37,1,test,0.7,0.7443617136074242,0.8982313714120035
active_mask_ae,2,37,1,test,0.8,0.6948311211826913,0.90961329398975
active_mask_ae,2,37,1,test,0.85,0.5208805438653286,0.9308058835715766
active_mask_ae,2,37,1,test,0.9,0.4558109420524441,0.9453125
active_mask_ae,2,37,1,test,0.95,0.3467141469731304,0.9629629629629628
active_mask_ae,2,37,1,run_test,0.0,1.0,0.8330193526288748
active_mask_ae,2,37,1,run_test,0.5,0.9266997773591368,0.8536314914063944
active_mask_ae,2,37,1,run_test,0.6,0.8888508306216818,0.8660886319845857
active_mask_ae,2,37,1,run_test,0.7,0.7400239767083404,0.8909974542929877
active_mask_ae,2,37,1,run_test,0.8,0.6847062853228293,0.905952976488244
active_mask_ae,2,37,1,run_test,0.85,0.513272820688474,0.9285952619285952
active_mask_ae,2,37,1,run_test,0.9,0.4497345435862305,0.9402132520944402
active_mask_ae,2,37,1,run_test,0.95,0.350402466175715,0.9506353861192572
active_mask_ae,2,37,2,test,0.0,1.0,0.8195748354375741
active_mask_ae,2,37,2,test,0.5,0.9327722024387612,0.8448634891254049
active_mask_ae,2,37,2,test,0.6,0.901370454300205,0.852627798395786
active_mask_ae,2,37,2,test,0.7,0.7299018020934499,0.8951803666469544
active_mask_ae,2,37,2,test,0.8,0.6989316931045646,0.9028871391076116
active_mask_ae,2,37,2,test,0.85,0.5608071652098845,0.9305368481816432
active_mask_ae,2,37,2,test,0.9,0.4343368943563181,0.9545341614906832
active_mask_ae,2,37,2,test,0.95,0.3056005179669796,0.9643361581920904
active_mask_ae,2,37,2,run_test,0.0,1.0,0.8290803219729406
active_mask_ae,2,37,2,run_test,0.5,0.935434149683165,0.8474917612596119
active_mask_ae,2,37,2,run_test,0.6,0.9025518068162356,0.8548387096774194
active_mask_ae,2,37,2,run_test,0.7,0.7205000856311012,0.8916092227240314
active_mask_ae,2,37,2,run_test,0.8,0.6826511388936461,0.8996487706974411
active_mask_ae,2,37,2,run_test,0.85,0.5555745846891591,0.9232429099876696
active_mask_ae,2,37,2,run_test,0.9,0.4356910429868128,0.9488993710691824
active_mask_ae,2,37,2,run_test,0.95,0.2979962322315465,0.956896551724138
active_mask_ae,2,50,0,test,0.0,1.0,0.817740369051473
active_mask_ae,2,50,0,test,0.5,0.9191755692241286,0.8575956797370274
active_mask_ae,2,50,0,test,0.6,0.8801122261789144,0.870524767042668
active_mask_ae,2,50,0,test,0.7,0.8201143843746628,0.8905263157894737
active_mask_ae,2,50,0,test,0.8,0.6876011654257042,0.9088198367859384
active_mask_ae,2,50,0,test,0.85,0.5842235890795295,0.92537864794976
active_mask_ae,2,50,0,test,0.9,0.453544836516672,0.9528907922912204
active_mask_ae,2,50,0,test,0.95,0.2882270421927269,0.971546237364283
active_mask_ae,2,50,0,run_test,0.0,1.0,0.8338756636410344
active_mask_ae,2,50,0,run_test,0.5,0.9273848261688644,0.8605724838411819
active_mask_ae,2,50,0,run_test,0.6,0.884055488953588,0.8709802402169702
active_mask_ae,2,50,0,run_test,0.7,0.8184620654221614,0.8880518937016112
active_mask_ae,2,50,0,run_test,0.8,0.6780270594279842,0.902500631472594
active_mask_ae,2,50,0,run_test,0.85,0.5732145915396472,0.9166417687481326
active_mask_ae,2,50,0,run_test,0.9,0.4459667751327282,0.945084485407066
active_mask_ae,2,50,0,run_test,0.95,0.2824113718102415,0.9599757428744694
active_mask_ae,2,50,1,test,0.0,1.0,0.8229200388475235
active_mask_ae,2,50,1,test,0.5,0.9307219164778244,0.8503188405797102
active_mask_ae,2,50,1,test,0.6,0.9069817632459264,0.8624628197501487
active_mask_ae,2,50,1,test,0.7,0.8014459911513975,0.885956644674835
active_mask_ae,2,50,1,test,0.8,0.6871695262760332,0.9079773869346732
active_mask_ae,2,50,1,test,0.85,0.5243336570626956,0.9347602387322494
active_mask_ae,2,50,1,test,0.9,0.4593719650372289,0.943857176415316
active_mask_ae,2,50,1,test,0.95,0.3064637962663213,0.9626760563380282
active_mask_ae,2,50,1,run_test,0.0,1.0,0.8306216817948279
active_mask_ae,2,50,1,run_test,0.5,0.9366329851001884,0.8518924849149753
active_mask_ae,2,50,1,run_test,0.6,0.9116287035451276,0.8630471538606049
active_mask_ae,2,50,1,run_test,0.7,0.7917451618427813,0.8840579710144928
active_mask_ae,2,50,1,run_test,0.8,0.6648398698407262,0.9080370942812984
active_mask_ae,2,50,1,run_test,0.85,0.5131015584860421,0.9259012016021362
active_mask_ae,2,50,1,run_test,0.9,0.4531597876348689,0.9365079365079364
active_mask_ae,2,50,1,run_test,0.95,0.3041616715190957,0.956644144144144
active_mask_ae,2,50,2,test,0.0,0.9993525412754936,0.827772378792787
active_mask_ae,2,50,2,test,0.5,0.9859717276356964,0.8345189887271534
active_mask_ae,2,50,2,test,0.6,0.8827020610769397,0.8721271393643032
active_mask_ae,2,50,2,test,0.7,0.8259415128952196,0.884504834073687
active_mask_ae,2,50,2,test,0.8,0.7182475450523362,0.8936298076923077
active_mask_ae,2,50,2,test,0.85,0.4925002697744685,0.9434706397896582
active_mask_ae,2,50,2,test,0.9,0.427862307111255,0.9581336696090794
active_mask_ae,2,50,2,test,0.95,0.3367864465307003,0.9657161166292856
active_mask_ae,2,50,2,run_test,0.0,0.9988011645829764,0.8362482853223594
active_mask_ae,2,50,2,run_test,0.5,0.9849289261859908,0.8431577117023127
active_mask_ae,2,50,2,run_test,0.6,0.8893646172289775,0.8694396302715194
active_mask_ae,2,50,2,run_test,0.7,0.8213735228635041,0.8771893244370309
active_mask_ae,2,50,2,run_test,0.8,0.707655420448707,0.8925459825750242
active_mask_ae,2,50,2,run_test,0.85,0.4790203802020894,0.9331426528423312
active_mask_ae,2,50,2,run_test,0.9,0.4147970542901181,0.9500412881915772
active_mask_ae,2,50,2,run_test,0.95,0.3320774105154992,0.9556472408457968
ae,1,3,0,test,0.0,1.0,0.7492176540412215
ae,1,3,0,test,0.5,1.0,0.7492176540412215
ae,1,3,0,test,0.6,1.0,0.7492176540412215
ae,1,3,0,test,0.7,0.4540843854537607,0.8438688212927756
ae,1,3,0,test,0.8,0.2785151613251322,0.9418829910887252
ae,1,3,0,test,0.85,0.2785151613251322,0.9418829910887252
ae,1,3,0,test,0.9,0.2785151613251322,0.9418829910887252
ae,1,3,0,test,0.95,0.0,
ae,1,3,0,run_test,0.0,1.0,0.7292344579551293
ae,1,3,0,run_test,0.5,1.0,0.7292344579551293
ae,1,3,0,run_test,0.6,1.0,0.7292344579551293
ae,1,3,0,run_test,0.7,0.4779928069874978,0.8570404872805446
ae,1,3,0,run_test,0.8,0.278814865559171,0.9496314496314496
ae,1,3,0,run_test,0.85,0.278814865559171,0.9496314496314496
ae,1,3,0,run_test,0.9,0.278814865559171,0.9496314496314496
ae,1,3,0,run_test,0.95,0.0,
ae,1,3,1,test,0.0,1.0,0.7492176540412215
ae,1,3,1,test,0.5,1.0,0.7492176540412215
ae,1,3,1,test,0.6,1.0,0.7492176540412215
ae,1,3,1,test,0.7,0.4540843854537607,0.8438688212927756
ae,1,3,1,test,0.8,0.2785151613251322,0.9418829910887252
ae,1,3,1,test,0.85,0.2785151613251322,0.9418829910887252
ae,1,3,1,test,0.9,0.2785151613251322,0.9418829910887252
ae,1,3,1,test,0.95,0.0,
ae,1,3,1,run_test,0.0,1.0,0.7292344579551293
ae,1,3,1,run_test,0.5,1.0,0.7292344579551293
ae,1,3,1,run_test,0.6,1.0,0.7292344579551293
ae,1,3,1,run_test,0.7,0.4779928069874978,0.8570404872805446
ae,1,3,1,run_test,0.8,0.278814865559171,0.9496314496314496
ae,1,3,1,run_test,0.85,0.278814865559171,0.9496314496314496
ae,1,3,1,run_test,0.9,0.278814865559171,0.9496314496314496
ae,1,3,1,run_test,0.95,0.0,
ae,1,3,2,test,0.0,1.0,0.7492176540412215
ae,1,3,2,test,0.5,1.0,0.7492176540412215
ae,1,3,2,test,0.6,1.0,0.7492176540412215
ae,1,3,2,test,0.7,0.4540843854537607,0.8438688212927756
ae,1,3,2,test,0.8,0.2785151613251322,0.9418829910887252
ae,1,3,2,test,0.85,0.2785151613251322,0.9418829910887252
ae,1,3,2,test,0.9,0.2785151613251322,0.9418829910887252
ae,1,3,2,test,0.95,0.0,
ae,1,3,2,run_test,0.0,1.0,0.7292344579551293
ae,1,3,2,run_test,0.5,1.0,0.7292344579551293
ae,1,3,2,run_test,0.6,1.0,0.7292344579551293
ae,1,3,2,run_test,0.7,0.4779928069874978,0.8570404872805446
ae,1,3,2,run_test,0.8,0.278814865559171,0.9496314496314496
ae,1,3,2,run_test,0.85,0.278814865559171,0.9496314496314496
ae,1,3,2,run_test,0.9,0.278814865559171,0.9496314496314496
ae,1,3,2,run_test,0.95,0.0,
ae,1,8,0,test,0.0,1.0,0.7795403043056005
ae,1,8,0,test,0.5,1.0,0.7795403043056005
ae,1,8,0,test,0.6,0.7864465307003345,0.8581229418221734
ae,1,8,0,test,0.7,0.6699039602891982,0.8983569587628866
ae,1,8,0,test,0.8,0.6699039602891982,0.8983569587628866
ae,1,8,0,test,0.85,0.455487212690191,0.9443259891021084
ae,1,8,0,test,0.9,0.3454192295241178,0.9553264604810996
ae,1,8,0,test,0.95,0.2316823135858422,0.9687936655798788
ae,1,8,0,run_test,0.0,1.0,0.7912313752354855
ae,1,8,0,run_test,0.5,1.0,0.7912313752354855
ae,1,8,0,run_test,0.6,0.7898612776160301,0.8486556808326106
ae,1,8,0,run_test,0.7,0.6586744305531769,0.8876755070202809
ae,1,8,0,run_test,0.8,0.6586744305531769,0.8876755070202809
ae,1,8,0,run_test,0.85,0.4389450248330193,0.9305501365587202
ae,1,8,0,run_test,0.9,0.3320774105154992,0.9551315110881898
ae,1,8,0,run_test,0.95,0.2312039732830964,0.9688888888888888
ae,1,8,1,test,0.0,1.0,0.78051149239236
ae,1,8,1,test,0.5,1.0,0.78051149239236
ae,1,8,1,test,0.6,0.7886047264486888,0.8587848932676518
ae,1,8,1,test,0.7,0.669256501564692,0.8985811028700419
ae,1,8,1,test,0.8,0.669256501564692,0.8985811028700419
ae,1,8,1,test,0.85,0.4579691378007985,0.9439208294062206
ae,1,8,1,test,0.9,0.3474695154850545,0.9549689440993788
ae,1,8,1,test,0.95,0.2326535016726017,0.9684601113172542
ae,1,8,1,run_test,0.0,1.0,0.7915738996403494
ae,1,8,1,run_test,0.5,1.0,0.7915738996403494
ae,1,8,1,run_test,0.6,0.7914026374379175,0.8491668470028132
ae,1,8,1,run_test,0.7,0.6573043329337215,0.8879624804585722
ae,1,8,1,run_test,0.8,0.6573043329337215,0.8879624804585722
ae,1,8,1,run_test,0.85,0.4413426956670663,0.9305393868839736
ae,1,8,1,run_test,0.9,0.3334475081349546,0.95582948125321
ae,1,8,1,run_test,0.95,0.2324028087001199,0.9690493736182756
ae,1,8,2,test,0.0,1.0,0.7700442430128412
ae,1,8,2,test,0.5,0.8326319197151182,0.838258164852255
ae,1,8,2,test,0.6,0.7311967195424625,0.8690968122786304
ae,1,8,2,test,0.7,0.6546886802632998,0.9073677270479644
ae,1,8,2,test,0.8,0.6546886802632998,0.9073677270479644
ae,1,8,2,test,0.85,0.455487212690191,0.9440890784174366
ae,1,8,2,test,0.9,0.3460666882486241,0.9541627689429372
ae,1,8,2,test,0.95,0.2334088701845257,0.9680998613037448
ae,1,8,2,run_test,0.0,1.0,0.7782154478506593
ae,1,8,2,run_test,0.5,0.8379859564994006,0.8326180257510729
ae,1,8,2,run_test,0.6,0.723240280870012,0.8659720577788302
ae,1,8,2,run_test,0.7,0.6432608323343039,0.8932374866879659
ae,1,8,2,run_test,0.8,0.6432608323343039,0.8932374866879659
ae,1,8,2,run_test,0.85,0.439630073642747,0.9306583560576548
ae,1,8,2,run_test,0.9,0.3329337215276588,0.9537037037037036
ae,1,8,2,run_test,0.95,0.2336016441171433,0.969208211143695
ae,1,15,0,test,0.0,1.0,0.7925973885831445
ae,1,15,0,test,0.5,0.8576669903960289,0.8556869652742828
ae,1,15,0,test,0.6,0.7931369375202331,0.8764625850340136
ae,1,15,0,test,0.7,0.7377792165749434,0.8948369167763639
ae,1,15,0,test,0.8,0.7377792165749434,0.8948369167763639
ae,1,15,0,test,0.85,0.5746196179993526,0.9091079812206572
ae,1,15,0,test,0.9,0.3184417826696881,0.960352422907489
ae,1,15,0,test,0.95,0.2491636991475126,0.970550021654396
ae,1,15,0,run_test,0.0,1.0,0.7903750642233259
ae,1,15,0,run_test,0.5,0.8612776160301422,0.849473056273613
ae,1,15,0,run_test,0.6,0.8004795341668094,0.8737697903294822
ae,1,15,0,run_test,0.7,0.7415653365302278,0.8891454965357968
ae,1,15,0,run_test,0.8,0.7415653365302278,0.8891454965357968
ae,1,15,0,run_test,0.85,0.5603699263572529,0.9034229828850856
ae,1,15,0,run_test,0.9,0.3082719643774619,0.9588888888888888
ae,1,15,0,run_test,0.95,0.2435348518581949,0.9669479606188468
ae,1,15,1,test,0.0,1.0,0.8050070141361821
ae,1,15,1,test,0.5,0.8981331606776735,0.8460891505466779
ae,1,15,1,test,0.6,0.8355454839753965,0.8658142838693013
ae,1,15,1,test,0.7,0.8108341426567389,0.874101676869843
ae,1,15,1,test,0.8,0.7283910650696018,0.8922962962962963
ae,1,15,1,test,0.85,0.4704866731412539,0.933256880733945
ae,1,15,1,test,0.9,0.3442322218625229,0.9561128526645768
ae,1,15,1,test,0.95,0.2683716413078666,0.9670285484519502
ae,1,15,1,run_test,0.0,1.0,0.8090426442884056
ae,1,15,1,run_test,0.5,0.8941599588970714,0.8437081018961885
ae,1,15,1,run_test,0.6,0.8342181880458983,0.8671730650790392
ae,1,15,1,run_test,0.7,0.8071587600616544,0.8750265223848929
ae,1,15,1,run_test,0.8,0.7181024147970543,0.8888623896971143
ae,1,15,1,run_test,0.85,0.4678883370440144,0.9238653001464128
ae,1,15,1,run_test,0.9,0.3336187703373865,0.957905544147844
ae,1,15,1,run_test,0.95,0.2651138893646172,0.964470284237726
ae,1,15,2,test,0.0,1.0,0.7998273443401317
ae,1,15,2,test,0.5,0.8982410704650912,0.8444257568476694
ae,1,15,2,test,0.6,0.8620912916801554,0.8605582676179747
ae,1,15,2,test,0.7,0.7316283586921334,0.8932153392330383
ae,1,15,2,test,0.8,0.7316283586921334,0.8932153392330383
ae,1,15,2,test,0.85,0.4837595769936333,0.9304037474905198
ae,1,15,2,test,0.9,0.3598791410380921,0.9547226386806597
ae,1,15,2,test,0.95,0.235998705082551,0.9734796524919982
ae,1,15,2,run_test,0.0,1.0,0.7997944853570816
ae,1,15,2,run_test,0.5,0.901524233601644,0.8468844984802432
ae,1,15,2,run_test,0.6,0.8698407261517384,0.8572553652293758
ae,1,15,2,run_test,0.7,0.7228977564651481,0.8858090499881545
ae,1,15,2,run_test,0.8,0.7228977564651481,0.8858090499881545
ae,1,15,2,run_test,0.85,0.4824456242507278,0.9179978700745474
ae,1,15,2,run_test,0.9,0.3505737283781469,0.9506595017098192
ae,1,15,2,run_test,0.95,0.2318890220928241,0.9711964549483012
ae,1,25,0,test,0.0,1.0,0.8071652098845365
ae,1,25,0,test,0.5,0.9349303981871157,0.8281394275161588
ae,1,25,0,test,0.6,0.8670551419013705,0.8546359676415681
ae,1,25,0,test,0.7,0.8344663861012194,0.8673218673218673
ae,1,25,0,test,0.8,0.6788604726448689,0.9049435701796216
ae,1,25,0,test,0.85,0.4954138340347469,0.9342191243737747
ae,1,25,0,test,0.9,0.3631164346606237,0.9634472511144132
ae,1,25,0,test,0.95,0.2967519153987266,0.9676363636363636
ae,1,25,0,run_test,0.0,1.0,0.8157218701832506
ae,1,25,0,run_test,0.5,0.9385168693269396,0.8319343065693431
ae,1,25,0,run_test,0.6,0.8641890734714849,0.8585017835909632
ae,1,25,0,run_test,0.7,0.8337044014386025,0.8683237469186524
ae,1,25,0,run_test,0.8,0.6689501626990924,0.8924731182795699
ae,1,25,0,run_test,0.85,0.4868984415139579,0.9240239183960604
ae,1,25,0,run_test,0.9,0.3543414968316492,0.9632672788786854
ae,1,25,0,run_test,0.95,0.2916595307415653,0.9677040516735174
ae,1,25,1,test,0.0,1.0,0.8128844286176756
ae,1,25,1,test,0.5,0.9235998705082552,0.8474120808505666
ae,1,25,1,test,0.6,0.9112981547426352,0.8499703966844286
ae,1,25,1,test,0.7,0.8066256609474479,0.8822742474916387
ae,1,25,1,test,0.8,0.6441135210963634,0.9162338750209416
ae,1,25,1,test,0.85,0.5906981763245926,0.9216295213737667
ae,1,25,1,test,0.9,0.3695910219056868,0.9629197080291972
ae,1,25,1,test,0.95,0.3111039171252832,0.9642733263961152
ae,1,25,1,run_test,0.0,1.0,0.8160643945881144
ae,1,25,1,run_test,0.5,0.9273848261688644,0.8445060018467221
ae,1,25,1,run_test,0.6,0.915567734201062,0.8481107369996259
ae,1,25,1,run_test,0.7,0.8027059427984243,0.8788137401322808
ae,1,25,1,run_test,0.8,0.6350402466175715,0.9018338727076592
ae,1,25,1,run_test,0.85,0.5786949820174687,0.9118082272861794
ae,1,25,1,run_test,0.9,0.3582805274875835,0.96414913957935
ae,1,25,1,run_test,0.95,0.3091282753896215,0.9662049861495844
ae,1,25,2,test,0.0,1.0,0.8113736915938276
ae,1,25,2,test,0.5,0.9494982194885077,0.8321400159108989
ae,1,25,2,test,0.6,0.886047264486889,0.8497137985629034
ae,1,25,2,test,0.7,0.808136397971296,0.8728802243290159
ae,1,25,2,test,0.8,0.6644005611308945,0.9067727789507876
ae,1,25,2,test,0.85,0.5166720621560376,0.934001670843776
ae,1,25,2,test,0.9,0.2991259307219164,0.9693362193362194
ae,1,25,2,test,0.95,0.2637315204489047,0.970949263502455
ae,1,25,2,run_test,0.0,1.0,0.8172632300051379
ae,1,25,2,run_test,0.5,0.9472512416509676,0.8380039775809076
ae,1,25,2,run_test,0.6,0.877205000856311,0.8537680593518157
ae,1,25,2,run_test,0.7,0.7975680767254667,0.8733089972085033
ae,1,25,2,run_test,0.8,0.6432608323343039,0.8940362087326944
ae,1,25,2,run_test,0.85,0.4995718444939201,0.92595131984916
ae,1,25,2,run_test,0.9,0.2962836102072272,0.969942196531792
ae,1,25,2,run_test,0.95,0.2627162185305703,0.9732724902216427
ae,1,37,0,test,0.0,1.0,0.8201143843746628
ae,1,37,0,test,0.5,0.9574835437574188,0.8378226079116421
ae,1,37,0,test,0.6,0.8989964389770152,0.8548793662225423
ae,1,37,0,test,0.7,0.8172008201143843,0.8803644526607686
ae,1,37,0,test,0.8,0.670011870076616,0.908519890481559
ae,1,37,0,test,0.85,0.6022445235782885,0.9224153377530908
ae,1,37,0,test,0.9,0.4105967411244199,0.9537450722733246
ae,1,37,0,test,0.95,0.3222186252293083,0.964166108506363
ae,1,37,0,run_test,0.0,1.0,0.821202260661072
ae,1,37,0,run_test,0.5,0.9609522178455217,0.8349670290500802
ae,1,37,0,run_test,0.6,0.8989553005651653,0.8496856544103639
ae,1,37,0,run_test,0.7,0.8114403151224525,0.8796960742929506
ae,1,37,0,run_test,0.8,0.6691214249015243,0.8991553621704633
ae,1,37,0,run_test,0.85,0.6023291659530742,0.913278362240546
ae,1,37,0,run_test,0.9,0.4108580236341839,0.9545644018340976
ae,1,37,0,run_test,0.95,0.3276245932522692,0.96340825927862
ae,1,37,1,test,0.0,0.9995683608503292,0.8160423189031631
ae,1,37,1,test,0.5,0.9695694399482032,0.8289371174179188
ae,1,37,1,test,0.6,0.8837811589511169,0.8608058608058609
ae,1,37,1,test,0.7,0.8063019315851948,0.8816916488222698
ae,1,37,1,test,0.8,0.6720621560375526,0.9079961464354528
ae,1,37,1,test,0.85,0.5746196179993526,0.9226291079812208
ae,1,37,1,test,0.9,0.4179346066688248,0.9555899819261554
ae,1,37,1,test,0.95,0.3310672277975612,0.9615384615384616
ae,1,37,1,run_test,0.0,0.9996574755951362,0.8141168408428987
ae,1,37,1,run_test,0.5,0.964034937489296,0.8335405933558359
ae,1,37,1,run_test,0.6,0.883884226751156,0.8562294129044759
ae,1,37,1,run_test,0.7,0.8092139064908375,0.88
ae,1,37,1,run_test,0.8,0.6710053091282754,0.8994384890250128
ae,1,37,1,run_test,0.85,0.5708169207056003,0.9114911491149116
ae,1,37,1,run_test,0.9,0.4112005480390477,0.9525197834235736
ae,1,37,1,run_test,0.95,0.3320774105154992,0.961320268179474
ae,1,37,2,test,0.0,1.0,0.8201143843746628
ae,1,37,2,test,0.5,0.95316715226071,0.8412770293218612
ae,1,37,2,test,0.6,0.912916801553901,0.8537825059101655
ae,1,37,2,test,0.7,0.8542138771986619,0.8692521475492673
ae,1,37,2,test,0.8,0.6574943347361606,0.9039881831610044
ae,1,37,2,test,0.85,0.4980036689327722,0.9306608884073672
ae,1,37,2,test,0.9,0.3953814610985216,0.9538755458515285
ae,1,37,2,test,0.95,0.2884428617675623,0.964833520389076
ae,1,37,2,run_test,0.0,1.0,0.8234286692926871
ae,1,37,2,run_test,0.5,0.957526973796883,0.8395635843319621
ae,1,37,2,run_test,0.6,0.91539647199863,0.8548175865294668
ae,1,37,2,run_test,0.7,0.8467203288234286,0.8685275080906149
ae,1,37,2,run_test,0.8,0.6473711251926699,0.9
ae,1,37,2,run_test,0.85,0.4971741736598732,0.9317946951429557
ae,1,37,2,run_test,0.9,0.3993834560712451,0.9571183533447684
ae,1,37,2,run_test,0.95,0.2978249700291145,0.9637722829212192
ae,1,50,0,test,0.0,0.9990288119132406,0.8191834089436163
ae,1,50,0,test,0.5,0.9813316067767348,0.8255992962392786
ae,1,50,0,test,0.6,0.8602568252940541,0.8672854992473658
ae,1,50,0,test,0.7,0.7625984676810187,0.9008065657280316
ae,1,50,0,test,0.8,0.6893277220243876,0.9107701941139636
ae,1,50,0,test,0.85,0.5843314988669472,0.9274238227146816
ae,1,50,0,test,0.9,0.3947340023740153,0.9557135046473484
ae,1,50,0,test,0.95,0.2991259307219164,0.9664502164502164
ae,1,50,0,run_test,0.0,0.9986299023805446,0.8199279711884754
ae,1,50,0,run_test,0.5,0.982017468744648,0.8238576909661667
ae,1,50,0,run_test,0.6,0.8580236341839356,0.8590818363273454
ae,1,50,0,run_test,0.7,0.7588628189758521,0.8934777702550214
ae,1,50,0,run_test,0.8,0.6828224010960781,0.9036869826937548
ae,1,50,0,run_test,0.85,0.5881144031512245,0.9199184624344788
ae,1,50,0,run_test,0.9,0.3887651995204658,0.9458149779735684
ae,1,50,0,run_test,0.95,0.2957698235999315,0.9623624782860452
ae,1,50,1,test,0.0,0.9987050825509872,0.8205294435440302
ae,1,50,1,test,0.5,0.9150749973022552,0.8524764150943396
ae,1,50,1,test,0.6,0.8623071112549908,0.871980978600926
ae,1,50,1,test,0.7,0.7915182907089673,0.892569870483981
ae,1,50,1,test,0.8,0.7274198769828424,0.9006082183652278
ae,1,50,1,test,0.85,0.5663105643681882,0.929878048780488
ae,1,50,1,test,0.9,0.4495521743822164,0.9510321651464234
ae,1,50,1,test,0.95,0.2663213553469299,0.9688006482982172
ae,1,50,1,run_test,0.0,0.9996574755951362,0.817543258523214
ae,1,50,1,run_test,0.5,0.9119712279499914,0.8488262910798122
ae,1,50,1,run_test,0.6,0.8599075184106868,0.8709420434176459
ae,1,50,1,run_test,0.7,0.7830107895187532,0.8888888888888888
ae,1,50,1,run_test,0.8,0.7194725124165097,0.9035943822899308
ae,1,50,1,run_test,0.85,0.5649940058229149,0.924522582600788
ae,1,50,1,run_test,0.9,0.4416852200719301,0.9422256688639008
ae,1,50,1,run_test,0.95,0.2675115601986642,0.9667093469910372
ae,1,50,2,test,0.0,0.9997841804251646,0.8139233675121424
ae,1,50,2,test,0.5,0.9643897701521528,0.8275707731901085
ae,1,50,2,test,0.6,0.8401856048343584,0.8745183662984845
ae,1,50,2,test,0.7,0.8006906226394734,0.8859838274932614
ae,1,50,2,test,0.8,0.7514837595769936,0.9007754164273406
ae,1,50,2,test,0.85,0.565986835005935,0.9227836034318398
ae,1,50,2,test,0.9,0.3790870831984461,0.9607173356105893
ae,1,50,2,test,0.95,0.3442322218625229,0.9648902821316614
ae,1,50,2,run_test,0.0,0.9994862133927044,0.8104866346812886
ae,1,50,2,run_test,0.5,0.966603870525775,0.8270729978738484
ae,1,50,2,run_test,0.6,0.8400411029285837,0.8705402650356778
ae,1,50,2,run_test,0.7,0.7944853570816921,0.8825177840051736
ae,1,50,2,run_test,0.8,0.7441342695667066,0.8927502876869966
ae,1,50,2,run_test,0.85,0.5562596334988867,0.9134852216748768
ae,1,50,2,run_test,0.9,0.3824284980304847,0.9574563367666816
ae,1,50,2,run_test,0.95,0.3420106182565507,0.9629444166249376
