method,seed,k,gmm_seed,partition,dev_purity_threshold,coverage,tag_agreement
masked_ae,2,3,0,test,0.0,1.0,0.7201899212258552
masked_ae,2,3,0,test,0.5,1.0,0.7201899212258552
masked_ae,2,3,0,test,0.6,1.0,0.7201899212258552
masked_ae,2,3,0,test,0.7,0.6901910003237294,0.7736085053158224
masked_ae,2,3,0,test,0.8,0.3647350814718895,0.8180473372781065
masked_ae,2,3,0,test,0.85,0.0,
masked_ae,2,3,0,test,0.9,0.0,
masked_ae,2,3,0,test,0.95,0.0,
masked_ae,2,3,0,run_test,0.0,1.0,0.71861620140435
masked_ae,2,3,0,run_test,0.5,1.0,0.71861620140435
masked_ae,2,3,0,run_test,0.6,1.0,0.71861620140435
masked_ae,2,3,0,run_test,0.7,0.6494262716218531,0.7679324894514767
masked_ae,2,3,0,run_test,0.8,0.3372152765884569,0.7770441848654139
masked_ae,2,3,0,run_test,0.85,0.0,
masked_ae,2,3,0,run_test,0.9,0.0,
masked_ae,2,3,0,run_test,0.95,0.0,
masked_ae,2,3,1,test,0.0,1.0,0.7207294701629438
masked_ae,2,3,1,test,0.5,1.0,0.7207294701629438
masked_ae,2,3,1,test,0.6,1.0,0.7207294701629438
masked_ae,2,3,1,test,0.7,0.6905147296859825,0.7740271917487107
masked_ae,2,3,1,test,0.8,0.3650588108341426,0.8182086905113805
masked_ae,2,3,1,test,0.85,0.0,
masked_ae,2,3,1,test,0.9,0.0,
masked_ae,2,3,1,test,0.95,0.0,
masked_ae,2,3,1,run_test,0.0,1.0,0.718787463606782
masked_ae,2,3,1,run_test,0.5,1.0,0.718787463606782
masked_ae,2,3,1,run_test,0.6,1.0,0.718787463606782
masked_ae,2,3,1,run_test,0.7,0.6494262716218531,0.7681962025316456
masked_ae,2,3,1,run_test,0.8,0.3373865387908888,0.7771573604060914
masked_ae,2,3,1,run_test,0.85,0.0,
masked_ae,2,3,1,run_test,0.9,0.0,
masked_ae,2,3,1,run_test,0.95,0.0,
masked_ae,2,3,2,test,0.0,1.0,0.7190029135642603
masked_ae,2,3,2,test,0.5,1.0,0.7190029135642603
masked_ae,2,3,2,test,0.6,1.0,0.7190029135642603
masked_ae,2,3,2,test,0.7,0.6950469407575267,0.7697562490296538
masked_ae,2,3,2,test,0.8,0.3661379087083198,0.8160919540229885
masked_ae,2,3,2,test,0.85,0.0,
masked_ae,2,3,2,test,0.9,0.0,
masked_ae,2,3,2,test,0.95,0.0,
masked_ae,2,3,2,run_test,0.0,1.0,0.7181024147970543
masked_ae,2,3,2,run_test,0.5,1.0,0.7181024147970543
masked_ae,2,3,2,run_test,0.6,1.0,0.7181024147970543
masked_ae,2,3,2,run_test,0.7,0.6531940400753554,0.7645516518091243
masked_ae,2,3,2,run_test,0.8,0.3367014899811612,0.7787385554425229
masked_ae,2,3,2,run_test,0.85,0.0,
masked_ae,2,3,2,run_test,0.9,0.0,
masked_ae,2,3,2,run_test,0.95,0.0,
masked_ae,2,8,0,test,0.0,1.0,0.7460882702061077
masked_ae,2,8,0,test,0.5,1.0,0.7460882702061077
masked_ae,2,8,0,test,0.6,0.8214093018236754,0.7831056227009984
masked_ae,2,8,0,test,0.7,0.6042948095392252,0.8371428571428572
masked_ae,2,8,0,test,0.8,0.3483327937843962,0.9389714993804212
masked_ae,2,8,0,test,0.85,0.3483327937843962,0.9389714993804212
masked_ae,2,8,0,test,0.9,0.3483327937843962,0.9389714993804212
masked_ae,2,8,0,test,0.95,0.1102838027409086,0.9833659491193738
masked_ae,2,8,0,run_test,0.0,1.0,0.7492721356396643
masked_ae,2,8,0,run_test,0.5,1.0,0.7492721356396643
masked_ae,2,8,0,run_test,0.6,0.796711765713307,0.7852536543422184
masked_ae,2,8,0,run_test,0.7,0.584689159102586,0.8239601640304628
masked_ae,2,8,0,run_test,0.8,0.3228292515841753,0.9320954907161804
masked_ae,2,8,0,run_test,0.85,0.3228292515841753,0.9320954907161804
masked_ae,2,8,0,run_test,0.9,0.3228292515841753,0.9320954907161804
masked_ae,2,8,0,run_test,0.95,0.1075526631272478,0.9840764331210192
masked_ae,2,8,1,test,0.0,1.0,0.7465199093557786
masked_ae,2,8,1,test,0.5,1.0,0.7465199093557786
masked_ae,2,8,1,test,0.6,0.8223804899104349,0.7825744652932686
masked_ae,2,8,1,test,0.7,0.6039710801769721,0.8372342326246204
masked_ae,2,8,1,test,0.8,0.3482248839969785,0.9389525875426092
masked_ae,2,8,1,test,0.85,0.3482248839969785,0.9389525875426092
masked_ae,2,8,1,test,0.9,0.3482248839969785,0.9389525875426092
masked_ae,2,8,1,test,0.95,0.1099600733786554,0.9842983316977428
masked_ae,2,8,1,run_test,0.0,1.0,0.7497859222469601
masked_ae,2,8,1,run_test,0.5,1.0,0.7497859222469601
masked_ae,2,8,1,run_test,0.6,0.7989381743449221,0.7845659163987139
masked_ae,2,8,1,run_test,0.7,0.5853742079123138,0.8224107665301346
masked_ae,2,8,1,run_test,0.8,0.3224867271793115,0.9314922995220392
masked_ae,2,8,1,run_test,0.85,0.3224867271793115,0.9314922995220392
masked_ae,2,8,1,run_test,0.9,0.3224867271793115,0.9314922995220392
masked_ae,2,8,1,run_test,0.95,0.1072101387223839,0.9840255591054312
masked_ae,2,8,2,test,0.0,1.0,0.7460882702061077
masked_ae,2,8,2,test,0.5,1.0,0.7460882702061077
masked_ae,2,8,2,test,0.6,0.8221646703355995,0.7830423940149626
masked_ae,2,8,2,test,0.7,0.6049422682637315,0.8373171601855155
masked_ae,2,8,2,test,0.8,0.3486565231466494,0.9387186629526464
masked_ae,2,8,2,test,0.85,0.3486565231466494,0.9387186629526464
masked_ae,2,8,2,test,0.9,0.3486565231466494,0.9387186629526464
masked_ae,2,8,2,test,0.95,0.1103917125283263,0.9833822091886608
masked_ae,2,8,2,run_test,0.0,1.0,0.750128446651824
masked_ae,2,8,2,run_test,0.5,1.0,0.750128446651824
masked_ae,2,8,2,run_test,0.6,0.7989381743449221,0.7854233654876742
masked_ae,2,8,2,run_test,0.7,0.5862305189244734,0.8241308793456033
masked_ae,2,8,2,run_test,0.8,0.3228292515841753,0.9326259946949602
masked_ae,2,8,2,run_test,0.85,0.3228292515841753,0.9326259946949602
masked_ae,2,8,2,run_test,0.9,0.3228292515841753,0.9326259946949602
masked_ae,2,8,2,run_test,0.95,0.1078951875321116,0.984126984126984
masked_ae,2,15,0,test,0.0,1.0,0.7516995791518291
masked_ae,2,15,0,test,0.5,0.8753641955325348,0.796844181459566
masked_ae,2,15,0,test,0.6,0.7367001187007661,0.8426834627215468
masked_ae,2,15,0,test,0.7,0.6042948095392252,0.8866071428571428
masked_ae,2,15,0,test,0.8,0.4543002050285961,0.9505938242280284
masked_ae,2,15,0,test,0.85,0.4543002050285961,0.9505938242280284
masked_ae,2,15,0,test,0.9,0.3890147836408762,0.9614424410540916
masked_ae,2,15,0,test,0.95,0.2454947663753102,0.9784615384615384
masked_ae,2,15,0,run_test,0.0,1.0,0.7463606781983216
masked_ae,2,15,0,run_test,0.5,0.8857681109779072,0.7894431554524362
masked_ae,2,15,0,run_test,0.6,0.734201061825655,0.8227198507114533
masked_ae,2,15,0,run_test,0.7,0.6014728549409145,0.8707289293849658
masked_ae,2,15,0,run_test,0.8,0.444254153108409,0.9425597532767926
masked_ae,2,15,0,run_test,0.85,0.444254153108409,0.9425597532767926
masked_ae,2,15,0,run_test,0.9,0.3663298510018838,0.956989247311828
masked_ae,2,15,0,run_test,0.95,0.2402808700119883,0.9722024233784748
masked_ae,2,15,1,test,0.0,1.0,0.7514837595769936
masked_ae,2,15,1,test,0.5,0.8762274738318766,0.7960591133004926
masked_ae,2,15,1,test,0.6,0.7342181935901586,0.8420047031158142
masked_ae,2,15,1,test,0.7,0.600949606129276,0.8875920272939486
masked_ae,2,15,1,test,0.8,0.4591561454623934,0.9508813160987074
masked_ae,2,15,1,test,0.85,0.4591561454623934,0.9508813160987074
masked_ae,2,15,1,test,0.9,0.3931153555627495,0.9615701345045292
masked_ae,2,15,1,test,0.95,0.2446314880759685,0.9792677547419496
masked_ae,2,15,1,run_test,0.0,1.0,0.7451618427812982
masked_ae,2,15,1,run_test,0.5,0.886110635382771,0.7877850792423656
masked_ae,2,15,1,run_test,0.6,0.7278643603356739,0.8235294117647058
masked_ae,2,15,1,run_test,0.7,0.5954786778557972,0.8728789186079954
masked_ae,2,15,1,run_test,0.8,0.4497345435862305,0.9424980959634424
masked_ae,2,15,1,run_test,0.85,0.4497345435862305,0.9424980959634424
masked_ae,2,15,1,run_test,0.9,0.3716389792772735,0.9557603686635944
masked_ae,2,15,1,run_test,0.95,0.2390820345949648,0.9727793696275072
masked_ae,2,15,2,test,0.0,1.0,0.7416639689219813
masked_ae,2,15,2,test,0.5,0.7920578396460559,0.8149863760217984
masked_ae,2,15,2,test,0.6,0.6918096471349952,0.8494774606145687
masked_ae,2,15,2,test,0.7,0.6281428725585411,0.8730458684074901
masked_ae,2,15,2,test,0.8,0.4314233300960397,0.948224112056028
masked_ae,2,15,2,test,0.85,0.3816769180964713,0.9626802374893978
masked_ae,2,15,2,test,0.9,0.3816769180964713,0.9626802374893978
masked_ae,2,15,2,test,0.95,0.215280025898349,0.9819548872180452
masked_ae,2,15,2,run_test,0.0,1.0,0.7419078609350916
masked_ae,2,15,2,run_test,0.5,0.7951704058914197,0.805729054490631
masked_ae,2,15,2,run_test,0.6,0.6877890049666039,0.829183266932271
masked_ae,2,15,2,run_test,0.7,0.6259633498886795,0.8508891928864569
masked_ae,2,15,2,run_test,0.8,0.4223325911971228,0.9363341443633414
masked_ae,2,15,2,run_test,0.85,0.3747216989210481,0.953382084095064
masked_ae,2,15,2,run_test,0.9,0.3747216989210481,0.953382084095064
masked_ae,2,15,2,run_test,0.95,0.2183593081007021,0.9662745098039216
masked_ae,2,25,0,test,0.0,1.0,0.7863386209129168
masked_ae,2,25,0,test,0.5,0.8451494550555736,0.8506128702757916
masked_ae,2,25,0,test,0.6,0.7804035826049422,0.8727876106194691
masked_ae,2,25,0,test,0.7,0.7261249595338297,0.8883935205825532
masked_ae,2,25,0,test,0.8,0.6516672062156037,0.9155489319423744
masked_ae,2,25,0,test,0.85,0.5378223804899105,0.9303772070626004
masked_ae,2,25,0,test,0.9,0.3743390525520664,0.9573364081867972
masked_ae,2,25,0,test,0.95,0.2197043271824754,0.9774066797642436
masked_ae,2,25,0,run_test,0.0,1.0,0.7848946737455044
masked_ae,2,25,0,run_test,0.5,0.8412399383456072,0.8544381107491856
masked_ae,2,25,0,run_test,0.6,0.7717074841582463,0.8697292498890369
masked_ae,2,25,0,run_test,0.7,0.712108237711937,0.8864838864838864
masked_ae,2,25,0,run_test,0.8,0.6280184963178627,0.9102808835560404
masked_ae,2,25,0,run_test,0.85,0.5235485528343895,0.920183186130193
masked_ae,2,25,0,run_test,0.9,0.3736941257064566,0.9477543538038496
masked_ae,2,25,0,run_test,0.95,0.220928241137181,0.9674418604651164
masked_ae,2,25,1,test,0.0,1.0,0.7869860796374231
masked_ae,2,25,1,test,0.5,0.9019100032372936,0.8286671452500598
masked_ae,2,25,1,test,0.6,0.7984245171037013,0.8683605892688201
masked_ae,2,25,1,test,0.7,0.7430667961584115,0.8893406912576242
masked_ae,2,25,1,test,0.8,0.6305168878817309,0.9128872154715044
masked_ae,2,25,1,test,0.85,0.5464551634833279,0.9271327014218008
masked_ae,2,25,1,test,0.9,0.4177187870939894,0.9558253681219324
masked_ae,2,25,1,test,0.95,0.2441998489262976,0.9836500220945648
masked_ae,2,25,1,run_test,0.0,1.0,0.785579722555232
masked_ae,2,25,1,run_test,0.5,0.8898784038362734,0.8316012317167052
masked_ae,2,25,1,run_test,0.6,0.7908888508306217,0.8674750974447812
masked_ae,2,25,1,run_test,0.7,0.7353998972426785,0.8872845831392641
masked_ae,2,25,1,run_test,0.8,0.6153450933379003,0.9120512106874478
masked_ae,2,25,1,run_test,0.85,0.5278301078951876,0.9231018818948734
masked_ae,2,25,1,run_test,0.9,0.4007535536907005,0.9487179487179488
masked_ae,2,25,1,run_test,0.95,0.2512416509676314,0.9734151329243352
masked_ae,2,25,2,test,0.0,1.0,0.7956188626308406
masked_ae,2,25,2,test,0.5,0.8946800474803065,0.8356048727535882
masked_ae,2,25,2,test,0.6,0.86187547210532,0.8522599223738575
masked_ae,2,25,2,test,0.7,0.8285313477932449,0.8651992706433967
masked_ae,2,25,2,test,0.8,0.7081040250350706,0.8995733008229199
masked_ae,2,25,2,test,0.85,0.4872126901910003,0.93421926910299
masked_ae,2,25,2,test,0.9,0.2838027409086004,0.9673003802281368
masked_ae,2,25,2,test,0.95,0.1742743066796158,0.9795665634674924
masked_ae,2,25,2,run_test,0.0,1.0,0.7982531255351943
masked_ae,2,25,2,run_test,0.5,0.8814865559171091,0.840101029726054
masked_ae,2,25,2,run_test,0.6,0.848090426442884,0.8576332794830371
masked_ae,2,25,2,run_test,0.7,0.8165781811954101,0.8655620805369127
masked_ae,2,25,2,run_test,0.8,0.6860763829422847,0.9008986520219672
masked_ae,2,25,2,run_test,0.85,0.4803904778215447,0.9294117647058824
masked_ae,2,25,2,run_test,0.9,0.2820688474053776,0.9556769884638736
masked_ae,2,25,2,run_test,0.95,0.1731460866586744,0.9653808110781404
masked_ae,2,37,0,test,0.0,1.0,0.7992877954030431
masked_ae,2,37,0,test,0.5,0.8978094313154203,0.8429086538461539
masked_ae,2,37,0,test,0.6,0.8490342074026114,0.8627351296390442
masked_ae,2,37,0,test,0.7,0.7821301392036257,0.8852097130242825
masked_ae,2,37,0,test,0.8,0.6972051365058811,0.913171335706547
masked_ae,2,37,0,test,0.85,0.5285421387719866,0.9434463046141284
masked_ae,2,37,0,test,0.9,0.4227905471026222,0.9614599285349668
masked_ae,2,37,0,test,0.95,0.2732275817416639,0.9778830963665088
masked_ae,2,37,0,run_test,0.0,1.0,0.8039047782154478
masked_ae,2,37,0,run_test,0.5,0.8936461722897756,0.8434266002299732
masked_ae,2,37,0,run_test,0.6,0.834731974653194,0.8625359048009849
masked_ae,2,37,0,run_test,0.7,0.7675971912998801,0.8837572512271308
masked_ae,2,37,0,run_test,0.8,0.6761431752012331,0.9110942249240122
masked_ae,2,37,0,run_test,0.85,0.5141291317006337,0.935709526982012
masked_ae,2,37,0,run_test,0.9,0.419592395958212,0.9555102040816328
masked_ae,2,37,0,run_test,0.95,0.2750470971056687,0.9663760896637608
masked_ae,2,37,1,test,0.0,1.0,0.8122369698931693
masked_ae,2,37,1,test,0.5,0.9583468220567606,0.827609503434298
masked_ae,2,37,1,test,0.6,0.821948850760764,0.8751476959432848
masked_ae,2,37,1,test,0.7,0.7558001510737024,0.8934894346087949
masked_ae,2,37,1,test,0.8,0.7190029135642603,0.90079543749062
masked_ae,2,37,1,test,0.85,0.5762382648106184,0.9237827715355804
masked_ae,2,37,1,test,0.9,0.4186899751807489,0.9512886597938144
masked_ae,2,37,1,test,0.95,0.2642710693859933,0.9734585545120458
masked_ae,2,37,1,run_test,0.0,1.0,0.8150368213735228
masked_ae,2,37,1,run_test,0.5,0.9537592053433808,0.8312084754893159
masked_ae,2,37,1,run_test,0.6,0.8109265285151567,0.879831045406547
masked_ae,2,37,1,run_test,0.7,0.7484158246275047,0.8988558352402746
masked_ae,2,37,1,run_test,0.8,0.7091967802705943,0.9036464622071964
masked_ae,2,37,1,run_test,0.85,0.5718444939201918,0.9215333932315064
masked_ae,2,37,1,run_test,0.9,0.428498030484672,0.947242206235012
masked_ae,2,37,1,run_test,0.95,0.2652851515670491,0.9703034215622982
masked_ae,2,37,2,test,0.0,1.0,0.8231358584223589
masked_ae,2,37,2,test,0.5,0.932880112226179,0.8463851937536148
masked_ae,2,37,2,test,0.6,0.8597172763569656,0.8749843102799046
masked_ae,2,37,2,test,0.7,0.7949714039063343,0.8888285597936745
masked_ae,2,37,2,test,0.8,0.7058379194992986,0.9090353157009632
masked_ae,2,37,2,test,0.85,0.5914535448365167,0.9330414158000364
masked_ae,2,37,2,test,0.9,0.4484730765080393,0.9559672762271416
masked_ae,2,37,2,test,0.95,0.2757095068522715,0.974559686888454
masked_ae,2,37,2,run_test,0.0,1.0,0.8184620654221614
masked_ae,2,37,2,run_test,0.5,0.9220756978934748,0.8469539375928677
masked_ae,2,37,2,run_test,0.6,0.8379859564994006,0.8763539750664214
masked_ae,2,37,2,run_test,0.7,0.7775303990409317,0.8903083700440528
masked_ae,2,37,2,run_test,0.8,0.6838499743106696,0.9133483596293512
masked_ae,2,37,2,run_test,0.85,0.5804076040417879,0.931838300383594
masked_ae,2,37,2,run_test,0.9,0.4483644459667751,0.9526355996944232
masked_ae,2,37,2,run_test,0.95,0.2875492378831992,0.9648600357355568
masked_ae,2,50,0,test,0.0,1.0,0.8087838566958023
masked_ae,2,50,0,test,0.5,0.9422682637315204,0.8321117727897389
masked_ae,2,50,0,test,0.6,0.8287471673680803,0.875
masked_ae,2,50,0,test,0.7,0.7676702276896514,0.8971043013775654
masked_ae,2,50,0,test,0.8,0.6883565339376282,0.9173851700893556
masked_ae,2,50,0,test,0.85,0.6319197151181613,0.9258879781420764
masked_ae,2,50,0,test,0.9,0.4549476637531024,0.9587286527514232
masked_ae,2,50,0,test,0.95,0.3102406388259415,0.9704347826086956
masked_ae,2,50,0,run_test,0.0,1.0,0.8023634183935605
masked_ae,2,50,0,run_test,0.5,0.9409145401609864,0.8267200582453585
masked_ae,2,50,0,run_test,0.6,0.8182908032197294,0.8700293009627459
masked_ae,2,50,0,run_test,0.7,0.7557800993320775,0.8900974393836393
masked_ae,2,50,0,run_test,0.8,0.6847062853228293,0.9184592296148074
masked_ae,2,50,0,run_test,0.85,0.6328138379859565,0.9290933694181326
masked_ae,2,50,0,run_test,0.9,0.462065422161329,0.9588584136397332
masked_ae,2,50,0,run_test,0.95,0.3176913855112176,0.9638814016172508
masked_ae,2,50,1,test,0.0,1.0,0.8190352865004856
masked_ae,2,50,1,test,0.5,0.9680587029243553,0.833128971129194
masked_ae,2,50,1,test,0.6,0.8100787741448149,0.8870387638204342
masked_ae,2,50,1,test,0.7,0.7630301068306895,0.9021354829585632
masked_ae,2,50,1,test,0.8,0.7004424301284127,0.9215837313202896
masked_ae,2,50,1,test,0.85,0.5704111362900615,0.9358683314415436
masked_ae,2,50,1,test,0.9,0.4302363224344448,0.9611236518685728
masked_ae,2,50,1,test,0.95,0.3838351138448257,0.9671071127354512
masked_ae,2,50,1,run_test,0.0,1.0,0.812467888337044
masked_ae,2,50,1,run_test,0.5,0.9630073642747046,0.826249333096212
masked_ae,2,50,1,run_test,0.6,0.8040760404178797,0.8781682641107561
masked_ae,2,50,1,run_test,0.7,0.7496146600445281,0.8987891249714416
masked_ae,2,50,1,run_test,0.8,0.685220071930125,0.9177705573606598
masked_ae,2,50,1,run_test,0.85,0.5701318718958726,0.9339140883148092
masked_ae,2,50,1,run_test,0.9,0.4319232745333105,0.957573354480571
masked_ae,2,50,1,run_test,0.95,0.3872238396985785,0.9601946041574524
masked_ae,2,50,2,test,0.0,1.0,0.8122369698931693
masked_ae,2,50,2,test,0.5,0.8947879572677242,0.8545586107091172
masked_ae,2,50,2,test,0.6,0.8244307758713715,0.8768324607329843
masked_ae,2,50,2,test,0.7,0.7540735944750189,0.9004006868918145
masked_ae,2,50,2,test,0.8,0.7002266105535772,0.919093851132686
masked_ae,2,50,2,test,0.85,0.5581094205244416,0.93600154679041
masked_ae,2,50,2,test,0.9,0.4516024603431531,0.9591397849462364
masked_ae,2,50,2,test,0.95,0.3114276464875364,0.975051975051975
masked_ae,2,50,2,run_test,0.0,1.0,0.8126391505394759
masked_ae,2,50,2,run_test,0.5,0.8869669463949307,0.8547982235952887
masked_ae,2,50,2,run_test,0.6,0.8140092481589313,0.8710288239006942
masked_ae,2,50,2,run_test,0.7,0.7360849460524063,0.903210795718939
masked_ae,2,50,2,run_test,0.8,0.6814523034766227,0.9210856999246042
masked_ae,2,50,2,run_test,0.85,0.5488953587943141,0.9388455538221528
masked_ae,2,50,2,run_test,0.9,0.4444254153108409,0.9556840077071292
masked_ae,2,50,2,run_test,0.95,0.3098133241993492,0.972913211719182
endpoint_pca,-1,3,0,test,0.0,1.0,0.8538901478364087
endpoint_pca,-1,3,0,test,0.5,1.0,0.8538901478364087
endpoint_pca,-1,3,0,test,0.6,1.0,0.8538901478364087
endpoint_pca,-1,3,0,test,0.7,1.0,0.8538901478364087
endpoint_pca,-1,3,0,test,0.8,0.7243984029351462,0.9000446894086102
endpoint_pca,-1,3,0,test,0.85,0.7243984029351462,0.9000446894086102
endpoint_pca,-1,3,0,test,0.9,0.3090536311643466,0.9322625698324022
endpoint_pca,-1,3,0,test,0.95,0.0,
endpoint_pca,-1,3,0,run_test,0.0,1.0,0.852714505908546
endpoint_pca,-1,3,0,run_test,0.5,1.0,0.852714505908546
endpoint_pca,-1,3,0,run_test,0.6,1.0,0.852714505908546
endpoint_pca,-1,3,0,run_test,0.7,1.0,0.852714505908546
endpoint_pca,-1,3,0,run_test,0.8,0.6869326939544442,0.8977811019695836
endpoint_pca,-1,3,0,run_test,0.85,0.6869326939544442,0.8977811019695836
endpoint_pca,-1,3,0,run_test,0.9,0.3082719643774619,0.9561111111111112
endpoint_pca,-1,3,0,run_test,0.95,0.0,
endpoint_pca,-1,3,1,test,0.0,1.0,0.853782238048991
endpoint_pca,-1,3,1,test,0.5,1.0,0.853782238048991
endpoint_pca,-1,3,1,test,0.6,1.0,0.853782238048991
endpoint_pca,-1,3,1,test,0.7,1.0,0.853782238048991
endpoint_pca,-1,3,1,test,0.8,0.7242904931477285,0.9000297973778307
endpoint_pca,-1,3,1,test,0.85,0.7242904931477285,0.9000297973778307
endpoint_pca,-1,3,1,test,0.9,0.3090536311643466,0.9322625698324022
endpoint_pca,-1,3,1,test,0.95,0.0,
endpoint_pca,-1,3,1,run_test,0.0,1.0,0.8523719815036821
endpoint_pca,-1,3,1,run_test,0.5,1.0,0.8523719815036821
endpoint_pca,-1,3,1,run_test,0.6,1.0,0.8523719815036821
endpoint_pca,-1,3,1,run_test,0.7,1.0,0.8523719815036821
endpoint_pca,-1,3,1,run_test,0.8,0.6864189073471485,0.8979540918163673
endpoint_pca,-1,3,1,run_test,0.85,0.6864189073471485,0.8979540918163673
endpoint_pca,-1,3,1,run_test,0.9,0.3082719643774619,0.9561111111111112
endpoint_pca,-1,3,1,run_test,0.95,0.0,
endpoint_pca,-1,3,2,test,0.0,1.0,0.8538901478364087
endpoint_pca,-1,3,2,test,0.5,1.0,0.8538901478364087
endpoint_pca,-1,3,2,test,0.6,1.0,0.8538901478364087
endpoint_pca,-1,3,2,test,0.7,1.0,0.8538901478364087
endpoint_pca,-1,3,2,test,0.8,0.7243984029351462,0.9000446894086102
endpoint_pca,-1,3,2,test,0.85,0.7243984029351462,0.9000446894086102
endpoint_pca,-1,3,2,test,0.9,0.3090536311643466,0.9322625698324022
endpoint_pca,-1,3,2,test,0.95,0.0,
endpoint_pca,-1,3,2,run_test,0.0,1.0,0.852714505908546
endpoint_pca,-1,3,2,run_test,0.5,1.0,0.852714505908546
endpoint_pca,-1,3,2,run_test,0.6,1.0,0.852714505908546
endpoint_pca,-1,3,2,run_test,0.7,1.0,0.852714505908546
endpoint_pca,-1,3,2,run_test,0.8,0.6869326939544442,0.8977811019695836
endpoint_pca,-1,3,2,run_test,0.85,0.6869326939544442,0.8977811019695836
endpoint_pca,-1,3,2,run_test,0.9,0.3082719643774619,0.9561111111111112
endpoint_pca,-1,3,2,run_test,0.95,0.0,
endpoint_pca,-1,8,0,test,0.0,1.0,0.8394302363224344
endpoint_pca,-1,8,0,test,0.5,1.0,0.8394302363224344
endpoint_pca,-1,8,0,test,0.6,1.0,0.8394302363224344
endpoint_pca,-1,8,0,test,0.7,0.8242149562965361,0.8860958366064414
endpoint_pca,-1,8,0,test,0.8,0.5993309593180102,0.9195174648901692
endpoint_pca,-1,8,0,test,0.85,0.5993309593180102,0.9195174648901692
endpoint_pca,-1,8,0,test,0.9,0.432070788820546,0.9557942057942058
endpoint_pca,-1,8,0,test,0.95,0.3307434984353081,0.9553017944535074
endpoint_pca,-1,8,0,run_test,0.0,1.0,0.8398698407261518
endpoint_pca,-1,8,0,run_test,0.5,1.0,0.8398698407261518
endpoint_pca,-1,8,0,run_test,0.6,1.0,0.8398698407261518
endpoint_pca,-1,8,0,run_test,0.7,0.8039047782154478,0.8789944610140605
endpoint_pca,-1,8,0,run_test,0.8,0.5792087686247646,0.919278533412182
endpoint_pca,-1,8,0,run_test,0.85,0.5792087686247646,0.919278533412182
endpoint_pca,-1,8,0,run_test,0.9,0.4254153108408974,0.963365539452496
endpoint_pca,-1,8,0,run_test,0.95,0.3319061483130673,0.956656346749226
endpoint_pca,-1,8,1,test,0.0,1.0,0.8309053631164347
endpoint_pca,-1,8,1,test,0.5,0.8757958346822057,0.8882454411039921
endpoint_pca,-1,8,1,test,0.6,0.8757958346822057,0.8882454411039921
endpoint_pca,-1,8,1,test,0.7,0.8757958346822057,0.8882454411039921
endpoint_pca,-1,8,1,test,0.8,0.7511600302147404,0.913805487717282
endpoint_pca,-1,8,1,test,0.85,0.7511600302147404,0.913805487717282
endpoint_pca,-1,8,1,test,0.9,0.5828207618430992,0.9398259581558972
endpoint_pca,-1,8,1,test,0.95,0.285097658357613,0.9538228614685844
endpoint_pca,-1,8,1,run_test,0.0,1.0,0.8379859564994006
endpoint_pca,-1,8,1,run_test,0.5,0.8724096591882171,0.8863368669022379
endpoint_pca,-1,8,1,run_test,0.6,0.8724096591882171,0.8863368669022379
endpoint_pca,-1,8,1,run_test,0.7,0.8724096591882171,0.8863368669022379
endpoint_pca,-1,8,1,run_test,0.8,0.7333447508134955,0.9110228865016348
endpoint_pca,-1,8,1,run_test,0.85,0.7333447508134955,0.9110228865016348
endpoint_pca,-1,8,1,run_test,0.9,0.5778386710053092,0.942501481920569
endpoint_pca,-1,8,1,run_test,0.95,0.2880630244904949,0.971462544589774
endpoint_pca,-1,8,2,test,0.0,1.0,0.8337110175892953
endpoint_pca,-1,8,2,test,0.5,1.0,0.8337110175892953
endpoint_pca,-1,8,2,test,0.6,0.8680263299881299,0.8822725012431626
endpoint_pca,-1,8,2,test,0.7,0.8680263299881299,0.8822725012431626
endpoint_pca,-1,8,2,test,0.8,0.7266645084709183,0.9077814077814078
endpoint_pca,-1,8,2,test,0.85,0.6814503075428942,0.9141726049089468
endpoint_pca,-1,8,2,test,0.9,0.5139743174705946,0.9426831828679404
endpoint_pca,-1,8,2,test,0.95,0.2863925758066256,0.955162019593067
endpoint_pca,-1,8,2,run_test,0.0,1.0,0.8395273163212879
endpoint_pca,-1,8,2,run_test,0.5,1.0,0.8395273163212879
endpoint_pca,-1,8,2,run_test,0.6,0.8597362562082549,0.8798804780876494
endpoint_pca,-1,8,2,run_test,0.7,0.8597362562082549,0.8798804780876494
endpoint_pca,-1,8,2,run_test,0.8,0.7038876519952046,0.902676399026764
endpoint_pca,-1,8,2,run_test,0.85,0.6535365644802192,0.909329140461216
endpoint_pca,-1,8,2,run_test,0.9,0.4988867956841925,0.9450738070717474
endpoint_pca,-1,8,2,run_test,0.95,0.2892618599075184,0.9739490822972172
endpoint_pca,-1,15,0,test,0.0,1.0,0.828855077155498
endpoint_pca,-1,15,0,test,0.5,1.0,0.828855077155498
endpoint_pca,-1,15,0,test,0.6,0.8707240746735729,0.867641591275251
endpoint_pca,-1,15,0,test,0.7,0.7434984353080825,0.9101596516690856
endpoint_pca,-1,15,0,test,0.8,0.7136074241933743,0.9165280508090126
endpoint_pca,-1,15,0,test,0.85,0.6484299125930721,0.9296055916125812
endpoint_pca,-1,15,0,test,0.9,0.4916369914751268,0.9558823529411764
endpoint_pca,-1,15,0,test,0.95,0.2788388906873853,0.9643962848297214
endpoint_pca,-1,15,0,run_test,0.0,1.0,0.8386710053091283
endpoint_pca,-1,15,0,run_test,0.5,1.0,0.8386710053091283
endpoint_pca,-1,15,0,run_test,0.6,0.8657304332933722,0.8644906033630069
endpoint_pca,-1,15,0,run_test,0.7,0.7295769823599931,0.9032863849765258
endpoint_pca,-1,15,0,run_test,0.8,0.6881315293714677,0.9143852663016426
endpoint_pca,-1,15,0,run_test,0.85,0.6329851001883884,0.9293831168831168
endpoint_pca,-1,15,0,run_test,0.9,0.4793629046069532,0.9599857091818508
endpoint_pca,-1,15,0,run_test,0.95,0.2830964206199691,0.9812462189957653
endpoint_pca,-1,15,1,test,0.0,1.0,0.8298262652422574
endpoint_pca,-1,15,1,test,0.5,1.0,0.8298262652422574
endpoint_pca,-1,15,1,test,0.6,0.9621236646163808,0.8436518618214446
endpoint_pca,-1,15,1,test,0.7,0.7457645408438546,0.9082621907104615
endpoint_pca,-1,15,1,test,0.8,0.7139311535556275,0.9155078597339782
endpoint_pca,-1,15,1,test,0.85,0.6484299125930721,0.928773506407056
endpoint_pca,-1,15,1,test,0.9,0.492716089349304,0.9555409548839248
endpoint_pca,-1,15,1,test,0.95,0.2798100787741448,0.9641342074816814
endpoint_pca,-1,15,1,run_test,0.0,1.0,0.8388422675115602
endpoint_pca,-1,15,1,run_test,0.5,1.0,0.8388422675115602
endpoint_pca,-1,15,1,run_test,0.6,0.9648912485014556,0.8457578984735534
endpoint_pca,-1,15,1,run_test,0.7,0.729919506764857,0.9016893477240732
endpoint_pca,-1,15,1,run_test,0.8,0.687275218359308,0.9135310241714428
endpoint_pca,-1,15,1,run_test,0.85,0.6321287891762288,0.9284746681116228
endpoint_pca,-1,15,1,run_test,0.9,0.4795341668093851,0.96
endpoint_pca,-1,15,1,run_test,0.95,0.2832676828224011,0.9812575574365175
endpoint_pca,-1,15,2,test,0.0,1.0,0.8525952303873962
endpoint_pca,-1,15,2,test,0.5,0.9446422790547102,0.8717157870687685
endpoint_pca,-1,15,2,test,0.6,0.8651127657278516,0.8990894349507297
endpoint_pca,-1,15,2,test,0.7,0.8651127657278516,0.8990894349507297
endpoint_pca,-1,15,2,test,0.8,0.7128520556814503,0.917499243112322
endpoint_pca,-1,15,2,test,0.85,0.6504801985540088,0.9296615792966156
endpoint_pca,-1,15,2,test,0.9,0.4760979820869753,0.9605621033544878
endpoint_pca,-1,15,2,test,0.95,0.324268911190245,0.9637271214642265
endpoint_pca,-1,15,2,run_test,0.0,1.0,0.8545983901352971
endpoint_pca,-1,15,2,run_test,0.5,0.937318033909916,0.8695413849808149
endpoint_pca,-1,15,2,run_test,0.6,0.8599075184106868,0.8968333001394144
endpoint_pca,-1,15,2,run_test,0.7,0.8599075184106868,0.8968333001394144
endpoint_pca,-1,15,2,run_test,0.8,0.7050864874122281,0.9135292688851104
endpoint_pca,-1,15,2,run_test,0.85,0.6494262716218531,0.9282700421940928
endpoint_pca,-1,15,2,run_test,0.9,0.4742250385339955,0.962080173347779
endpoint_pca,-1,15,2,run_test,0.95,0.3291659530741565,0.9672216441207075
endpoint_pca,-1,25,0,test,0.0,1.0,0.8574511708211935
endpoint_pca,-1,25,0,test,0.5,1.0,0.8574511708211935
endpoint_pca,-1,25,0,test,0.6,0.9119456134671414,0.8840373920246125
endpoint_pca,-1,25,0,test,0.7,0.8178482788388907,0.9059242644148304
endpoint_pca,-1,25,0,test,0.8,0.8004748030646379,0.906983014289566
endpoint_pca,-1,25,0,test,0.85,0.6879248947879573,0.919686274509804
endpoint_pca,-1,25,0,test,0.9,0.4537606560915075,0.9569560047562424
endpoint_pca,-1,25,0,test,0.95,0.39214416747599,0.965602641717116
endpoint_pca,-1,25,0,run_test,0.0,1.0,0.852543243706114
endpoint_pca,-1,25,0,run_test,0.5,1.0,0.852543243706114
endpoint_pca,-1,25,0,run_test,0.6,0.9042644288405548,0.8789772727272728
endpoint_pca,-1,25,0,run_test,0.7,0.8081863332762459,0.902097902097902
endpoint_pca,-1,25,0,run_test,0.8,0.7903750642233259,0.905308775731311
endpoint_pca,-1,25,0,run_test,0.85,0.6879602671690358,0.9210853871048046
endpoint_pca,-1,25,0,run_test,0.9,0.4661757150196952,0.9573842762674504
endpoint_pca,-1,25,0,run_test,0.95,0.3963007364274704,0.9697493517718236
endpoint_pca,-1,25,1,test,0.0,1.0,0.8531347793244848
endpoint_pca,-1,25,1,test,0.5,0.9493903097010898,0.8728120027278927
endpoint_pca,-1,25,1,test,0.6,0.9283479011546348,0.8808555155178426
endpoint_pca,-1,25,1,test,0.7,0.8797884968166613,0.8924322335336686
endpoint_pca,-1,25,1,test,0.8,0.7179238156900831,0.917480835713212
endpoint_pca,-1,25,1,test,0.85,0.6265242257472753,0.9376507061660352
endpoint_pca,-1,25,1,test,0.9,0.4528973777921657,0.9630688587086014
endpoint_pca,-1,25,1,test,0.95,0.3171468652206755,0.9680163320857434
endpoint_pca,-1,25,1,run_test,0.0,1.0,0.8494605240623394
endpoint_pca,-1,25,1,run_test,0.5,0.950505223497174,0.8688288288288288
endpoint_pca,-1,25,1,run_test,0.6,0.9215619112861791,0.8779037353651737
endpoint_pca,-1,25,1,run_test,0.7,0.8725809213906491,0.8906771344455349
endpoint_pca,-1,25,1,run_test,0.8,0.7037163897927727,0.9121440739839376
endpoint_pca,-1,25,1,run_test,0.85,0.6204829594108581,0.934032569693624
endpoint_pca,-1,25,1,run_test,0.9,0.4622366843637609,0.9640607632456464
endpoint_pca,-1,25,1,run_test,0.95,0.3206028429525603,0.970619658119658
endpoint_pca,-1,25,2,test,0.0,1.0,0.8560483435847631
endpoint_pca,-1,25,2,test,0.5,1.0,0.8560483435847631
endpoint_pca,-1,25,2,test,0.6,0.895219596417395,0.8894648023143684
endpoint_pca,-1,25,2,test,0.7,0.848818387827776,0.8981693363844394
endpoint_pca,-1,25,2,test,0.8,0.737131757850437,0.9184599619382228
endpoint_pca,-1,25,2,test,0.85,0.6124959533829718,0.9369274136715996
endpoint_pca,-1,25,2,test,0.9,0.4980036689327722,0.9592632719393284
endpoint_pca,-1,25,2,test,0.95,0.2704219272688032,0.964485235434956
endpoint_pca,-1,25,2,run_test,0.0,1.0,0.8537420791231375
endpoint_pca,-1,25,2,run_test,0.5,1.0,0.8537420791231375
endpoint_pca,-1,25,2,run_test,0.6,0.8902209282411372,0.8834166987302808
endpoint_pca,-1,25,2,run_test,0.7,0.8402123651310156,0.8935996738687322
endpoint_pca,-1,25,2,run_test,0.8,0.7240965918821716,0.9110690633869442
endpoint_pca,-1,25,2,run_test,0.85,0.6129474225038534,0.9335009779267952
endpoint_pca,-1,25,2,run_test,0.9,0.5072786436033567,0.9584740040513168
endpoint_pca,-1,25,2,run_test,0.95,0.2860078780613119,0.9676646706586828
endpoint_pca,-1,37,0,test,0.0,1.0,0.8514082227258012
endpoint_pca,-1,37,0,test,0.5,0.9715118161217222,0.8632677996223481
endpoint_pca,-1,37,0,test,0.6,0.8992122585518506,0.8864754590183608
endpoint_pca,-1,37,0,test,0.7,0.8475234703787633,0.8999236058059588
endpoint_pca,-1,37,0,test,0.8,0.7354052012517536,0.9244314013206164
endpoint_pca,-1,37,0,test,0.85,0.5976044027193267,0.943661971830986
endpoint_pca,-1,37,0,test,0.9,0.5468868026329988,0.9496842936069456
endpoint_pca,-1,37,0,test,0.95,0.3029027732815366,0.952974706091913
endpoint_pca,-1,37,0,run_test,0.0,1.0,0.848090426442884
endpoint_pca,-1,37,0,run_test,0.5,0.9768796026716904,0.8611500701262272
endpoint_pca,-1,37,0,run_test,0.6,0.8907347148484329,0.8882907133243607
endpoint_pca,-1,37,0,run_test,0.7,0.8451789690015413,0.8990881458966565
endpoint_pca,-1,37,0,run_test,0.8,0.7288919335502655,0.9203477443609024
endpoint_pca,-1,37,0,run_test,0.85,0.5941085802363418,0.9443643701354856
endpoint_pca,-1,37,0,run_test,0.9,0.5502654564137694,0.9486461251167132
endpoint_pca,-1,37,0,run_test,0.95,0.2983387566364103,0.9535017221584384
endpoint_pca,-1,37,1,test,0.0,1.0,0.853782238048991
endpoint_pca,-1,37,1,test,0.5,0.968490342074026,0.8674094707520892
endpoint_pca,-1,37,1,test,0.6,0.9176648322002806,0.8848777046095955
endpoint_pca,-1,37,1,test,0.7,0.8699687061616489,0.8954353758372612
endpoint_pca,-1,37,1,test,0.8,0.7064853782238049,0.9230181762639376
endpoint_pca,-1,37,1,test,0.85,0.6716305168878818,0.9291452442159382
endpoint_pca,-1,37,1,test,0.9,0.5147296859825187,0.9440251572327044
endpoint_pca,-1,37,1,test,0.95,0.2802417179238157,0.9734308817866768
endpoint_pca,-1,37,1,run_test,0.0,1.0,0.8486042130501799
endpoint_pca,-1,37,1,run_test,0.5,0.9736256208254838,0.8620932277924362
endpoint_pca,-1,37,1,run_test,0.6,0.9159102586059256,0.8805160807778609
endpoint_pca,-1,37,1,run_test,0.7,0.8645315978763487,0.8934231378763867
endpoint_pca,-1,37,1,run_test,0.8,0.7040589141976366,0.9216735587448308
endpoint_pca,-1,37,1,run_test,0.85,0.662955985613975,0.9258589511754068
endpoint_pca,-1,37,1,run_test,0.9,0.5120739852714505,0.9434782608695652
endpoint_pca,-1,37,1,run_test,0.95,0.2832676828224011,0.9764207980652962
endpoint_pca,-1,37,2,test,0.0,1.0,0.8523794108125607
endpoint_pca,-1,37,2,test,0.5,0.9490665803388368,0.8764070494599204
endpoint_pca,-1,37,2,test,0.6,0.9092478687816984,0.8908141466888203
endpoint_pca,-1,37,2,test,0.7,0.8938167691809648,0.8924302788844621
endpoint_pca,-1,37,2,test,0.8,0.7374554872126902,0.923324553702078
endpoint_pca,-1,37,2,test,0.85,0.5888637099384915,0.9463074949606012
endpoint_pca,-1,37,2,test,0.9,0.5337218085680371,0.9494541043267288
endpoint_pca,-1,37,2,test,0.95,0.3209237077802956,0.968392737054472
endpoint_pca,-1,37,2,run_test,0.0,1.0,0.8539133413255694
endpoint_pca,-1,37,2,run_test,0.5,0.9494776502825828,0.8755411255411255
endpoint_pca,-1,37,2,run_test,0.6,0.9049494776502826,0.8904239212717638
endpoint_pca,-1,37,2,run_test,0.7,0.881657818119541,0.8947163947163947
endpoint_pca,-1,37,2,run_test,0.8,0.7326597020037677,0.9226273959794296
endpoint_pca,-1,37,2,run_test,0.85,0.5852029457098818,0.9476148668422592
endpoint_pca,-1,37,2,run_test,0.9,0.5367357424216476,0.950542437779196
endpoint_pca,-1,37,2,run_test,0.95,0.3332762459325227,0.974820143884892
endpoint_pca,-1,50,0,test,0.0,1.0,0.853782238048991
endpoint_pca,-1,50,0,test,0.5,0.9630948527031402,0.8686834733893557
endpoint_pca,-1,50,0,test,0.6,0.9194992985863818,0.8874545241168877
endpoint_pca,-1,50,0,test,0.7,0.8067335707348656,0.913322632423756
endpoint_pca,-1,50,0,test,0.8,0.7540735944750189,0.9185746994848312
endpoint_pca,-1,50,0,test,0.85,0.6605158087838567,0.9328541088057508
endpoint_pca,-1,50,0,test,0.9,0.5350167260170497,0.9481645824929408
endpoint_pca,-1,50,0,test,0.95,0.3471457861228013,0.9726453217283184
endpoint_pca,-1,50,0,run_test,0.0,1.0,0.8551121767425929
endpoint_pca,-1,50,0,run_test,0.5,0.9702003767768452,0.8658428949691086
endpoint_pca,-1,50,0,run_test,0.6,0.926357252954273,0.8801996672212978
endpoint_pca,-1,50,0,run_test,0.7,0.805788662442199,0.9083953241232732
endpoint_pca,-1,50,0,run_test,0.8,0.7506422332591197,0.916723705224732
endpoint_pca,-1,50,0,run_test,0.85,0.6571330707312896,0.9324993484493094
endpoint_pca,-1,50,0,run_test,0.9,0.5351943825997603,0.952
endpoint_pca,-1,50,0,run_test,0.95,0.3447508134954615,0.9736711376055638
endpoint_pca,-1,50,1,test,0.0,1.0,0.8596093665695479
endpoint_pca,-1,50,1,test,0.5,0.9648214093018236,0.8721619505648138
endpoint_pca,-1,50,1,test,0.6,0.9044998381353188,0.8910761154855643
endpoint_pca,-1,50,1,test,0.7,0.8181720082011439,0.9084674228435768
endpoint_pca,-1,50,1,test,0.8,0.7646487536419553,0.915749364944962
endpoint_pca,-1,50,1,test,0.85,0.7020610769396785,0.924377497694436
endpoint_pca,-1,50,1,test,0.9,0.5473184417826696,0.9414432176656152
endpoint_pca,-1,50,1,test,0.95,0.3809215495845473,0.9705382436260624
endpoint_pca,-1,50,1,run_test,0.0,1.0,0.8623051892447336
endpoint_pca,-1,50,1,run_test,0.5,0.960095906833362,0.8737067427755976
endpoint_pca,-1,50,1,run_test,0.6,0.8986127761603014,0.8883171336001525
endpoint_pca,-1,50,1,run_test,0.7,0.8023634183935605,0.9073639274279616
endpoint_pca,-1,50,1,run_test,0.8,0.7586915567734202,0.9151241534988712
endpoint_pca,-1,50,1,run_test,0.85,0.6908717246103785,0.9211700545364404
endpoint_pca,-1,50,1,run_test,0.9,0.5415310840897414,0.9443390259329538
endpoint_pca,-1,50,1,run_test,0.95,0.3865387908888508,0.972972972972973
endpoint_pca,-1,50,2,test,0.0,1.0,0.8575590806086112
endpoint_pca,-1,50,2,test,0.5,1.0,0.8575590806086112
endpoint_pca,-1,50,2,test,0.6,0.9351462177619512,0.8751442418647588
endpoint_pca,-1,50,2,test,0.7,0.8723427214848387,0.8857001484413657
endpoint_pca,-1,50,2,test,0.8,0.6741124419984893,0.9303665759564592
endpoint_pca,-1,50,2,test,0.85,0.6049422682637315,0.937031751694613
endpoint_pca,-1,50,2,test,0.9,0.5016726017049746,0.9511722951172296
endpoint_pca,-1,50,2,test,0.95,0.3583684040142441,0.9695874736525144
endpoint_pca,-1,50,2,run_test,0.0,1.0,0.846035280013701
endpoint_pca,-1,50,2,run_test,0.5,1.0,0.846035280013701
endpoint_pca,-1,50,2,run_test,0.6,0.9390306559342352,0.866861207368229
endpoint_pca,-1,50,2,run_test,0.7,0.8679568419249871,0.8806235201262825
endpoint_pca,-1,50,2,run_test,0.8,0.6698064737112519,0.9248274098695984
endpoint_pca,-1,50,2,run_test,0.85,0.5906833361877034,0.9359234560742244
endpoint_pca,-1,50,2,run_test,0.9,0.4935776674088029,0.9531575294934074
endpoint_pca,-1,50,2,run_test,0.95,0.3634183935605412,0.9726672950047124
random,0,3,0,test,0.0,1.0,0.5488291788065177
random,0,3,0,test,0.5,1.0,0.5488291788065177
random,0,3,0,test,0.6,0.2634077910866516,0.6104055714870954
random,0,3,0,test,0.7,0.0,
random,0,3,0,test,0.8,0.0,
random,0,3,0,test,0.85,0.0,
random,0,3,0,test,0.9,0.0,
random,0,3,0,test,0.95,0.0,
random,0,3,0,run_test,0.0,1.0,0.5494091454016099
random,0,3,0,run_test,0.5,1.0,0.5494091454016099
random,0,3,0,run_test,0.6,0.2604898098989553,0.6357659434582511
random,0,3,0,run_test,0.7,0.0,
random,0,3,0,run_test,0.8,0.0,
random,0,3,0,run_test,0.85,0.0,
random,0,3,0,run_test,0.9,0.0,
random,0,3,0,run_test,0.95,0.0,
random,0,3,1,test,0.0,1.0,0.5488291788065177
random,0,3,1,test,0.5,1.0,0.5488291788065177
random,0,3,1,test,0.6,0.263623610661487,0.6103151862464183
random,0,3,1,test,0.7,0.0,
random,0,3,1,test,0.8,0.0,
random,0,3,1,test,0.85,0.0,
random,0,3,1,test,0.9,0.0,
random,0,3,1,test,0.95,0.0,
random,0,3,1,run_test,0.0,1.0,0.5500941942113375
random,0,3,1,run_test,0.5,1.0,0.5500941942113375
random,0,3,1,run_test,0.6,0.2606610721013872,0.6360052562417872
random,0,3,1,run_test,0.7,0.0,
random,0,3,1,run_test,0.8,0.0,
random,0,3,1,run_test,0.85,0.0,
random,0,3,1,run_test,0.9,0.0,
random,0,3,1,run_test,0.95,0.0,
random,0,3,2,test,0.0,1.0,0.5489370885939354
random,0,3,2,test,0.5,1.0,0.5489370885939354
random,0,3,2,test,0.6,0.2627603323621452,0.611088295687885
random,0,3,2,test,0.7,0.0,
random,0,3,2,test,0.8,0.0,
random,0,3,2,test,0.85,0.0,
random,0,3,2,test,0.9,0.0,
random,0,3,2,test,0.95,0.0,
random,0,3,2,run_test,0.0,1.0,0.5497516698064737
random,0,3,2,run_test,0.5,1.0,0.5497516698064737
random,0,3,2,run_test,0.6,0.2604898098989553,0.6357659434582511
random,0,3,2,run_test,0.7,0.0,
random,0,3,2,run_test,0.8,0.0,
random,0,3,2,run_test,0.85,0.0,
random,0,3,2,run_test,0.9,0.0,
random,0,3,2,run_test,0.95,0.0,
random,0,8,0,test,0.0,1.0,0.610877306571706
random,0,8,0,test,0.5,1.0,0.610877306571706
random,0,8,0,test,0.6,0.4758821625121398,0.6886621315192744
random,0,8,0,test,0.7,0.1517211611093126,0.7297297297297297
random,0,8,0,test,0.8,0.0,
random,0,8,0,test,0.85,0.0,
random,0,8,0,test,0.9,0.0,
random,0,8,0,test,0.95,0.0,
random,0,8,0,run_test,0.0,1.0,0.5905120739852715
random,0,8,0,run_test,0.5,1.0,0.5905120739852715
random,0,8,0,run_test,0.6,0.4793629046069532,0.6852447302608075
random,0,8,0,run_test,0.7,0.1467717074841582,0.7292882147024504
random,0,8,0,run_test,0.8,0.0,
random,0,8,0,run_test,0.85,0.0,
random,0,8,0,run_test,0.9,0.0,
random,0,8,0,run_test,0.95,0.0,
random,0,8,1,test,0.0,1.0,0.5993309593180102
random,0,8,1,test,0.5,0.8933851300312938,0.6216934412368643
random,0,8,1,test,0.6,0.4859177727419877,0.6882078614257162
random,0,8,1,test,0.7,0.162296320276249,0.7267287234042553
random,0,8,1,test,0.8,0.0,
random,0,8,1,test,0.85,0.0,
random,0,8,1,test,0.9,0.0,
random,0,8,1,test,0.95,0.0,
random,0,8,1,run_test,0.0,1.0,0.589313238568248
random,0,8,1,run_test,0.5,0.9001541359821887,0.6017884322678844
random,0,8,1,run_test,0.6,0.4901524233601644,0.686932215234102
random,0,8,1,run_test,0.7,0.1572187018325055,0.7309368191721133
random,0,8,1,run_test,0.8,0.0,
random,0,8,1,run_test,0.85,0.0,
random,0,8,1,run_test,0.9,0.0,
random,0,8,1,run_test,0.95,0.0,
random,0,8,2,test,0.0,1.0,0.6031078018776304
random,0,8,2,test,0.5,0.8934930398187115,0.6234299516908213
random,0,8,2,test,0.6,0.486565231466494,0.6877356398314483
random,0,8,2,test,0.7,0.1590590266537175,0.7279511533242876
random,0,8,2,test,0.8,0.0,
random,0,8,2,test,0.85,0.0,
random,0,8,2,test,0.9,0.0,
random,0,8,2,test,0.95,0.0,
random,0,8,2,run_test,0.0,1.0,0.5910258605925672
random,0,8,2,run_test,0.5,0.899469087172461,0.6026275704493527
random,0,8,2,run_test,0.6,0.4906662099674602,0.687260034904014
random,0,8,2,run_test,0.7,0.1543072443911628,0.7314095449500555
random,0,8,2,run_test,0.8,0.0,
random,0,8,2,run_test,0.85,0.0,
random,0,8,2,run_test,0.9,0.0,
random,0,8,2,run_test,0.95,0.0,
random,0,15,0,test,0.0,1.0,0.5970648537822381
random,0,15,0,test,0.5,0.7172763569655768,0.6467579359109372
random,0,15,0,test,0.6,0.4563504909895327,0.7074958619058879
random,0,15,0,test,0.7,0.3705622099924463,0.7370413511939429
random,0,15,0,test,0.8,0.0,
random,0,15,0,test,0.85,0.0,
random,0,15,0,test,0.9,0.0,
random,0,15,0,test,0.95,0.0,
random,0,15,0,run_test,0.0,1.0,0.5857167323171776
random,0,15,0,run_test,0.5,0.7124507621168008,0.6497596153846154
random,0,15,0,run_test,0.6,0.4523034766227093,0.6967057932601287
random,0,15,0,run_test,0.7,0.3635896557629731,0.7230334432406971
random,0,15,0,run_test,0.8,0.0,
random,0,15,0,run_test,0.85,0.0,
random,0,15,0,run_test,0.9,0.0,
random,0,15,0,run_test,0.95,0.0,
random,0,15,1,test,0.0,1.0,0.6080716520988454
random,0,15,1,test,0.5,0.8466601920794216,0.6386693856742289
random,0,15,1,test,0.6,0.4111362900615086,0.7469816272965879
random,0,15,1,test,0.7,0.4111362900615086,0.7469816272965879
random,0,15,1,test,0.8,0.0775871371533398,0.8219749652294854
random,0,15,1,test,0.85,0.0,
random,0,15,1,test,0.9,0.0,
random,0,15,1,test,0.95,0.0,
random,0,15,1,run_test,0.0,1.0,0.5800650796369241
random,0,15,1,run_test,0.5,0.846035280013701,0.6192307692307693
random,0,15,1,run_test,0.6,0.4029799623223155,0.7547811304717382
random,0,15,1,run_test,0.7,0.4029799623223155,0.7547811304717382
random,0,15,1,run_test,0.8,0.0705600274019523,0.8058252427184466
random,0,15,1,run_test,0.85,0.0,
random,0,15,1,run_test,0.9,0.0,
random,0,15,1,run_test,0.95,0.0,
random,0,15,2,test,0.0,1.0,0.6114168555087947
random,0,15,2,test,0.5,0.7100464012085896,0.6667173252279636
random,0,15,2,test,0.6,0.4118916585734326,0.7374901755305213
random,0,15,2,test,0.7,0.3510305384698392,0.7648324623424532
random,0,15,2,test,0.8,0.1444912053523254,0.7991038088125467
random,0,15,2,test,0.85,0.0523362468975936,0.822680412371134
random,0,15,2,test,0.9,0.0,
random,0,15,2,test,0.95,0.0,
random,0,15,2,run_test,0.0,1.0,0.5947936290460696
random,0,15,2,run_test,0.5,0.707655420448707,0.6430300096805421
random,0,15,2,run_test,0.6,0.4086316150025689,0.7426655490360435
random,0,15,2,run_test,0.7,0.3492036307586915,0.769494850416871
random,0,15,2,run_test,0.8,0.1445452988525432,0.8009478672985783
random,0,15,2,run_test,0.85,0.0551464291830792,0.8664596273291926
random,0,15,2,run_test,0.9,0.0,
random,0,15,2,run_test,0.95,0.0,
random,0,25,0,test,0.0,1.0,0.6232869321247437
random,0,25,0,test,0.5,0.8561562533721808,0.6541467103604739
random,0,25,0,test,0.6,0.5890795295133269,0.7124015387433595
random,0,25,0,test,0.7,0.3358152584439409,0.7667095115681234
random,0,25,0,test,0.8,0.1156792921117945,0.8050373134328358
random,0,25,0,test,0.85,0.0,
random,0,25,0,test,0.9,0.0,
random,0,25,0,test,0.95,0.0,
random,0,25,0,run_test,0.0,1.0,0.6054118855968488
random,0,25,0,run_test,0.5,0.8508306216817948,0.6384863123993558
random,0,25,0,run_test,0.6,0.5754410001712622,0.7178571428571429
random,0,25,0,run_test,0.7,0.3313923617057715,0.7689922480620155
random,0,25,0,run_test,0.8,0.1198835417023462,0.8071428571428572
random,0,25,0,run_test,0.85,0.0,
random,0,25,0,run_test,0.9,0.0,
random,0,25,0,run_test,0.95,0.0,
random,0,25,1,test,0.0,1.0,0.6290061508578828
random,0,25,1,test,0.5,0.8201143843746628,0.6723684210526316
random,0,25,1,test,0.6,0.688032804575375,0.6969887076537014
random,0,25,1,test,0.7,0.3728283155282184,0.7444283646888568
random,0,25,1,test,0.8,0.1253911729793892,0.8192771084337349
random,0,25,1,test,0.85,0.0,
random,0,25,1,test,0.9,0.0,
random,0,25,1,test,0.95,0.0,
random,0,25,1,run_test,0.0,1.0,0.6220243192327454
random,0,25,1,run_test,0.5,0.8165781811954101,0.6671560402684564
random,0,25,1,run_test,0.6,0.6734029799623223,0.702441505595117
random,0,25,1,run_test,0.7,0.3688987840383627,0.7678737233054782
random,0,25,1,run_test,0.8,0.1275903408117828,0.8335570469798658
random,0,25,1,run_test,0.85,0.0,
random,0,25,1,run_test,0.9,0.0,
random,0,25,1,run_test,0.95,0.0,
random,0,25,2,test,0.0,1.0,0.6325671738426676
random,0,25,2,test,0.5,0.8352217546131434,0.6651162790697674
random,0,25,2,test,0.6,0.6546886802632998,0.6866655678259437
random,0,25,2,test,0.7,0.3180101435200173,0.7594163556158806
random,0,25,2,test,0.8,0.1060753210316175,0.797558494404883
random,0,25,2,test,0.85,0.0437034639041761,0.7950617283950617
random,0,25,2,test,0.9,0.0,
random,0,25,2,test,0.95,0.0,
random,0,25,2,run_test,0.0,1.0,0.6153450933379003
random,0,25,2,run_test,0.5,0.8331906148313067,0.6522096608427543
random,0,25,2,run_test,0.6,0.6480561740023977,0.6841966173361522
random,0,25,2,run_test,0.7,0.3151224524747388,0.7456521739130435
random,0,25,2,run_test,0.8,0.1058400411029285,0.7750809061488673
random,0,25,2,run_test,0.85,0.0440143860250042,0.8326848249027238
random,0,25,2,run_test,0.9,0.0,
random,0,25,2,run_test,0.95,0.0,
random,0,37,0,test,0.0,1.0,0.6164886155174274
random,0,37,0,test,0.5,0.8085680371209669,0.6635526491391965
random,0,37,0,test,0.6,0.5282184094097334,0.7199182839632278
random,0,37,0,test,0.7,0.4055249811157872,0.7339010111761576
random,0,37,0,test,0.8,0.1675838998597172,0.8229233741146169
random,0,37,0,test,0.85,0.0994928239991367,0.851409978308026
random,0,37,0,test,0.9,0.0,
random,0,37,0,test,0.95,0.0,
random,0,37,0,run_test,0.0,1.0,0.6019866415482104
random,0,37,0,run_test,0.5,0.8016783695838329,0.6481521042512284
random,0,37,0,run_test,0.6,0.5077924302106525,0.7173693086003373
random,0,37,0,run_test,0.7,0.3873951019010104,0.7387267904509284
random,0,37,0,run_test,0.8,0.1630416167151909,0.8098739495798319
random,0,37,0,run_test,0.85,0.0984757663983558,0.8469565217391304
random,0,37,0,run_test,0.9,0.0,
random,0,37,0,run_test,0.95,0.0,
random,0,37,1,test,0.0,1.0,0.620481277651883
random,0,37,1,test,0.5,0.8555087946476746,0.6546417759838546
random,0,37,1,test,0.6,0.5531455703032265,0.7118611002731174
random,0,37,1,test,0.7,0.3535124635804467,0.7567155067155067
random,0,37,1,test,0.8,0.107046509118377,0.8528225806451613
random,0,37,1,test,0.85,0.107046509118377,0.8528225806451613
random,0,37,1,test,0.9,0.0,
random,0,37,1,test,0.95,0.0,
random,0,37,1,run_test,0.0,1.0,0.6060969344065764
random,0,37,1,run_test,0.5,0.8438088713820859,0.6458291049320073
random,0,37,1,run_test,0.6,0.5559171090940229,0.7128773875539125
random,0,37,1,run_test,0.7,0.3409830450419592,0.7553992968357609
random,0,37,1,run_test,0.8,0.1072101387223839,0.853035143769968
random,0,37,1,run_test,0.85,0.1072101387223839,0.853035143769968
random,0,37,1,run_test,0.9,0.0,
random,0,37,1,run_test,0.95,0.0,
random,0,37,2,test,0.0,1.0,0.6269558648969461
random,0,37,2,test,0.5,0.7697205136505881,0.6711061264545072
random,0,37,2,test,0.6,0.5062048127765189,0.7471754423363889
random,0,37,2,test,0.7,0.440919391388799,0.762848751835536
random,0,37,2,test,0.8,0.0628034962771123,0.802405498281787
random,0,37,2,test,0.85,0.0130570842775439,0.7768595041322314
random,0,37,2,test,0.9,0.0130570842775439,0.7768595041322314
random,0,37,2,test,0.95,0.0,
random,0,37,2,run_test,0.0,1.0,0.6127761603014215
random,0,37,2,run_test,0.5,0.7675971912998801,0.6644355198572066
random,0,37,2,run_test,0.6,0.5017982531255352,0.7491467576791809
random,0,37,2,run_test,0.7,0.4271279328652166,0.760625501202887
random,0,37,2,run_test,0.8,0.0655934235314266,0.8067885117493473
random,0,37,2,run_test,0.85,0.0128446651823942,0.9333333333333332
random,0,37,2,run_test,0.9,0.0128446651823942,0.9333333333333332
random,0,37,2,run_test,0.95,0.0,
random,0,50,0,test,0.0,1.0,0.6141146001942376
random,0,50,0,test,0.5,0.8140714362792705,0.661983032873807
random,0,50,0,test,0.6,0.5488291788065177,0.7154935116004719
random,0,50,0,test,0.7,0.3621452465738642,0.764600715137068
random,0,50,0,test,0.8,0.1508578828099708,0.8347639484978541
random,0,50,0,test,0.85,0.0803927916262005,0.8228187919463087
random,0,50,0,test,0.9,0.0346390417610877,0.7725856697819314
random,0,50,0,test,0.95,0.0,
random,0,50,0,run_test,0.0,1.0,0.5977050864874123
random,0,50,0,run_test,0.5,0.8160643945881144,0.6480587618048269
random,0,50,0,run_test,0.6,0.5543757492721356,0.7071362372567191
random,0,50,0,run_test,0.7,0.3666723754067477,0.7529191966370855
random,0,50,0,run_test,0.8,0.153964719986299,0.8253615127919911
random,0,50,0,run_test,0.85,0.0786093509162527,0.8169934640522876
random,0,50,0,run_test,0.9,0.0385339955471827,0.7866666666666666
random,0,50,0,run_test,0.95,0.0,
random,0,50,1,test,0.0,1.0,0.607100464012086
random,0,50,1,test,0.5,0.7079961152476529,0.6724584666971498
random,0,50,1,test,0.6,0.4864573216790763,0.7329192546583851
random,0,50,1,test,0.7,0.2862846660192079,0.7840180927252167
random,0,50,1,test,0.8,0.1810726232869321,0.8271752085816448
random,0,50,1,test,0.85,0.0984137261249595,0.831140350877193
random,0,50,1,test,0.9,0.0110067983166073,0.8333333333333334
random,0,50,1,test,0.95,0.0026977446854429,0.88
random,0,50,1,run_test,0.0,1.0,0.5833190614831306
random,0,50,1,run_test,0.5,0.7169035793800308,0.6538461538461539
random,0,50,1,run_test,0.6,0.4877547525261175,0.7194522471910112
random,0,50,1,run_test,0.7,0.2786436033567391,0.7719729563614014
random,0,50,1,run_test,0.8,0.1734886110635382,0.8292201382033564
random,0,50,1,run_test,0.85,0.1012159616372666,0.8104906937394247
random,0,50,1,run_test,0.9,0.0128446651823942,0.8933333333333333
random,0,50,1,run_test,0.95,0.0039390306559342,0.8695652173913043
random,0,50,2,test,0.0,1.0,0.6244739397863386
random,0,50,2,test,0.5,0.823459587784612,0.6681955182806971
random,0,50,2,test,0.6,0.5594043379734542,0.7283950617283951
random,0,50,2,test,0.7,0.3764972483004208,0.7738607050730868
random,0,50,2,test,0.8,0.1215064206323513,0.8134991119005328
random,0,50,2,test,0.85,0.0630193158519477,0.8167808219178082
random,0,50,2,test,0.9,0.0,
random,0,50,2,test,0.95,0.0,
random,0,50,2,run_test,0.0,1.0,0.6040417879773934
random,0,50,2,run_test,0.5,0.8285665353656448,0.6448945845390658
random,0,50,2,run_test,0.6,0.5559171090940229,0.7174984596426371
random,0,50,2,run_test,0.7,0.3695838328480904,0.7701575532900834
random,0,50,2,run_test,0.8,0.1135468402123651,0.7978883861236803
random,0,50,2,run_test,0.85,0.0572015756122623,0.7934131736526946
random,0,50,2,run_test,0.9,0.0,
random,0,50,2,run_test,0.95,0.0,
fulltrack_pca,-1,3,0,test,0.0,1.0,0.8086759469083846
fulltrack_pca,-1,3,0,test,0.5,1.0,0.8086759469083846
fulltrack_pca,-1,3,0,test,0.6,1.0,0.8086759469083846
fulltrack_pca,-1,3,0,test,0.7,0.6539333117513758,0.9141914191419142
fulltrack_pca,-1,3,0,test,0.8,0.6539333117513758,0.9141914191419142
fulltrack_pca,-1,3,0,test,0.85,0.6539333117513758,0.9141914191419142
fulltrack_pca,-1,3,0,test,0.9,0.2792705298370562,0.9849304482225656
fulltrack_pca,-1,3,0,test,0.95,0.2792705298370562,0.9849304482225656
fulltrack_pca,-1,3,0,run_test,0.0,1.0,0.8153793457783867
fulltrack_pca,-1,3,0,run_test,0.5,1.0,0.8153793457783867
fulltrack_pca,-1,3,0,run_test,0.6,1.0,0.8153793457783867
fulltrack_pca,-1,3,0,run_test,0.7,0.6305874293543415,0.9054861488321564
fulltrack_pca,-1,3,0,run_test,0.8,0.6305874293543415,0.9054861488321564
fulltrack_pca,-1,3,0,run_test,0.85,0.6305874293543415,0.9054861488321564
fulltrack_pca,-1,3,0,run_test,0.9,0.2877205000856311,0.9839285714285714
fulltrack_pca,-1,3,0,run_test,0.95,0.2877205000856311,0.9839285714285714
fulltrack_pca,-1,3,1,test,0.0,1.0,0.8086759469083846
fulltrack_pca,-1,3,1,test,0.5,1.0,0.8086759469083846
fulltrack_pca,-1,3,1,test,0.6,1.0,0.8086759469083846
fulltrack_pca,-1,3,1,test,0.7,0.6539333117513758,0.9141914191419142
fulltrack_pca,-1,3,1,test,0.8,0.6539333117513758,0.9141914191419142
fulltrack_pca,-1,3,1,test,0.85,0.6539333117513758,0.9141914191419142
fulltrack_pca,-1,3,1,test,0.9,0.2792705298370562,0.9849304482225656
fulltrack_pca,-1,3,1,test,0.95,0.2792705298370562,0.9849304482225656
fulltrack_pca,-1,3,1,run_test,0.0,1.0,0.8153793457783867
fulltrack_pca,-1,3,1,run_test,0.5,1.0,0.8153793457783867
fulltrack_pca,-1,3,1,run_test,0.6,1.0,0.8153793457783867
fulltrack_pca,-1,3,1,run_test,0.7,0.6305874293543415,0.9054861488321564
fulltrack_pca,-1,3,1,run_test,0.8,0.6305874293543415,0.9054861488321564
fulltrack_pca,-1,3,1,run_test,0.85,0.6305874293543415,0.9054861488321564
fulltrack_pca,-1,3,1,run_test,0.9,0.2877205000856311,0.9839285714285714
fulltrack_pca,-1,3,1,run_test,0.95,0.2877205000856311,0.9839285714285714
fulltrack_pca,-1,3,2,test,0.0,1.0,0.8080284881838783
fulltrack_pca,-1,3,2,test,0.5,1.0,0.8080284881838783
fulltrack_pca,-1,3,2,test,0.6,1.0,0.8080284881838783
fulltrack_pca,-1,3,2,test,0.7,0.653501672601705,0.9139696169088508
fulltrack_pca,-1,3,2,test,0.8,0.653501672601705,0.9139696169088508
fulltrack_pca,-1,3,2,test,0.85,0.653501672601705,0.9139696169088508
fulltrack_pca,-1,3,2,test,0.9,0.2794863494118916,0.9845559845559846
fulltrack_pca,-1,3,2,test,0.95,0.2794863494118916,0.9845559845559846
fulltrack_pca,-1,3,2,run_test,0.0,1.0,0.8150368213735228
fulltrack_pca,-1,3,2,run_test,0.5,1.0,0.8150368213735228
fulltrack_pca,-1,3,2,run_test,0.6,1.0,0.8150368213735228
fulltrack_pca,-1,3,2,run_test,0.7,0.62955985613975,0.9058759521218716
fulltrack_pca,-1,3,2,run_test,0.8,0.62955985613975,0.9058759521218716
fulltrack_pca,-1,3,2,run_test,0.85,0.62955985613975,0.9058759521218716
fulltrack_pca,-1,3,2,run_test,0.9,0.2877205000856311,0.9839285714285714
fulltrack_pca,-1,3,2,run_test,0.95,0.2877205000856311,0.9839285714285714
fulltrack_pca,-1,8,0,test,0.0,1.0,0.8175245494766376
fulltrack_pca,-1,8,0,test,0.5,1.0,0.8175245494766376
fulltrack_pca,-1,8,0,test,0.6,0.9111902449552174,0.8418995736617717
fulltrack_pca,-1,8,0,test,0.7,0.7478148268047912,0.8914862914862914
fulltrack_pca,-1,8,0,test,0.8,0.6737887126362361,0.91944266495836
fulltrack_pca,-1,8,0,test,0.85,0.6189705406280349,0.9286959553695956
fulltrack_pca,-1,8,0,test,0.9,0.4489047156577102,0.9697115384615383
fulltrack_pca,-1,8,0,test,0.95,0.2606021366137909,0.9950310559006212
fulltrack_pca,-1,8,0,run_test,0.0,1.0,0.8217160472683679
fulltrack_pca,-1,8,0,run_test,0.5,1.0,0.8217160472683679
fulltrack_pca,-1,8,0,run_test,0.6,0.9213906490837472,0.833271375464684
fulltrack_pca,-1,8,0,run_test,0.7,0.7413940743277958,0.8766458766458767
fulltrack_pca,-1,8,0,run_test,0.8,0.6660387052577497,0.9069169452301364
fulltrack_pca,-1,8,0,run_test,0.85,0.5994177085117315,0.9182857142857144
fulltrack_pca,-1,8,0,run_test,0.9,0.4423702688816578,0.9659310878823074
fulltrack_pca,-1,8,0,run_test,0.95,0.2707655420448707,0.9905123339658444
fulltrack_pca,-1,8,1,test,0.0,1.0,0.8186036473508147
fulltrack_pca,-1,8,1,test,0.5,1.0,0.8186036473508147
fulltrack_pca,-1,8,1,test,0.6,0.9235998705082552,0.8453090314289052
fulltrack_pca,-1,8,1,test,0.7,0.854969245710586,0.8599015524422567
fulltrack_pca,-1,8,1,test,0.8,0.6687169526276033,0.919961271583024
fulltrack_pca,-1,8,1,test,0.85,0.6687169526276033,0.919961271583024
fulltrack_pca,-1,8,1,test,0.9,0.4496600841696342,0.968802495800336
fulltrack_pca,-1,8,1,test,0.95,0.2622207834250566,0.9946502057613168
fulltrack_pca,-1,8,1,run_test,0.0,1.0,0.8203459496489125
fulltrack_pca,-1,8,1,run_test,0.5,1.0,0.8203459496489125
fulltrack_pca,-1,8,1,run_test,0.6,0.935262887480733,0.8373924189708845
fulltrack_pca,-1,8,1,run_test,0.7,0.8600787806131187,0.8490641178813222
fulltrack_pca,-1,8,1,run_test,0.8,0.6603870525774962,0.9102697095435685
fulltrack_pca,-1,8,1,run_test,0.85,0.6603870525774962,0.9102697095435685
fulltrack_pca,-1,8,1,run_test,0.9,0.4451104641205686,0.9649865332820317
fulltrack_pca,-1,8,1,run_test,0.95,0.2735057372837814,0.989355040701315
fulltrack_pca,-1,8,2,test,0.0,1.0,0.8179561886263084
fulltrack_pca,-1,8,2,test,0.5,1.0,0.8179561886263084
fulltrack_pca,-1,8,2,test,0.6,0.9114060645300528,0.8419370116031257
fulltrack_pca,-1,8,2,test,0.7,0.7481385561670444,0.8915332467907111
fulltrack_pca,-1,8,2,test,0.8,0.6735728930614007,0.9195770586350528
fulltrack_pca,-1,8,2,test,0.85,0.6188626308406172,0.9288578901482129
fulltrack_pca,-1,8,2,test,0.9,0.4489047156577102,0.9697115384615383
fulltrack_pca,-1,8,2,test,0.95,0.2606021366137909,0.9950310559006212
fulltrack_pca,-1,8,2,run_test,0.0,1.0,0.8213735228635041
fulltrack_pca,-1,8,2,run_test,0.5,1.0,0.8213735228635041
fulltrack_pca,-1,8,2,run_test,0.6,0.9208768624764514,0.8333643295517947
fulltrack_pca,-1,8,2,run_test,0.7,0.7413940743277958,0.8761838761838762
fulltrack_pca,-1,8,2,run_test,0.8,0.6658674430553176,0.9068930041152264
fulltrack_pca,-1,8,2,run_test,0.85,0.5995889707141634,0.9183090545558412
fulltrack_pca,-1,8,2,run_test,0.9,0.4423702688816578,0.9659310878823074
fulltrack_pca,-1,8,2,run_test,0.95,0.2707655420448707,0.9905123339658444
fulltrack_pca,-1,15,0,test,0.0,1.0,0.8489262976151937
fulltrack_pca,-1,15,0,test,0.5,1.0,0.8489262976151937
fulltrack_pca,-1,15,0,test,0.6,0.963202762490558,0.861416087833296
fulltrack_pca,-1,15,0,test,0.7,0.8159059026653718,0.9010712868668166
fulltrack_pca,-1,15,0,test,0.8,0.6472429049314773,0.9473157719239746
fulltrack_pca,-1,15,0,test,0.85,0.6472429049314773,0.9473157719239746
fulltrack_pca,-1,15,0,test,0.9,0.6133592316823135,0.954609429978888
fulltrack_pca,-1,15,0,test,0.95,0.311211826912701,0.9882108183079056
fulltrack_pca,-1,15,0,run_test,0.0,1.0,0.8462065422161329
fulltrack_pca,-1,15,0,run_test,0.5,1.0,0.8462065422161329
fulltrack_pca,-1,15,0,run_test,0.6,0.964548724096592,0.857421875
fulltrack_pca,-1,15,0,run_test,0.7,0.8054461380373351,0.8987880076546885
fulltrack_pca,-1,15,0,run_test,0.8,0.647199862990238,0.9439005027785128
fulltrack_pca,-1,15,0,run_test,0.85,0.647199862990238,0.9439005027785128
fulltrack_pca,-1,15,0,run_test,0.9,0.6064394588114403,0.9494493081050552
fulltrack_pca,-1,15,0,run_test,0.95,0.3296797396814523,0.9885714285714284
fulltrack_pca,-1,15,1,test,0.0,1.0,0.8463364627171684
fulltrack_pca,-1,15,1,test,0.5,1.0,0.8463364627171684
fulltrack_pca,-1,15,1,test,0.6,0.912916801553901,0.8704491725768322
fulltrack_pca,-1,15,1,test,0.7,0.8022013596633215,0.9022060801721818
fulltrack_pca,-1,15,1,test,0.8,0.7061616488615517,0.9238997555012224
fulltrack_pca,-1,15,1,test,0.85,0.6137908708319845,0.9474331926863572
fulltrack_pca,-1,15,1,test,0.9,0.5801230171576562,0.9540550595238096
fulltrack_pca,-1,15,1,test,0.95,0.2895219596417395,0.9880730525531122
fulltrack_pca,-1,15,1,run_test,0.0,1.0,0.843637609179654
fulltrack_pca,-1,15,1,run_test,0.5,1.0,0.843637609179654
fulltrack_pca,-1,15,1,run_test,0.6,0.917451618427813,0.8650364009706926
fulltrack_pca,-1,15,1,run_test,0.7,0.801335845178969,0.8952767685402864
fulltrack_pca,-1,15,1,run_test,0.8,0.7062853228292516,0.9161008729388944
fulltrack_pca,-1,15,1,run_test,0.85,0.616030142147628,0.9421740339171532
fulltrack_pca,-1,15,1,run_test,0.9,0.5750984757663984,0.9475878499106613
fulltrack_pca,-1,15,1,run_test,0.95,0.3104983730090769,0.9862107004964148
fulltrack_pca,-1,15,2,test,0.0,1.0,0.8333872882270422
fulltrack_pca,-1,15,2,test,0.5,0.9490665803388368,0.8555997725980671
fulltrack_pca,-1,15,2,test,0.6,0.871047804035826,0.8830525272547076
fulltrack_pca,-1,15,2,test,0.7,0.7732815366353728,0.9143176109405526
fulltrack_pca,-1,15,2,test,0.8,0.7047588216251214,0.9300260297044864
fulltrack_pca,-1,15,2,test,0.85,0.5939354699471242,0.9574854651162792
fulltrack_pca,-1,15,2,test,0.9,0.5622099924463149,0.9610364683301345
fulltrack_pca,-1,15,2,test,0.95,0.3060321571166505,0.9880112834978844
fulltrack_pca,-1,15,2,run_test,0.0,1.0,0.8210309984586401
fulltrack_pca,-1,15,2,run_test,0.5,0.9402294913512588,0.8471766848816029
fulltrack_pca,-1,15,2,run_test,0.6,0.8612776160301422,0.8727381189103202
fulltrack_pca,-1,15,2,run_test,0.7,0.7636581606439459,0.9084996636017044
fulltrack_pca,-1,15,2,run_test,0.8,0.7028600787806131,0.922514619883041
fulltrack_pca,-1,15,2,run_test,0.85,0.5980476108922761,0.952176403207331
fulltrack_pca,-1,15,2,run_test,0.9,0.5584860421305018,0.9546151487273844
fulltrack_pca,-1,15,2,run_test,0.95,0.3218016783695838,0.9856306546035124
fulltrack_pca,-1,25,0,test,0.0,1.0,0.8559404337973454
fulltrack_pca,-1,25,0,test,0.5,1.0,0.8559404337973454
fulltrack_pca,-1,25,0,test,0.6,0.9182043811373692,0.8838876483723117
fulltrack_pca,-1,25,0,test,0.7,0.866839322326535,0.8994149134818872
fulltrack_pca,-1,25,0,test,0.8,0.742527247221323,0.931114663566342
fulltrack_pca,-1,25,0,test,0.85,0.6566310564368188,0.9510271158586688
fulltrack_pca,-1,25,0,test,0.9,0.6211287363763893,0.9567407922168172
fulltrack_pca,-1,25,0,test,0.95,0.3673249163699147,0.9820799059929496
fulltrack_pca,-1,25,0,run_test,0.0,1.0,0.8513444082890906
fulltrack_pca,-1,25,0,run_test,0.5,1.0,0.8513444082890906
fulltrack_pca,-1,25,0,run_test,0.6,0.9268710395615688,0.8804508499630451
fulltrack_pca,-1,25,0,run_test,0.7,0.8725809213906491,0.8959764474975466
fulltrack_pca,-1,25,0,run_test,0.8,0.7436204829594109,0.9274527867342238
fulltrack_pca,-1,25,0,run_test,0.85,0.6576468573385854,0.9463541666666668
fulltrack_pca,-1,25,0,run_test,0.9,0.618256550779243,0.9493074792243767
fulltrack_pca,-1,25,0,run_test,0.95,0.3879088885083062,0.9774834437086092
fulltrack_pca,-1,25,1,test,0.0,1.0,0.8469839214416748
fulltrack_pca,-1,25,1,test,0.5,1.0,0.8469839214416748
fulltrack_pca,-1,25,1,test,0.6,0.9145354483651668,0.8763421828908554
fulltrack_pca,-1,25,1,test,0.7,0.8225963094852703,0.8976780794962613
fulltrack_pca,-1,25,1,test,0.8,0.6450847091831229,0.9414519906323184
fulltrack_pca,-1,25,1,test,0.85,0.6298694291572245,0.9479184512592084
fulltrack_pca,-1,25,1,test,0.9,0.5326427106938599,0.9611021069692058
fulltrack_pca,-1,25,1,test,0.95,0.3204920686306248,0.9845117845117846
fulltrack_pca,-1,25,1,run_test,0.0,1.0,0.846035280013701
fulltrack_pca,-1,25,1,run_test,0.5,1.0,0.846035280013701
fulltrack_pca,-1,25,1,run_test,0.6,0.9037506422332592,0.8785294675004738
fulltrack_pca,-1,25,1,run_test,0.7,0.8016783695838329,0.8993804742576372
fulltrack_pca,-1,25,1,run_test,0.8,0.6334988867956842,0.93728034603947
fulltrack_pca,-1,25,1,run_test,0.85,0.6197979106011303,0.9411439624205582
fulltrack_pca,-1,25,1,run_test,0.9,0.5363932180167837,0.958492975734355
fulltrack_pca,-1,25,1,run_test,0.95,0.3267682822401096,0.9837526205450734
fulltrack_pca,-1,25,2,test,0.0,1.0,0.8496816661271177
fulltrack_pca,-1,25,2,test,0.5,1.0,0.8496816661271177
fulltrack_pca,-1,25,2,test,0.6,0.886047264486889,0.8839361831689198
fulltrack_pca,-1,25,2,test,0.7,0.8331714686522067,0.8997539178862841
fulltrack_pca,-1,25,2,test,0.8,0.7389662242365382,0.9249415887850468
fulltrack_pca,-1,25,2,test,0.85,0.6058055465630733,0.956359102244389
fulltrack_pca,-1,25,2,test,0.9,0.5887558001510736,0.9580278592375366
fulltrack_pca,-1,25,2,test,0.95,0.3466062371857127,0.9844333748443338
fulltrack_pca,-1,25,2,run_test,0.0,1.0,0.8455214934064053
fulltrack_pca,-1,25,2,run_test,0.5,1.0,0.8455214934064053
fulltrack_pca,-1,25,2,run_test,0.6,0.881657818119541,0.8822843822843823
fulltrack_pca,-1,25,2,run_test,0.7,0.8244562425072787,0.8990444536767761
fulltrack_pca,-1,25,2,run_test,0.8,0.7309470799794485,0.9203373945641988
fulltrack_pca,-1,25,2,run_test,0.85,0.6031854769652337,0.9503123225440092
fulltrack_pca,-1,25,2,run_test,0.9,0.5843466346977222,0.9519343493552168
fulltrack_pca,-1,25,2,run_test,0.95,0.3603356739167666,0.9814638783269962
fulltrack_pca,-1,37,0,test,0.0,1.0,0.8661918636020287
fulltrack_pca,-1,37,0,test,0.5,1.0,0.8661918636020287
fulltrack_pca,-1,37,0,test,0.6,0.922520772634078,0.8922681015323429
fulltrack_pca,-1,37,0,test,0.7,0.8583144491205352,0.9131254714609002
fulltrack_pca,-1,37,0,test,0.8,0.772094528973778,0.9333333333333332
fulltrack_pca,-1,37,0,test,0.85,0.674220351785907,0.9540653008962868
fulltrack_pca,-1,37,0,test,0.9,0.5926405524981115,0.9643117261471232
fulltrack_pca,-1,37,0,test,0.95,0.3769288874500917,0.9819639278557114
fulltrack_pca,-1,37,0,run_test,0.0,1.0,0.866072957698236
fulltrack_pca,-1,37,0,run_test,0.5,1.0,0.866072957698236
fulltrack_pca,-1,37,0,run_test,0.6,0.92430210652509,0.8851213637205855
fulltrack_pca,-1,37,0,run_test,0.7,0.8499743106696352,0.910336490026194
fulltrack_pca,-1,37,0,run_test,0.8,0.7711936975509505,0.927381745502998
fulltrack_pca,-1,37,0,run_test,0.85,0.6768282240109608,0.9491396761133604
fulltrack_pca,-1,37,0,run_test,0.9,0.6021579037506423,0.9593287827076225
fulltrack_pca,-1,37,0,run_test,0.95,0.3879088885083062,0.9788079470198676
fulltrack_pca,-1,37,1,test,0.0,1.0,0.8736376389338513
fulltrack_pca,-1,37,1,test,0.5,1.0,0.8736376389338513
fulltrack_pca,-1,37,1,test,0.6,0.9360094960612928,0.8947429098455153
fulltrack_pca,-1,37,1,test,0.7,0.88410488831337,0.9082143293055048
fulltrack_pca,-1,37,1,test,0.8,0.7584978957591454,0.9383980651586286
fulltrack_pca,-1,37,1,test,0.85,0.6985000539548937,0.9482465626448324
fulltrack_pca,-1,37,1,test,0.9,0.6453005287579583,0.9513377926421404
fulltrack_pca,-1,37,1,test,0.95,0.3445559512247761,0.9837143751957408
fulltrack_pca,-1,37,1,run_test,0.0,1.0,0.866072957698236
fulltrack_pca,-1,37,1,run_test,0.5,1.0,0.866072957698236
fulltrack_pca,-1,37,1,run_test,0.6,0.9335502654564136,0.8895615483397542
fulltrack_pca,-1,37,1,run_test,0.7,0.8912485014557288,0.902574942352037
fulltrack_pca,-1,37,1,run_test,0.8,0.7622880630244905,0.9305773983374522
fulltrack_pca,-1,37,1,run_test,0.85,0.7044014386025004,0.9423778264040846
fulltrack_pca,-1,37,1,run_test,0.9,0.6413769481075526,0.9460614152202936
fulltrack_pca,-1,37,1,run_test,0.95,0.3629046069532454,0.9820670127418594
fulltrack_pca,-1,37,2,test,0.0,1.0,0.8693212474371426
fulltrack_pca,-1,37,2,test,0.5,1.0,0.8693212474371426
fulltrack_pca,-1,37,2,test,0.6,0.9475558433149888,0.8861177542421137
fulltrack_pca,-1,37,2,test,0.7,0.8613359231682314,0.9143071911801554
fulltrack_pca,-1,37,2,test,0.8,0.7664832200280566,0.9363649162325778
fulltrack_pca,-1,37,2,test,0.85,0.7234272148483868,0.9460023866348448
fulltrack_pca,-1,37,2,test,0.9,0.6636451926189706,0.9544715447154472
fulltrack_pca,-1,37,2,test,0.95,0.3959210100356102,0.9798310166257836
fulltrack_pca,-1,37,2,run_test,0.0,1.0,0.8691556773420106
fulltrack_pca,-1,37,2,run_test,0.5,1.0,0.8691556773420106
fulltrack_pca,-1,37,2,run_test,0.6,0.94211337557801,0.8896564261043447
fulltrack_pca,-1,37,2,run_test,0.7,0.8583661585887995,0.9110135674381484
fulltrack_pca,-1,37,2,run_test,0.8,0.7662270936804247,0.9320518551631648
fulltrack_pca,-1,37,2,run_test,0.85,0.7309470799794485,0.9381443298969072
fulltrack_pca,-1,37,2,run_test,0.9,0.6694639493063881,0.9467894602200052
fulltrack_pca,-1,37,2,run_test,0.95,0.4137694810755266,0.97682119205298
fulltrack_pca,-1,50,0,test,0.0,1.0,0.8810834142656739
fulltrack_pca,-1,50,0,test,0.5,1.0,0.8810834142656739
fulltrack_pca,-1,50,0,test,0.6,0.9601812884428618,0.8905371993706451
fulltrack_pca,-1,50,0,test,0.7,0.8732059997841805,0.9134948096885812
fulltrack_pca,-1,50,0,test,0.8,0.7897917341102838,0.9346905314933734
fulltrack_pca,-1,50,0,test,0.85,0.7287147944318549,0.9465422775062936
fulltrack_pca,-1,50,0,test,0.9,0.6514513866407683,0.9544475732979956
fulltrack_pca,-1,50,0,test,0.95,0.3861012193805978,0.9784795975405254
fulltrack_pca,-1,50,0,run_test,0.0,1.0,0.8751498544271279
fulltrack_pca,-1,50,0,run_test,0.5,1.0,0.8751498544271279
fulltrack_pca,-1,50,0,run_test,0.6,0.9638636752868642,0.8850390902629709
fulltrack_pca,-1,50,0,run_test,0.7,0.8777187874636068,0.9067317073170732
fulltrack_pca,-1,50,0,run_test,0.8,0.794656619284124,0.9280172413793104
fulltrack_pca,-1,50,0,run_test,0.85,0.7309470799794485,0.9409559512652296
fulltrack_pca,-1,50,0,run_test,0.9,0.6557629731118342,0.949856359362758
fulltrack_pca,-1,50,0,run_test,0.95,0.3988696694639493,0.9750966079862602
fulltrack_pca,-1,50,1,test,0.0,1.0,0.8735297291464336
fulltrack_pca,-1,50,1,test,0.5,1.0,0.8735297291464336
fulltrack_pca,-1,50,1,test,0.6,0.9525196935362036,0.8901098901098901
fulltrack_pca,-1,50,1,test,0.7,0.8809755044782562,0.9136452719255268
fulltrack_pca,-1,50,1,test,0.8,0.7293622531563613,0.944666370764906
fulltrack_pca,-1,50,1,test,0.85,0.7181396352649185,0.947107438016529
fulltrack_pca,-1,50,1,test,0.9,0.600949606129276,0.961034297001257
fulltrack_pca,-1,50,1,test,0.95,0.3907413402395597,0.980115990057995
fulltrack_pca,-1,50,1,run_test,0.0,1.0,0.8700119883541703
fulltrack_pca,-1,50,1,run_test,0.5,1.0,0.8700119883541703
fulltrack_pca,-1,50,1,run_test,0.6,0.9570131871895872,0.8876163206871869
fulltrack_pca,-1,50,1,run_test,0.7,0.8857681109779072,0.9097061098221192
fulltrack_pca,-1,50,1,run_test,0.8,0.7309470799794485,0.9451733833177132
fulltrack_pca,-1,50,1,run_test,0.85,0.7199862990238054,0.9455280685061844
fulltrack_pca,-1,50,1,run_test,0.9,0.6102072272649426,0.95649733370755
fulltrack_pca,-1,50,1,run_test,0.95,0.4113718102414797,0.9733555370524564
fulltrack_pca,-1,50,2,test,0.0,1.0,0.8803280457537499
fulltrack_pca,-1,50,2,test,0.5,1.0,0.8803280457537499
fulltrack_pca,-1,50,2,test,0.6,0.948203302039495,0.8932513941049277
fulltrack_pca,-1,50,2,test,0.7,0.8715873529729147,0.9153150922372169
fulltrack_pca,-1,50,2,test,0.8,0.770907521312183,0.9396696528555432
fulltrack_pca,-1,50,2,test,0.85,0.7205136505881083,0.9468324097648644
fulltrack_pca,-1,50,2,test,0.9,0.6328909032049207,0.9599317988064792
fulltrack_pca,-1,50,2,test,0.95,0.452789468004748,0.971163012392755
fulltrack_pca,-1,50,2,run_test,0.0,1.0,0.8780613118684706
fulltrack_pca,-1,50,2,run_test,0.5,1.0,0.8780613118684706
fulltrack_pca,-1,50,2,run_test,0.6,0.9527316321287892,0.8905266942297322
fulltrack_pca,-1,50,2,run_test,0.7,0.8710395615687617,0.9081793157687772
fulltrack_pca,-1,50,2,run_test,0.8,0.7739338927898612,0.9364903739765434
fulltrack_pca,-1,50,2,run_test,0.85,0.7170748415824627,0.940769047050394
fulltrack_pca,-1,50,2,run_test,0.9,0.6374379174516184,0.9567436861902204
fulltrack_pca,-1,50,2,run_test,0.95,0.4627504709710567,0.9700222057735012
vae,2,3,0,test,0.0,1.0,0.7281752454947664
vae,2,3,0,test,0.5,1.0,0.7281752454947664
vae,2,3,0,test,0.6,1.0,0.7281752454947664
vae,2,3,0,test,0.7,0.7046509118377037,0.7718223583460949
vae,2,3,0,test,0.8,0.3832955649077371,0.7944819819819819
vae,2,3,0,test,0.85,0.0,
vae,2,3,0,test,0.9,0.0,
vae,2,3,0,test,0.95,0.0,
vae,2,3,0,run_test,0.0,1.0,0.7261517383113547
vae,2,3,0,run_test,0.5,1.0,0.7261517383113547
vae,2,3,0,run_test,0.6,1.0,0.7261517383113547
vae,2,3,0,run_test,0.7,0.6670662784723411,0.7586649550706034
vae,2,3,0,run_test,0.8,0.354855283438945,0.750965250965251
vae,2,3,0,run_test,0.85,0.0,
vae,2,3,0,run_test,0.9,0.0,
vae,2,3,0,run_test,0.95,0.0,
vae,2,3,1,test,0.0,1.0,0.7279594259199309
vae,2,3,1,test,0.5,1.0,0.7279594259199309
vae,2,3,1,test,0.6,1.0,0.7279594259199309
vae,2,3,1,test,0.7,0.7046509118377037,0.7716692189892802
vae,2,3,1,test,0.8,0.3830797453329017,0.7946478873239436
vae,2,3,1,test,0.85,0.0,
vae,2,3,1,test,0.9,0.0,
vae,2,3,1,test,0.95,0.0,
vae,2,3,1,run_test,0.0,1.0,0.7261517383113547
vae,2,3,1,run_test,0.5,1.0,0.7261517383113547
vae,2,3,1,run_test,0.6,1.0,0.7261517383113547
vae,2,3,1,run_test,0.7,0.6668950162699092,0.7588597842835131
vae,2,3,1,run_test,0.8,0.3545127590340812,0.751207729468599
vae,2,3,1,run_test,0.85,0.0,
vae,2,3,1,run_test,0.9,0.0,
vae,2,3,1,run_test,0.95,0.0,
vae,2,3,2,test,0.0,1.0,0.7279594259199309
vae,2,3,2,test,0.5,1.0,0.7279594259199309
vae,2,3,2,test,0.6,1.0,0.7279594259199309
vae,2,3,2,test,0.7,0.7046509118377037,0.7716692189892802
vae,2,3,2,test,0.8,0.3830797453329017,0.7946478873239436
vae,2,3,2,test,0.85,0.0,
vae,2,3,2,test,0.9,0.0,
vae,2,3,2,test,0.95,0.0,
vae,2,3,2,run_test,0.0,1.0,0.7259804761089228
vae,2,3,2,run_test,0.5,1.0,0.7259804761089228
vae,2,3,2,run_test,0.6,1.0,0.7259804761089228
vae,2,3,2,run_test,0.7,0.6668950162699092,0.758602978941962
vae,2,3,2,run_test,0.8,0.3546840212365131,0.7508450024142926
vae,2,3,2,run_test,0.85,0.0,
vae,2,3,2,run_test,0.9,0.0,
vae,2,3,2,run_test,0.95,0.0,
vae,2,8,0,test,0.0,1.0,0.706053739074134
vae,2,8,0,test,0.5,0.794323945181828,0.7671512022822986
vae,2,8,0,test,0.6,0.5554116758389986,0.8628327180882067
vae,2,8,0,test,0.7,0.5554116758389986,0.8628327180882067
vae,2,8,0,test,0.8,0.5128952195964174,0.8720807910793184
vae,2,8,0,test,0.85,0.309269450739182,0.9117236566643404
vae,2,8,0,test,0.9,0.2126901910003237,0.9320142059868088
vae,2,8,0,test,0.95,0.0,
vae,2,8,0,run_test,0.0,1.0,0.6958383284809042
vae,2,8,0,run_test,0.5,0.7789004966603871,0.7530782761653474
vae,2,8,0,run_test,0.6,0.551293029628361,0.8617583100341721
vae,2,8,0,run_test,0.7,0.551293029628361,0.8617583100341721
vae,2,8,0,run_test,0.8,0.5052234971741737,0.8691525423728813
vae,2,8,0,run_test,0.85,0.3043329337215276,0.8942037141249296
vae,2,8,0,run_test,0.9,0.1942113375578009,0.9065255731922398
vae,2,8,0,run_test,0.95,0.0,
vae,2,8,1,test,0.0,1.0,0.6989316931045646
vae,2,8,1,test,0.5,0.8354375741879788,0.7720227331438905
vae,2,8,1,test,0.6,0.6958023092694507,0.8214950372208437
vae,2,8,1,test,0.7,0.5670659328801122,0.8532825880114177
vae,2,8,1,test,0.8,0.4007769504694076,0.8780290791599353
vae,2,8,1,test,0.85,0.4007769504694076,0.8780290791599353
vae,2,8,1,test,0.9,0.0972267184633646,0.9400665926748056
vae,2,8,1,test,0.95,0.0,
vae,2,8,1,run_test,0.0,1.0,0.6888165781811955
vae,2,8,1,run_test,0.5,0.8234286692926871,0.7768302828618968
vae,2,8,1,run_test,0.6,0.6900154135982188,0.8327128319682303
vae,2,8,1,run_test,0.7,0.5461551635554033,0.8557541549074945
vae,2,8,1,run_test,0.8,0.3831135468402123,0.8721502011622709
vae,2,8,1,run_test,0.85,0.3831135468402123,0.8721502011622709
vae,2,8,1,run_test,0.9,0.0902551806816235,0.9013282732447818
vae,2,8,1,run_test,0.95,0.0,
vae,2,8,2,test,0.0,1.0,0.7059458292867163
vae,2,8,2,test,0.5,0.794323945181828,0.7670153511751121
vae,2,8,2,test,0.6,0.5550879464767454,0.8629471228615864
vae,2,8,2,test,0.7,0.5550879464767454,0.8629471228615864
vae,2,8,2,test,0.8,0.5125714902341643,0.8722105263157894
vae,2,8,2,test,0.85,0.3090536311643466,0.9120111731843576
vae,2,8,2,test,0.9,0.2124743714254882,0.9324530218384968
vae,2,8,2,test,0.95,0.0,
vae,2,8,2,run_test,0.0,1.0,0.6958383284809042
vae,2,8,2,run_test,0.5,0.7789004966603871,0.7530782761653474
vae,2,8,2,run_test,0.6,0.551293029628361,0.8617583100341721
vae,2,8,2,run_test,0.7,0.551293029628361,0.8617583100341721
vae,2,8,2,run_test,0.8,0.5052234971741737,0.8691525423728813
vae,2,8,2,run_test,0.85,0.3043329337215276,0.8942037141249296
vae,2,8,2,run_test,0.9,0.1942113375578009,0.9065255731922398
vae,2,8,2,run_test,0.95,0.0,
vae,2,15,0,test,0.0,1.0,0.7297938923060322
vae,2,15,0,test,0.5,0.8325240099277005,0.8018146467919637
vae,2,15,0,test,0.6,0.7205136505881083,0.846637711547102
vae,2,15,0,test,0.7,0.6003021474047696,0.8926838037030379
vae,2,15,0,test,0.8,0.4452357828855077,0.94449830344159
vae,2,15,0,test,0.85,0.4452357828855077,0.94449830344159
vae,2,15,0,test,0.9,0.4452357828855077,0.94449830344159
vae,2,15,0,test,0.95,0.2944858098629546,0.9673873213631368
vae,2,15,0,run_test,0.0,1.0,0.7415653365302278
vae,2,15,0,run_test,0.5,0.8331906148313067,0.8045220966084276
vae,2,15,0,run_test,0.6,0.7196437746189416,0.843407900999524
vae,2,15,0,run_test,0.7,0.5994177085117315,0.8897142857142857
vae,2,15,0,run_test,0.8,0.4363760917965405,0.9277864992150706
vae,2,15,0,run_test,0.85,0.4363760917965405,0.9277864992150706
vae,2,15,0,run_test,0.9,0.4363760917965405,0.9277864992150706
vae,2,15,0,run_test,0.95,0.3009076896728891,0.945930563460444
vae,2,15,1,test,0.0,1.0,0.7444696233948419
vae,2,15,1,test,0.5,1.0,0.7444696233948419
vae,2,15,1,test,0.6,0.6817740369051473,0.8429882874327319
vae,2,15,1,test,0.7,0.5954462069709723,0.8733236679956506
vae,2,15,1,test,0.8,0.4874285097658357,0.9105601062652204
vae,2,15,1,test,0.85,0.4081148160138124,0.933632998413538
vae,2,15,1,test,0.9,0.2957807273119672,0.9616928128420285
vae,2,15,1,test,0.95,0.1767562317902233,0.9774114774114774
vae,2,15,1,run_test,0.0,1.0,0.7532111662955986
vae,2,15,1,run_test,0.5,1.0,0.7532111662955986
vae,2,15,1,run_test,0.6,0.6835074499058058,0.8281132548233525
vae,2,15,1,run_test,0.7,0.5833190614831306,0.862889019377569
vae,2,15,1,run_test,0.8,0.4773077581777701,0.8955866523143164
vae,2,15,1,run_test,0.85,0.3947593766055831,0.9184381778741866
vae,2,15,1,run_test,0.9,0.274533310498373,0.950093574547723
vae,2,15,1,run_test,0.95,0.1700633670148998,0.9677744209466264
vae,2,15,2,test,0.0,1.0,0.7139311535556275
vae,2,15,2,test,0.5,0.9175569224128628,0.74150299894155
vae,2,15,2,test,0.6,0.6932124743714255,0.8139788293897883
vae,2,15,2,test,0.7,0.5578936009496062,0.858220502901354
vae,2,15,2,test,0.8,0.412107478148268,0.9243257397224404
vae,2,15,2,test,0.85,0.3667853674328261,0.939982347749338
vae,2,15,2,test,0.9,0.3208157979928779,0.9529095190043728
vae,2,15,2,test,0.95,0.1994172871479443,0.9648268398268398
vae,2,15,2,run_test,0.0,1.0,0.7059427984243878
vae,2,15,2,run_test,0.5,0.9222469600959068,0.7381615598885793
vae,2,15,2,run_test,0.6,0.7059427984243878,0.8124696749150898
vae,2,15,2,run_test,0.7,0.5687617742764172,0.8455284552845529
vae,2,15,2,run_test,0.8,0.4115430724439116,0.9192675821889305
vae,2,15,2,run_test,0.85,0.3620482959410858,0.93519394512772
vae,2,15,2,run_test,0.9,0.3077581777701661,0.9382303839732888
vae,2,15,2,run_test,0.95,0.1935262887480733,0.9380530973451328
vae,2,25,0,test,0.0,1.0,0.7962663213553469
vae,2,25,0,test,0.5,0.9456134671414698,0.8201529156681502
vae,2,25,0,test,0.6,0.8465522822920039,0.8590184831102613
vae,2,25,0,test,0.7,0.7999352541275494,0.8707675704842843
vae,2,25,0,test,0.8,0.6026761627279594,0.9183527305282004
vae,2,25,0,test,0.85,0.6026761627279594,0.9183527305282004
vae,2,25,0,test,0.9,0.4539764756663429,0.9379605419538865
vae,2,25,0,test,0.95,0.186468112657818,0.9681712962962964
vae,2,25,0,run_test,0.0,1.0,0.7961979791060113
vae,2,25,0,run_test,0.5,0.9489638636752868,0.815195813030139
vae,2,25,0,run_test,0.6,0.8426100359650626,0.8524390243902439
vae,2,25,0,run_test,0.7,0.7929439972598048,0.8697624190064794
vae,2,25,0,run_test,0.8,0.5834903236855626,0.9189903140592895
vae,2,25,0,run_test,0.85,0.5834903236855626,0.9189903140592895
vae,2,25,0,run_test,0.9,0.4379174516184278,0.9370355885803676
vae,2,25,0,run_test,0.95,0.1832505566021579,0.9514018691588784
vae,2,25,1,test,0.0,1.0,0.7891442753857775
vae,2,25,1,test,0.5,0.8843207078882055,0.8308724832214766
vae,2,25,1,test,0.6,0.8112657818064098,0.8582069699388135
vae,2,25,1,test,0.7,0.7894680047480307,0.8664570803717878
vae,2,25,1,test,0.8,0.5885399805762382,0.9213421342134214
vae,2,25,1,test,0.85,0.5398726664508471,0.931241255246852
vae,2,25,1,test,0.9,0.4196611632675083,0.9537156081254822
vae,2,25,1,test,0.95,0.1922952411783748,0.9629629629629628
vae,2,25,1,run_test,0.0,1.0,0.7878061311868471
vae,2,25,1,run_test,0.5,0.8766912142490152,0.8347333463567103
vae,2,25,1,run_test,0.6,0.7956841924987156,0.8596642272922944
vae,2,25,1,run_test,0.7,0.7756465148141806,0.8677412232280857
vae,2,25,1,run_test,0.8,0.5843466346977222,0.9240914419695192
vae,2,25,1,run_test,0.85,0.5384483644459668,0.9300254452926208
vae,2,25,1,run_test,0.9,0.4110292858366158,0.9504166666666668
vae,2,25,1,run_test,0.95,0.1967802705942798,0.9538729329852044
vae,2,25,2,test,0.0,1.0,0.7951872234811698
vae,2,25,2,test,0.5,0.9216574943347362,0.8301135698395973
vae,2,25,2,test,0.6,0.8381353188734219,0.8635251705935367
vae,2,25,2,test,0.7,0.7601165425704112,0.8834469051675184
vae,2,25,2,test,0.8,0.7482464659544621,0.8867897317565618
vae,2,25,2,test,0.85,0.5417071328369483,0.9185258964143428
vae,2,25,2,test,0.9,0.3613898780619402,0.9546133174081816
vae,2,25,2,test,0.95,0.1702816445451602,0.9714828897338404
vae,2,25,2,run_test,0.0,1.0,0.7938003082719643
vae,2,25,2,run_test,0.5,0.9119712279499914,0.8283568075117371
vae,2,25,2,run_test,0.6,0.830450419592396,0.8624458651268303
vae,2,25,2,run_test,0.7,0.7557800993320775,0.8866983911171539
vae,2,25,2,run_test,0.8,0.7424216475423874,0.8895040369088812
vae,2,25,2,run_test,0.85,0.5339955471827368,0.917254650416934
vae,2,25,2,run_test,0.9,0.3538277102243535,0.9535333978702808
vae,2,25,2,run_test,0.95,0.1758862818975852,0.9610516066212268
vae,2,37,0,test,0.0,1.0,0.7843962447393978
vae,2,37,0,test,0.5,0.8985647998273444,0.8270685721148072
vae,2,37,0,test,0.6,0.7473831876551204,0.8907017037250938
vae,2,37,0,test,0.7,0.7197582820761843,0.90119940029985
vae,2,37,0,test,0.8,0.620481277651883,0.9290434782608696
vae,2,37,0,test,0.85,0.5858422358907953,0.9351630134463068
vae,2,37,0,test,0.9,0.4541922952411784,0.9586600142551674
vae,2,37,0,test,0.95,0.2711772957807273,0.9729407083167528
vae,2,37,0,run_test,0.0,1.0,0.7917451618427813
vae,2,37,0,run_test,0.5,0.8960438431238226,0.8358180428134556
vae,2,37,0,run_test,0.6,0.7383113546840212,0.8960797958710276
vae,2,37,0,run_test,0.7,0.7133070731289605,0.9027611044417768
vae,2,37,0,run_test,0.8,0.6126048980989895,0.9284316466312552
vae,2,37,0,run_test,0.85,0.58057886624422,0.9321533923303836
vae,2,37,0,run_test,0.9,0.4576126048980989,0.9569610778443114
vae,2,37,0,run_test,0.95,0.2825826340126734,0.9721212121212122
vae,2,37,1,test,0.0,1.0,0.8056544728606885
vae,2,37,1,test,0.5,0.9487428509765836,0.8222247497725205
vae,2,37,1,test,0.6,0.8569116218841049,0.8555597531797003
vae,2,37,1,test,0.7,0.7688572353512464,0.8846315789473684
vae,2,37,1,test,0.8,0.6391496708751484,0.9123754853959144
vae,2,37,1,test,0.85,0.4571058595014567,0.9523135033050047
vae,2,37,1,test,0.9,0.4448041437358368,0.9539058709364386
vae,2,37,1,test,0.95,0.2900615085788281,0.96875
vae,2,37,1,run_test,0.0,1.0,0.8039047782154478
vae,2,37,1,run_test,0.5,0.9412570645658505,0.8227802037845706
vae,2,37,1,run_test,0.6,0.848432950847748,0.8536536132418248
vae,2,37,1,run_test,0.7,0.7660558314779928,0.882852671585066
vae,2,37,1,run_test,0.8,0.6307586915567734,0.9171870757534618
vae,2,37,1,run_test,0.85,0.4558999828737797,0.9470323065364388
vae,2,37,1,run_test,0.9,0.4410001712622024,0.9483495145631068
vae,2,37,1,run_test,0.95,0.2880630244904949,0.9667063020214032
vae,2,37,2,test,0.0,0.9998920902125824,0.7887977552341895
vae,2,37,2,test,0.5,0.9146433581525844,0.8255073147711185
vae,2,37,2,test,0.6,0.8387827775979282,0.8539817316351473
vae,2,37,2,test,0.7,0.7180317254775008,0.8954012623985572
vae,2,37,2,test,0.8,0.648106183230819,0.9170829170829172
vae,2,37,2,test,0.85,0.5485054494442646,0.9354711784379304
vae,2,37,2,test,0.9,0.3924678968382432,0.960406928787462
vae,2,37,2,test,0.95,0.2389122693428294,0.9616079494128276
vae,2,37,2,run_test,0.0,0.9996574755951362,0.7969847524413226
vae,2,37,2,run_test,0.5,0.908545983901353,0.8311027332704995
vae,2,37,2,run_test,0.6,0.8367871210823771,0.854072861236185
vae,2,37,2,run_test,0.7,0.7138208597362562,0.8891554702495201
vae,2,37,2,run_test,0.8,0.6341839356054119,0.9130434782608696
vae,2,37,2,run_test,0.85,0.5350231203973284,0.9295774647887324
vae,2,37,2,run_test,0.9,0.3923617057715362,0.9515495416848536
vae,2,37,2,run_test,0.95,0.2406233944168522,0.9523131672597864
vae,2,50,0,test,0.0,0.9997841804251646,0.8017269293038316
vae,2,50,0,test,0.5,0.915182907089673,0.8306803442990214
vae,2,50,0,test,0.6,0.8058702924355239,0.8731922870915908
vae,2,50,0,test,0.7,0.7393978633862092,0.897985989492119
vae,2,50,0,test,0.8,0.6469191755692242,0.920600500417014
vae,2,50,0,test,0.85,0.5880004316391497,0.9287942741787484
vae,2,50,0,test,0.9,0.508470918312291,0.9435483870967742
vae,2,50,0,test,0.95,0.3216790762922197,0.960080509896008
vae,2,50,0,run_test,0.0,0.999828737797568,0.7913669064748201
vae,2,50,0,run_test,0.5,0.912998801164583,0.8231101106734197
vae,2,50,0,run_test,0.6,0.7994519609522178,0.8731790916880892
vae,2,50,0,run_test,0.7,0.7278643603356739,0.8988235294117647
vae,2,50,0,run_test,0.8,0.6389792772735058,0.924953095684803
vae,2,50,0,run_test,0.85,0.5742421647542387,0.9296152699075456
vae,2,50,0,run_test,0.9,0.5048809727693098,0.9409769335142468
vae,2,50,0,run_test,0.95,0.3272820688474054,0.956567242281528
vae,2,50,1,test,0.0,1.0,0.7951872234811698
vae,2,50,1,test,0.5,0.8883133700226611,0.8458454810495627
vae,2,50,1,test,0.6,0.7813747706917017,0.8921419693412512
vae,2,50,1,test,0.7,0.6961260386317039,0.9133467679429546
vae,2,50,1,test,0.8,0.6617028164454516,0.9235159817351598
vae,2,50,1,test,0.85,0.638178482788389,0.9279675346635105
vae,2,50,1,test,0.9,0.5166720621560376,0.950501253132832
vae,2,50,1,test,0.95,0.2949174490126254,0.972923527259422
vae,2,50,1,run_test,0.0,1.0,0.790203802020894
vae,2,50,1,run_test,0.5,0.8859393731803391,0.8449642373864296
vae,2,50,1,run_test,0.6,0.779071758862819,0.885249505385799
vae,2,50,1,run_test,0.7,0.6907004624079466,0.9124721051326556
vae,2,50,1,run_test,0.8,0.6578181195410173,0.92059359541786
vae,2,50,1,run_test,0.85,0.636239082034595,0.9257065948855988
vae,2,50,1,run_test,0.9,0.5153279671176572,0.943502824858757
vae,2,50,1,run_test,0.95,0.290118170919678,0.961038961038961
vae,2,50,2,test,0.0,1.0,0.7989640660407898
vae,2,50,2,test,0.5,0.8092154958454731,0.8753167088945193
vae,2,50,2,test,0.6,0.7668069493903097,0.8929074021953279
vae,2,50,2,test,0.7,0.714902341642387,0.9103396226415096
vae,2,50,2,test,0.8,0.6347253695910219,0.9285957157429444
vae,2,50,2,test,0.85,0.575590806086112,0.941132358455193
vae,2,50,2,test,0.9,0.4756663429373044,0.9598457350272231
vae,2,50,2,test,0.95,0.3294485809862955,0.9715034392400916
vae,2,50,2,run_test,0.0,1.0,0.799109436547354
vae,2,50,2,run_test,0.5,0.8110977907175886,0.8711993243243243
vae,2,50,2,run_test,0.6,0.7682822401096078,0.8883192153366027
vae,2,50,2,run_test,0.7,0.7184449392019181,0.9082240762812872
vae,2,50,2,run_test,0.8,0.6420619969172804,0.9207788743664976
vae,2,50,2,run_test,0.85,0.5821202260661072,0.9323330391291555
vae,2,50,2,run_test,0.9,0.4740537763315636,0.9508670520231214
vae,2,50,2,run_test,0.95,0.325740709025518,0.9679284963196636
random,1,3,0,test,0.0,1.0,0.4722132297399374
random,1,3,0,test,0.5,0.3138016618107262,0.5581155433287482
random,1,3,0,test,0.6,0.0,
random,1,3,0,test,0.7,0.0,
random,1,3,0,test,0.8,0.0,
random,1,3,0,test,0.85,0.0,
random,1,3,0,test,0.9,0.0,
random,1,3,0,test,0.95,0.0,
random,1,3,0,run_test,0.0,1.0,0.4958040760404179
random,1,3,0,run_test,0.5,0.3094707997944853,0.5688987271721084
random,1,3,0,run_test,0.6,0.0,
random,1,3,0,run_test,0.7,0.0,
random,1,3,0,run_test,0.8,0.0,
random,1,3,0,run_test,0.85,0.0,
random,1,3,0,run_test,0.9,0.0,
random,1,3,0,run_test,0.95,0.0,
random,1,3,1,test,0.0,1.0,0.4723211395273551
random,1,3,1,test,0.5,0.3138016618107262,0.5584594222833562
random,1,3,1,test,0.6,0.0,
random,1,3,1,test,0.7,0.0,
random,1,3,1,test,0.8,0.0,
random,1,3,1,test,0.85,0.0,
random,1,3,1,test,0.9,0.0,
random,1,3,1,test,0.95,0.0,
random,1,3,1,run_test,0.0,1.0,0.4959753382428498
random,1,3,1,run_test,0.5,0.3096420619969173,0.5691371681415929
random,1,3,1,run_test,0.6,0.0,
random,1,3,1,run_test,0.7,0.0,
random,1,3,1,run_test,0.8,0.0,
random,1,3,1,run_test,0.85,0.0,
random,1,3,1,run_test,0.9,0.0,
random,1,3,1,run_test,0.95,0.0,
random,1,3,2,test,0.0,1.0,0.4722132297399374
random,1,3,2,test,0.5,0.3138016618107262,0.5581155433287482
random,1,3,2,test,0.6,0.0,
random,1,3,2,test,0.7,0.0,
random,1,3,2,test,0.8,0.0,
random,1,3,2,test,0.85,0.0,
random,1,3,2,test,0.9,0.0,
random,1,3,2,test,0.95,0.0,
random,1,3,2,run_test,0.0,1.0,0.4958040760404179
random,1,3,2,run_test,0.5,0.3094707997944853,0.5688987271721084
random,1,3,2,run_test,0.6,0.0,
random,1,3,2,run_test,0.7,0.0,
random,1,3,2,run_test,0.8,0.0,
random,1,3,2,run_test,0.85,0.0,
random,1,3,2,run_test,0.9,0.0,
random,1,3,2,run_test,0.95,0.0,
random,1,8,0,test,0.0,1.0,0.6352649185281105
random,1,8,0,test,0.5,0.7911945613467142,0.6837152209492635
random,1,8,0,test,0.6,0.5214200928024172,0.7350993377483444
random,1,8,0,test,0.7,0.405201251753534,0.7765645805592544
random,1,8,0,test,0.8,0.205676054818172,0.8315844700944386
random,1,8,0,test,0.85,0.0786662350275169,0.8710562414266118
random,1,8,0,test,0.9,0.0,
random,1,8,0,test,0.95,0.0,
random,1,8,0,run_test,0.0,1.0,0.6117485870868299
random,1,8,0,run_test,0.5,0.7843808871382086,0.6746724890829694
random,1,8,0,run_test,0.6,0.5192669977735914,0.7371372031662269
random,1,8,0,run_test,0.7,0.4036650111320431,0.7955027577428935
random,1,8,0,run_test,0.8,0.2012330878575098,0.84
random,1,8,0,run_test,0.85,0.078095564308957,0.8377192982456141
random,1,8,0,run_test,0.9,0.0,
random,1,8,0,run_test,0.95,0.0,
random,1,8,1,test,0.0,1.0,0.6397971295996547
random,1,8,1,test,0.5,1.0,0.6397971295996547
random,1,8,1,test,0.6,0.5194777166288982,0.745533859576236
random,1,8,1,test,0.7,0.4171792381569008,0.768753233316089
random,1,8,1,test,0.8,0.1916477824538685,0.8445945945945946
random,1,8,1,test,0.85,0.0747814826804791,0.8787878787878788
random,1,8,1,test,0.9,0.0,
random,1,8,1,test,0.95,0.0,
random,1,8,1,run_test,0.0,1.0,0.6218530570303135
random,1,8,1,run_test,0.5,1.0,0.6218530570303135
random,1,8,1,run_test,0.6,0.5185819489638637,0.7433949801849405
random,1,8,1,run_test,0.7,0.417365987326597,0.784160853508412
random,1,8,1,run_test,0.8,0.1870183250556602,0.8470695970695971
random,1,8,1,run_test,0.85,0.0727864360335674,0.8352941176470589
random,1,8,1,run_test,0.9,0.0,
random,1,8,1,run_test,0.95,0.0,
random,1,8,2,test,0.0,1.0,0.6347253695910219
random,1,8,2,test,0.5,0.7840725153771447,0.6772639691714836
random,1,8,2,test,0.6,0.5077155498003669,0.7368756641870351
random,1,8,2,test,0.7,0.3944102730117622,0.7789329685362517
random,1,8,2,test,0.8,0.1890579475558433,0.8481735159817352
random,1,8,2,test,0.85,0.0747814826804791,0.8816738816738817
random,1,8,2,test,0.9,0.0,
random,1,8,2,test,0.95,0.0,
random,1,8,2,run_test,0.0,1.0,0.6120911114916938
random,1,8,2,run_test,0.5,0.7806131186847063,0.6684949539271611
random,1,8,2,run_test,0.6,0.5071073814009248,0.7413036136440392
random,1,8,2,run_test,0.7,0.3959582120226066,0.7988754325259516
random,1,8,2,run_test,0.8,0.1894159958897071,0.8508137432188065
random,1,8,2,run_test,0.85,0.0753553690700462,0.8409090909090909
random,1,8,2,run_test,0.9,0.0,
random,1,8,2,run_test,0.95,0.0,
random,1,15,0,test,0.0,1.0,0.6440056113089457
random,1,15,0,test,0.5,0.8933851300312938,0.6731489310303177
random,1,15,0,test,0.6,0.5050178051149239,0.7675213675213676
random,1,15,0,test,0.7,0.4530052875795834,0.7760838494521201
random,1,15,0,test,0.8,0.2115031833387288,0.8204081632653061
random,1,15,0,test,0.85,0.067119887773821,0.8794212218649518
random,1,15,0,test,0.9,0.0,
random,1,15,0,test,0.95,0.0,
random,1,15,0,run_test,0.0,1.0,0.6391505394759377
random,1,15,0,run_test,0.5,0.8898784038362734,0.6624326404926867
random,1,15,0,run_test,0.6,0.5002568933036479,0.767203012666895
random,1,15,0,run_test,0.7,0.4451104641205686,0.7864563293574451
random,1,15,0,run_test,0.8,0.2175029970885425,0.841732283464567
random,1,15,0,run_test,0.85,0.066963521150882,0.8414322250639387
random,1,15,0,run_test,0.9,0.0,
random,1,15,0,run_test,0.95,0.0,
random,1,15,1,test,0.0,1.0,0.6428186036473508
random,1,15,1,test,0.5,0.7642171144922845,0.707709686529229
random,1,15,1,test,0.6,0.636991475126794,0.7411485685244791
random,1,15,1,test,0.7,0.3959210100356102,0.8007631507222677
random,1,15,1,test,0.8,0.2515377144707025,0.8326898326898327
random,1,15,1,test,0.85,0.0590266537174921,0.8811700182815356
random,1,15,1,test,0.9,0.0,
random,1,15,1,test,0.95,0.0,
random,1,15,1,run_test,0.0,1.0,0.6357252954272992
random,1,15,1,run_test,0.5,0.7624593252269224,0.6940700808625337
random,1,15,1,run_test,0.6,0.6374379174516184,0.7173562600752283
random,1,15,1,run_test,0.7,0.3923617057715362,0.7974683544303798
random,1,15,1,run_test,0.8,0.254324370611406,0.8457912457912458
random,1,15,1,run_test,0.85,0.0602842952560369,0.8494318181818182
random,1,15,1,run_test,0.9,0.0,
random,1,15,1,run_test,0.95,0.0,
random,1,15,2,test,0.0,1.0,0.6339700010790978
random,1,15,2,test,0.5,0.8284234380058271,0.6828188094307672
random,1,15,2,test,0.6,0.5903744469623395,0.7495887406324255
random,1,15,2,test,0.7,0.4601273335491529,0.7788461538461539
random,1,15,2,test,0.8,0.1522607100464012,0.8277817150956768
random,1,15,2,test,0.85,0.0585950145678213,0.8784530386740331
random,1,15,2,test,0.9,0.0,
random,1,15,2,test,0.95,0.0,
random,1,15,2,run_test,0.0,1.0,0.620311697208426
random,1,15,2,run_test,0.5,0.8239424558999828,0.6749116607773852
random,1,15,2,run_test,0.6,0.5923959582120226,0.736629083550159
random,1,15,2,run_test,0.7,0.459667751327282,0.7842771982116244
random,1,15,2,run_test,0.8,0.1527658845692755,0.8340807174887892
random,1,15,2,run_test,0.85,0.0595992464463093,0.8477011494252874
random,1,15,2,run_test,0.9,0.0,
random,1,15,2,run_test,0.95,0.0,
random,1,25,0,test,0.0,1.0,0.6518830257904392
random,1,25,0,test,0.5,0.817740369051473,0.6975455265241488
random,1,25,0,test,0.6,0.5603755260602137,0.7614095898324668
random,1,25,0,test,0.7,0.5283263191971512,0.7704248366013072
random,1,25,0,test,0.8,0.2107478148268048,0.8315412186379928
random,1,25,0,test,0.85,0.0677673464983274,0.85828025477707
random,1,25,0,test,0.9,0.0173734757742527,0.8074534161490683
random,1,25,0,test,0.95,0.0,
random,1,25,0,run_test,0.0,1.0,0.6424045213221442
random,1,25,0,run_test,0.5,0.8176057544100017,0.6868454126518643
random,1,25,0,run_test,0.6,0.5538619626648399,0.7396413110698825
random,1,25,0,run_test,0.7,0.5232060284295256,0.7518821603927986
random,1,25,0,run_test,0.8,0.2137352286350402,0.8205128205128205
random,1,25,0,run_test,0.85,0.0698749785922246,0.8455882352941176
random,1,25,0,run_test,0.9,0.020037677684535,0.8632478632478633
random,1,25,0,run_test,0.95,0.0,
random,1,25,1,test,0.0,1.0,0.6436818819466925
random,1,25,1,test,0.5,0.7825617783532967,0.7109762824048539
random,1,25,1,test,0.6,0.6592208913348441,0.7315436241610739
random,1,25,1,test,0.7,0.4439408654364951,0.7681088964511424
random,1,25,1,test,0.8,0.2080500701413618,0.8526970954356846
random,1,25,1,test,0.85,0.1031617567713391,0.8786610878661087
random,1,25,1,test,0.9,0.0178051149239236,0.806060606060606
random,1,25,1,test,0.95,0.0,
random,1,25,1,run_test,0.0,1.0,0.6389792772735058
random,1,25,1,run_test,0.5,0.7789004966603871,0.7031662269129287
random,1,25,1,run_test,0.6,0.6559342353142661,0.7250652741514361
random,1,25,1,run_test,0.7,0.4356910429868128,0.7672955974842768
random,1,25,1,run_test,0.8,0.2048295941085802,0.8336120401337793
random,1,25,1,run_test,0.85,0.1082377119369755,0.8591772151898734
random,1,25,1,run_test,0.9,0.0196951532796711,0.8521739130434782
random,1,25,1,run_test,0.95,0.0,
random,1,25,2,test,0.0,1.0,0.6448688896082875
random,1,25,2,test,0.5,0.7565555195856264,0.7123092283554414
random,1,25,2,test,0.6,0.5703032265026438,0.7515610217596973
random,1,25,2,test,0.7,0.4353080824430775,0.7746653445711452
random,1,25,2,test,0.8,0.2103161756771339,0.8291431503335044
random,1,25,2,test,0.85,0.0922628682421495,0.8292397660818713
random,1,25,2,test,0.9,0.0,
random,1,25,2,test,0.95,0.0,
random,1,25,2,run_test,0.0,1.0,0.638294228463778
random,1,25,2,run_test,0.5,0.7564651481418051,0.7034186099162327
random,1,25,2,run_test,0.6,0.5634526460010276,0.7468085106382979
random,1,25,2,run_test,0.7,0.4392875492378832,0.7805068226120858
random,1,25,2,run_test,0.8,0.218701832505566,0.826938136256852
random,1,25,2,run_test,0.85,0.0947079979448535,0.8245931283905967
random,1,25,2,run_test,0.9,0.0,
random,1,25,2,run_test,0.95,0.0,
random,1,37,0,test,0.0,1.0,0.6393654904499838
random,1,37,0,test,0.5,0.8190352865004856,0.6944664031620553
random,1,37,0,test,0.6,0.6418474155605913,0.7367182246133154
random,1,37,0,test,0.7,0.3767130678752562,0.7917502148381552
random,1,37,0,test,0.8,0.2131218301499946,0.8521518987341772
random,1,37,0,test,0.85,0.0934498759037444,0.8926096997690531
random,1,37,0,test,0.9,0.045645840077695,0.9148936170212766
random,1,37,0,test,0.95,0.0,
random,1,37,0,run_test,0.0,1.0,0.6263058742935435
random,1,37,0,run_test,0.5,0.8116115773248844,0.6735598227474151
random,1,37,0,run_test,0.6,0.6281897585202946,0.7287350054525628
random,1,37,0,run_test,0.7,0.3760917965405035,0.785063752276867
random,1,37,0,run_test,0.8,0.2171604726836787,0.8399053627760252
random,1,37,0,run_test,0.85,0.0964206199691728,0.8827708703374778
random,1,37,0,run_test,0.9,0.0496660387052577,0.9172413793103448
random,1,37,0,run_test,0.95,0.0,
random,1,37,1,test,0.0,1.0,0.6454084385453761
random,1,37,1,test,0.5,0.8336031078018776,0.6922977346278317
random,1,37,1,test,0.6,0.5896190784504155,0.7492679355783309
random,1,37,1,test,0.7,0.4090860041005719,0.7839620152993932
random,1,37,1,test,0.8,0.2312506744361713,0.8418105459636024
random,1,37,1,test,0.85,0.1189165857343261,0.8747731397459165
random,1,37,1,test,0.9,0.0115463472536959,0.8037383177570093
random,1,37,1,test,0.95,0.0,
random,1,37,1,run_test,0.0,1.0,0.633841411200548
random,1,37,1,run_test,0.5,0.8340469258434664,0.67782340862423
random,1,37,1,run_test,0.6,0.5918821716047269,0.7416087962962963
random,1,37,1,run_test,0.7,0.4034937489296112,0.783106960950764
random,1,37,1,run_test,0.8,0.2240109607809556,0.8348623853211009
random,1,37,1,run_test,0.85,0.1198835417023462,0.8771428571428571
random,1,37,1,run_test,0.9,0.0097619455386196,0.9298245614035088
random,1,37,1,run_test,0.95,0.0,
random,1,37,2,test,0.0,1.0,0.6585734326103377
random,1,37,2,test,0.5,0.8546455163483327,0.6933080808080808
random,1,37,2,test,0.6,0.6187547210531995,0.7420648761771887
random,1,37,2,test,0.7,0.4349843530808244,0.775489952865294
random,1,37,2,test,0.8,0.1846336462717168,0.8486265341905318
random,1,37,2,test,0.85,0.1491313262112873,0.8625180897250362
random,1,37,2,test,0.9,0.0077695046940757,0.8472222222222222
random,1,37,2,test,0.95,0.0077695046940757,0.8472222222222222
random,1,37,2,run_test,0.0,1.0,0.6518239424559
random,1,37,2,run_test,0.5,0.8583661585887995,0.6805666400638468
random,1,37,2,run_test,0.6,0.611577324884398,0.7317278073368805
random,1,37,2,run_test,0.7,0.4308957013187189,0.7817965023847376
random,1,37,2,run_test,0.8,0.1854769652337729,0.8356417359187442
random,1,37,2,run_test,0.85,0.1536221955814351,0.8450390189520625
random,1,37,2,run_test,0.9,0.0075355369070046,0.8863636363636364
random,1,37,2,run_test,0.95,0.0075355369070046,0.8863636363636364
random,1,50,0,test,0.0,1.0,0.643142333009604
random,1,50,0,test,0.5,0.8230279486349412,0.6925396617280714
random,1,50,0,test,0.6,0.6812344879680587,0.7302391889751307
random,1,50,0,test,0.7,0.4730765080392791,0.7673357664233577
random,1,50,0,test,0.8,0.2119348224883997,0.8406313645621182
random,1,50,0,test,0.85,0.10359339592101,0.8802083333333334
random,1,50,0,test,0.9,0.0423006366677457,0.9056122448979592
random,1,50,0,test,0.95,0.0,
random,1,50,0,run_test,0.0,1.0,0.6288748073300222
random,1,50,0,run_test,0.5,0.816920705600274,0.6815513626834382
random,1,50,0,run_test,0.6,0.67854084603528,0.7213528520949015
random,1,50,0,run_test,0.7,0.4682308614488782,0.7688368690563278
random,1,50,0,run_test,0.8,0.2111662955985614,0.8304947283049473
random,1,50,0,run_test,0.85,0.1036136324713135,0.8694214876033057
random,1,50,0,run_test,0.9,0.0438431238225723,0.9140625
random,1,50,0,run_test,0.95,0.0,
random,1,50,1,test,0.0,1.0,0.6380705730009711
random,1,50,1,test,0.5,0.853026869537067,0.6780518659076534
random,1,50,1,test,0.6,0.6011654257041114,0.7246454855501705
random,1,50,1,test,0.7,0.3014999460451062,0.8146027201145312
random,1,50,1,test,0.8,0.2315744037984245,0.8322460391425909
random,1,50,1,test,0.85,0.1455703032265026,0.8584136397331357
random,1,50,1,test,0.9,0.0328045753749865,0.875
random,1,50,1,test,0.95,0.0041005719218733,0.6842105263157895
random,1,50,1,run_test,0.0,1.0,0.6230518924473368
random,1,50,1,run_test,0.5,0.8412399383456072,0.6730456026058632
random,1,50,1,run_test,0.6,0.6078095564308957,0.7162581008734855
random,1,50,1,run_test,0.7,0.299023805446138,0.8132875143184422
random,1,50,1,run_test,0.8,0.2322315464976879,0.8333333333333334
random,1,50,1,run_test,0.85,0.1466004452817263,0.8633177570093458
random,1,50,1,run_test,0.9,0.0262031169720842,0.8300653594771242
random,1,50,1,run_test,0.95,0.0039390306559342,0.8695652173913043
random,1,50,2,test,0.0,1.0,0.6446530700334521
random,1,50,2,test,0.5,0.7933527570950685,0.705386289445049
random,1,50,2,test,0.6,0.6520988453652746,0.7314247890120801
random,1,50,2,test,0.7,0.4635804467465199,0.7716480446927374
random,1,50,2,test,0.8,0.21948850760764,0.8382497541789578
random,1,50,2,test,0.85,0.1306787525628574,0.8678777869529315
random,1,50,2,test,0.9,0.0,
random,1,50,2,test,0.95,0.0,
random,1,50,2,run_test,0.0,1.0,0.6430895701318718
random,1,50,2,run_test,0.5,0.7917451618427813,0.7051698031581224
random,1,50,2,run_test,0.6,0.6506251070388765,0.7336141089760463
random,1,50,2,run_test,0.7,0.4569275560883713,0.7721139430284858
random,1,50,2,run_test,0.8,0.2221270765542045,0.8272937548188126
random,1,50,2,run_test,0.85,0.1308443226579893,0.8429319371727748
random,1,50,2,run_test,0.9,0.0,
random,1,50,2,run_test,0.95,0.0,
fulltrack,-1,3,0,test,0.0,1.0,0.8381353188734219
fulltrack,-1,3,0,test,0.5,1.0,0.8381353188734219
fulltrack,-1,3,0,test,0.6,1.0,0.8381353188734219
fulltrack,-1,3,0,test,0.7,0.6857666990396029,0.9162863886703384
fulltrack,-1,3,0,test,0.8,0.6857666990396029,0.9162863886703384
fulltrack,-1,3,0,test,0.85,0.6857666990396029,0.9162863886703384
fulltrack,-1,3,0,test,0.9,0.2831552821840941,0.9748475609756098
fulltrack,-1,3,0,test,0.95,0.2831552821840941,0.9748475609756098
fulltrack,-1,3,0,run_test,0.0,1.0,0.8366158588799452
fulltrack,-1,3,0,run_test,0.5,1.0,0.8366158588799452
fulltrack,-1,3,0,run_test,0.6,1.0,0.8366158588799452
fulltrack,-1,3,0,run_test,0.7,0.6559342353142661,0.9060052219321147
fulltrack,-1,3,0,run_test,0.8,0.6559342353142661,0.9060052219321147
fulltrack,-1,3,0,run_test,0.85,0.6559342353142661,0.9060052219321147
fulltrack,-1,3,0,run_test,0.9,0.2897756465148142,0.9692671394799054
fulltrack,-1,3,0,run_test,0.95,0.2897756465148142,0.9692671394799054
fulltrack,-1,3,1,test,0.0,1.0,0.8381353188734219
fulltrack,-1,3,1,test,0.5,1.0,0.8381353188734219
fulltrack,-1,3,1,test,0.6,1.0,0.8381353188734219
fulltrack,-1,3,1,test,0.7,0.6857666990396029,0.9162863886703384
fulltrack,-1,3,1,test,0.8,0.6857666990396029,0.9162863886703384
fulltrack,-1,3,1,test,0.85,0.6857666990396029,0.9162863886703384
fulltrack,-1,3,1,test,0.9,0.2831552821840941,0.9748475609756098
fulltrack,-1,3,1,test,0.95,0.2831552821840941,0.9748475609756098
fulltrack,-1,3,1,run_test,0.0,1.0,0.8366158588799452
fulltrack,-1,3,1,run_test,0.5,1.0,0.8366158588799452
fulltrack,-1,3,1,run_test,0.6,1.0,0.8366158588799452
fulltrack,-1,3,1,run_test,0.7,0.6559342353142661,0.9060052219321147
fulltrack,-1,3,1,run_test,0.8,0.6559342353142661,0.9060052219321147
fulltrack,-1,3,1,run_test,0.85,0.6559342353142661,0.9060052219321147
fulltrack,-1,3,1,run_test,0.9,0.2897756465148142,0.9692671394799054
fulltrack,-1,3,1,run_test,0.95,0.2897756465148142,0.9692671394799054
fulltrack,-1,3,2,test,0.0,1.0,0.8380274090860041
fulltrack,-1,3,2,test,0.5,1.0,0.8380274090860041
fulltrack,-1,3,2,test,0.6,1.0,0.8380274090860041
fulltrack,-1,3,2,test,0.7,0.6856587892521852,0.9162732137236388
fulltrack,-1,3,2,test,0.8,0.6856587892521852,0.9162732137236388
fulltrack,-1,3,2,test,0.85,0.6856587892521852,0.9162732137236388
fulltrack,-1,3,2,test,0.9,0.2831552821840941,0.9748475609756098
fulltrack,-1,3,2,test,0.95,0.2831552821840941,0.9748475609756098
fulltrack,-1,3,2,run_test,0.0,1.0,0.8361020722726494
fulltrack,-1,3,2,run_test,0.5,1.0,0.8361020722726494
fulltrack,-1,3,2,run_test,0.6,1.0,0.8361020722726494
fulltrack,-1,3,2,run_test,0.7,0.6554204487069704,0.9059315390645414
fulltrack,-1,3,2,run_test,0.8,0.6554204487069704,0.9059315390645414
fulltrack,-1,3,2,run_test,0.85,0.6554204487069704,0.9059315390645414
fulltrack,-1,3,2,run_test,0.9,0.2897756465148142,0.9692671394799054
fulltrack,-1,3,2,run_test,0.95,0.2897756465148142,0.9692671394799054
fulltrack,-1,8,0,test,0.0,1.0,0.839969785259523
fulltrack,-1,8,0,test,0.5,1.0,0.839969785259523
fulltrack,-1,8,0,test,0.6,0.9155066364519262,0.8751768033946252
fulltrack,-1,8,0,test,0.7,0.7651883025790439,0.91609081934847
fulltrack,-1,8,0,test,0.8,0.6990396028919823,0.9289904291447978
fulltrack,-1,8,0,test,0.85,0.6990396028919823,0.9289904291447978
fulltrack,-1,8,0,test,0.9,0.488075968490342,0.966393986292284
fulltrack,-1,8,0,test,0.95,0.316175677133916,0.98259385665529
fulltrack,-1,8,0,run_test,0.0,1.0,0.8477479020380202
fulltrack,-1,8,0,run_test,0.5,1.0,0.8477479020380202
fulltrack,-1,8,0,run_test,0.6,0.930981332419935,0.8675496688741722
fulltrack,-1,8,0,run_test,0.7,0.7698235999314951,0.90678531701891
fulltrack,-1,8,0,run_test,0.8,0.6900154135982188,0.9203276247207745
fulltrack,-1,8,0,run_test,0.85,0.6900154135982188,0.9203276247207745
fulltrack,-1,8,0,run_test,0.9,0.4990580578866244,0.9574468085106383
fulltrack,-1,8,0,run_test,0.95,0.3385853742079123,0.9752149721800708
fulltrack,-1,8,1,test,0.0,1.0,0.8283155282184094
fulltrack,-1,8,1,test,0.5,1.0,0.8283155282184094
fulltrack,-1,8,1,test,0.6,0.9152908168770908,0.8602923838717284
fulltrack,-1,8,1,test,0.7,0.7281752454947664,0.9053052756372258
fulltrack,-1,8,1,test,0.8,0.5621020826588972,0.9548857746208486
fulltrack,-1,8,1,test,0.85,0.5621020826588972,0.9548857746208486
fulltrack,-1,8,1,test,0.9,0.5621020826588972,0.9548857746208486
fulltrack,-1,8,1,test,0.95,0.2695586489694615,0.9867894315452362
fulltrack,-1,8,1,run_test,0.0,1.0,0.832676828224011
fulltrack,-1,8,1,run_test,0.5,1.0,0.832676828224011
fulltrack,-1,8,1,run_test,0.6,0.923788319917794,0.8513162773451983
fulltrack,-1,8,1,run_test,0.7,0.7112519266997773,0.8979051288225379
fulltrack,-1,8,1,run_test,0.8,0.5405035108751498,0.9515209125475284
fulltrack,-1,8,1,run_test,0.85,0.5405035108751498,0.9515209125475284
fulltrack,-1,8,1,run_test,0.9,0.5405035108751498,0.9515209125475284
fulltrack,-1,8,1,run_test,0.95,0.2753896215105326,0.986318407960199
fulltrack,-1,8,2,test,0.0,1.0,0.8282076184309917
fulltrack,-1,8,2,test,0.5,1.0,0.8282076184309917
fulltrack,-1,8,2,test,0.6,0.9155066364519262,0.8603253182461104
fulltrack,-1,8,2,test,0.7,0.7280673357073486,0.905291240551356
fulltrack,-1,8,2,test,0.8,0.5623179022337326,0.9549030896181157
fulltrack,-1,8,2,test,0.85,0.5623179022337326,0.9549030896181157
fulltrack,-1,8,2,test,0.9,0.5623179022337326,0.9549030896181157
fulltrack,-1,8,2,test,0.95,0.2695586489694615,0.9867894315452362
fulltrack,-1,8,2,run_test,0.0,1.0,0.8323343038191471
fulltrack,-1,8,2,run_test,0.5,1.0,0.8323343038191471
fulltrack,-1,8,2,run_test,0.6,0.9236170577153622,0.8512887075839051
fulltrack,-1,8,2,run_test,0.7,0.7105668778900497,0.8978067004097373
fulltrack,-1,8,2,run_test,0.8,0.5403322486727179,0.9515055467511886
fulltrack,-1,8,2,run_test,0.85,0.5403322486727179,0.9515055467511886
fulltrack,-1,8,2,run_test,0.9,0.5403322486727179,0.9515055467511886
fulltrack,-1,8,2,run_test,0.95,0.2753896215105326,0.986318407960199
fulltrack,-1,15,0,test,0.0,1.0,0.8655444048775224
fulltrack,-1,15,0,test,0.5,1.0,0.8655444048775224
fulltrack,-1,15,0,test,0.6,1.0,0.8655444048775224
fulltrack,-1,15,0,test,0.7,0.8383511384482573,0.902947612305316
fulltrack,-1,15,0,test,0.8,0.7536419553253481,0.9246849942726232
fulltrack,-1,15,0,test,0.85,0.6537174921765404,0.9493232089798612
fulltrack,-1,15,0,test,0.9,0.6537174921765404,0.9493232089798612
fulltrack,-1,15,0,test,0.95,0.2631919715118161,0.993029930299303
fulltrack,-1,15,0,run_test,0.0,1.0,0.8605925672204144
fulltrack,-1,15,0,run_test,0.5,1.0,0.8605925672204144
fulltrack,-1,15,0,run_test,0.6,1.0,0.8605925672204144
fulltrack,-1,15,0,run_test,0.7,0.8297653707826682,0.8959752321981425
fulltrack,-1,15,0,run_test,0.8,0.7496146600445281,0.9166095499200364
fulltrack,-1,15,0,run_test,0.85,0.6550779243021065,0.9424836601307188
fulltrack,-1,15,0,run_test,0.9,0.6550779243021065,0.9424836601307188
fulltrack,-1,15,0,run_test,0.95,0.2664839869840726,0.99293059125964
fulltrack,-1,15,1,test,0.0,1.0,0.8520556814503075
fulltrack,-1,15,1,test,0.5,1.0,0.8520556814503075
fulltrack,-1,15,1,test,0.6,0.8728822704219272,0.8941772777846458
fulltrack,-1,15,1,test,0.7,0.7909787417718787,0.9139154160982264
fulltrack,-1,15,1,test,0.8,0.7452249919067659,0.924123950188242
fulltrack,-1,15,1,test,0.85,0.6007337865544405,0.9576073289024608
fulltrack,-1,15,1,test,0.9,0.5745117082119349,0.9616829451540196
fulltrack,-1,15,1,test,0.95,0.4216035394410273,0.9761965702585104
fulltrack,-1,15,1,run_test,0.0,1.0,0.8470628532282926
fulltrack,-1,15,1,run_test,0.5,1.0,0.8470628532282926
fulltrack,-1,15,1,run_test,0.6,0.8790888850830622,0.8879797389440873
fulltrack,-1,15,1,run_test,0.7,0.785750984757664,0.9080209241499564
fulltrack,-1,15,1,run_test,0.8,0.7350573728378147,0.9186859273066168
fulltrack,-1,15,1,run_test,0.85,0.593766055831478,0.9529852898759734
fulltrack,-1,15,1,run_test,0.9,0.5574584689159102,0.9566820276497696
fulltrack,-1,15,1,run_test,0.95,0.4243877376263059,0.9685230024213076
fulltrack,-1,15,2,test,0.0,1.0,0.8433149886694723
fulltrack,-1,15,2,test,0.5,1.0,0.8433149886694723
fulltrack,-1,15,2,test,0.6,0.9147512679400022,0.8692933820927214
fulltrack,-1,15,2,test,0.7,0.7637854753426135,0.920033907883583
fulltrack,-1,15,2,test,0.8,0.6421711449228446,0.9484120315913293
fulltrack,-1,15,2,test,0.85,0.611308945721377,0.9571050308914386
fulltrack,-1,15,2,test,0.9,0.4966008416963418,0.970664928292047
fulltrack,-1,15,2,test,0.95,0.3099169094636884,0.9888579387186628
fulltrack,-1,15,2,run_test,0.0,1.0,0.8479191642404521
fulltrack,-1,15,2,run_test,0.5,1.0,0.8479191642404521
fulltrack,-1,15,2,run_test,0.6,0.9075184106867614,0.8731836195508587
fulltrack,-1,15,2,run_test,0.7,0.7569789347491008,0.9131221719457012
fulltrack,-1,15,2,run_test,0.8,0.6323000513786607,0.9431202600216684
fulltrack,-1,15,2,run_test,0.85,0.5965062510703888,0.9497559575078957
fulltrack,-1,15,2,run_test,0.9,0.4980304846720328,0.9611416781292984
fulltrack,-1,15,2,run_test,0.95,0.3236855625963349,0.9825396825396824
fulltrack,-1,25,0,test,0.0,1.0,0.8746088270206108
fulltrack,-1,25,0,test,0.5,1.0,0.8746088270206108
fulltrack,-1,25,0,test,0.6,0.9765835761303552,0.8840883977900552
fulltrack,-1,25,0,test,0.7,0.8738534585086868,0.9142998271178068
fulltrack,-1,25,0,test,0.8,0.7801877630301068,0.9363762102351314
fulltrack,-1,25,0,test,0.85,0.7236430344232222,0.9451237697584252
fulltrack,-1,25,0,test,0.9,0.6551203194129708,0.9545379673859332
fulltrack,-1,25,0,test,0.95,0.3423977554764217,0.9845572013867004
fulltrack,-1,25,0,run_test,0.0,1.0,0.8626477136495976
fulltrack,-1,25,0,run_test,0.5,1.0,0.8626477136495976
fulltrack,-1,25,0,run_test,0.6,0.9758520294570988,0.872060372060372
fulltrack,-1,25,0,run_test,0.7,0.8730947079979449,0.9034915653197332
fulltrack,-1,25,0,run_test,0.8,0.7828395273163213,0.9280245022970904
fulltrack,-1,25,0,run_test,0.85,0.7150196951532797,0.9365269461077844
fulltrack,-1,25,0,run_test,0.9,0.6461722897756466,0.944076331831434
fulltrack,-1,25,0,run_test,0.95,0.3505737283781469,0.975085490962384
fulltrack,-1,25,1,test,0.0,1.0,0.8677026006258768
fulltrack,-1,25,1,test,0.5,1.0,0.8677026006258768
fulltrack,-1,25,1,test,0.6,0.9646055897269884,0.8769437297236827
fulltrack,-1,25,1,test,0.7,0.8624150210424085,0.9080330330330332
fulltrack,-1,25,1,test,0.8,0.7112334088701845,0.9449248975876194
fulltrack,-1,25,1,test,0.85,0.6809107586058055,0.9519809825673534
fulltrack,-1,25,1,test,0.9,0.6693644113521097,0.953087215863292
fulltrack,-1,25,1,test,0.95,0.3823243768209776,0.97883149872989
fulltrack,-1,25,1,run_test,0.0,1.0,0.8641890734714849
fulltrack,-1,25,1,run_test,0.5,1.0,0.8641890734714849
fulltrack,-1,25,1,run_test,0.6,0.9587258092139064,0.8738835298320828
fulltrack,-1,25,1,run_test,0.7,0.852714505908546,0.9011849769029926
fulltrack,-1,25,1,run_test,0.8,0.7110806644973454,0.9383429672447012
fulltrack,-1,25,1,run_test,0.85,0.6800822058571673,0.9433392092671872
fulltrack,-1,25,1,run_test,0.9,0.667580065079637,0.9456131349409954
fulltrack,-1,25,1,run_test,0.95,0.3901352971399212,0.97585601404741
fulltrack,-1,25,2,test,0.0,1.0,0.8769828423438005
fulltrack,-1,25,2,test,0.5,0.9719434552713933,0.8869767958254691
fulltrack,-1,25,2,test,0.6,0.911729793892306,0.9049591667652976
fulltrack,-1,25,2,test,0.7,0.8980252508902558,0.9099975967315548
fulltrack,-1,25,2,test,0.8,0.7609798208697529,0.9384571752694272
fulltrack,-1,25,2,test,0.85,0.7007661594906658,0.951955651370496
fulltrack,-1,25,2,test,0.9,0.6225315636128197,0.9582249956664932
fulltrack,-1,25,2,test,0.95,0.4316391496708751,0.978
fulltrack,-1,25,2,run_test,0.0,1.0,0.8739510190101045
fulltrack,-1,25,2,run_test,0.5,0.9678027059427984,0.8828525924615113
fulltrack,-1,25,2,run_test,0.6,0.9179654050351088,0.8966417910447761
fulltrack,-1,25,2,run_test,0.7,0.9039219044356912,0.9020462296324364
fulltrack,-1,25,2,run_test,0.8,0.7619455386196267,0.9345920431557654
fulltrack,-1,25,2,run_test,0.85,0.6999486213392704,0.944702715928554
fulltrack,-1,25,2,run_test,0.9,0.6064394588114403,0.9500141203049984
fulltrack,-1,25,2,run_test,0.95,0.4343209453673574,0.9696372239747634
fulltrack,-1,37,0,test,0.0,0.9996762706377468,0.8797495682210709
fulltrack,-1,37,0,test,0.5,0.9996762706377468,0.8797495682210709
fulltrack,-1,37,0,test,0.6,0.9334196611632676,0.9039306358381504
fulltrack,-1,37,0,test,0.7,0.9334196611632676,0.9039306358381504
fulltrack,-1,37,0,test,0.8,0.7677781374770691,0.9391426563598032
fulltrack,-1,37,0,test,0.85,0.7350814718895003,0.9464180857310628
fulltrack,-1,37,0,test,0.9,0.6252293082982626,0.9630652399033482
fulltrack,-1,37,0,test,0.95,0.4309916909463688,0.9799699549323986
fulltrack,-1,37,0,run_test,0.0,0.9988011645829764,0.8753429355281207
fulltrack,-1,37,0,run_test,0.5,0.9988011645829764,0.8753429355281207
fulltrack,-1,37,0,run_test,0.6,0.928583661585888,0.8954260420509037
fulltrack,-1,37,0,run_test,0.7,0.928583661585888,0.8954260420509037
fulltrack,-1,37,0,run_test,0.8,0.763486898441514,0.9295648272768058
fulltrack,-1,37,0,run_test,0.85,0.7364274704572701,0.9365116279069768
fulltrack,-1,37,0,run_test,0.9,0.6343551978078438,0.9538336933045356
fulltrack,-1,37,0,run_test,0.95,0.4490494947765028,0.9710144927536232
fulltrack,-1,37,1,test,0.0,1.0,0.8824862415021042
fulltrack,-1,37,1,test,0.5,1.0,0.8824862415021042
fulltrack,-1,37,1,test,0.6,0.9782022229416208,0.8895752895752895
fulltrack,-1,37,1,test,0.7,0.9069817632459264,0.907792980368828
fulltrack,-1,37,1,test,0.8,0.7913024711341319,0.9345424792036
fulltrack,-1,37,1,test,0.85,0.7401532318981332,0.9457646887301356
fulltrack,-1,37,1,test,0.9,0.7049746411999568,0.9502525639063216
fulltrack,-1,37,1,test,0.95,0.3685119240315097,0.9871156661786236
fulltrack,-1,37,1,run_test,0.0,1.0,0.8768624764514472
fulltrack,-1,37,1,run_test,0.5,1.0,0.8768624764514472
fulltrack,-1,37,1,run_test,0.6,0.982017468744648,0.8831531217300314
fulltrack,-1,37,1,run_test,0.7,0.9058057886624422,0.9047078842881452
fulltrack,-1,37,1,run_test,0.8,0.7884911799965748,0.9313640312771504
fulltrack,-1,37,1,run_test,0.85,0.7427641719472512,0.9412035969564216
fulltrack,-1,37,1,run_test,0.9,0.7061140606268197,0.9437302934756244
fulltrack,-1,37,1,run_test,0.95,0.3853399554718273,0.9822222222222222
fulltrack,-1,37,2,test,0.0,0.9998920902125824,0.8847399093459961
fulltrack,-1,37,2,test,0.5,0.9998920902125824,0.8847399093459961
fulltrack,-1,37,2,test,0.6,0.9519801445991152,0.9002493765586035
fulltrack,-1,37,2,test,0.7,0.8328477392899536,0.9309406582016068
fulltrack,-1,37,2,test,0.8,0.790870831984461,0.94051030154182
fulltrack,-1,37,2,test,0.85,0.7600086327829935,0.9463296890529604
fulltrack,-1,37,2,test,0.9,0.6558756879248948,0.9531095755182626
fulltrack,-1,37,2,test,0.95,0.3804899104348764,0.9852524106636416
fulltrack,-1,37,2,run_test,0.0,0.9994862133927044,0.8750856751199452
fulltrack,-1,37,2,run_test,0.5,0.9994862133927044,0.8750856751199452
fulltrack,-1,37,2,run_test,0.6,0.9482788148655592,0.8916380711576666
fulltrack,-1,37,2,run_test,0.7,0.821202260661072,0.9282586027111576
fulltrack,-1,37,2,run_test,0.8,0.7891762288063024,0.935546875
fulltrack,-1,37,2,run_test,0.85,0.7578352457612605,0.9410169491525424
fulltrack,-1,37,2,run_test,0.9,0.6687789004966603,0.9446862996158772
fulltrack,-1,37,2,run_test,0.95,0.399554718273677,0.9785683669095584
fulltrack,-1,50,0,test,0.0,0.9997841804251646,0.8873178629249865
fulltrack,-1,50,0,test,0.5,0.9997841804251646,0.8873178629249865
fulltrack,-1,50,0,test,0.6,0.9640660407898995,0.8989254533243788
fulltrack,-1,50,0,test,0.7,0.8630624797669149,0.9242310577644413
fulltrack,-1,50,0,test,0.8,0.8264810618323082,0.9318448883666276
fulltrack,-1,50,0,test,0.85,0.7825617783532967,0.9375344732487588
fulltrack,-1,50,0,test,0.9,0.6913780079853242,0.95380053066958
fulltrack,-1,50,0,test,0.95,0.4595877846120643,0.973702747123738
fulltrack,-1,50,0,run_test,0.0,0.9994862133927044,0.8839958875942426
fulltrack,-1,50,0,run_test,0.5,0.9994862133927044,0.8839958875942426
fulltrack,-1,50,0,run_test,0.6,0.9582120226066108,0.8972296693476318
fulltrack,-1,50,0,run_test,0.7,0.8648741222812125,0.9231683168316832
fulltrack,-1,50,0,run_test,0.8,0.8213735228635041,0.9303586321934946
fulltrack,-1,50,0,run_test,0.85,0.7744476793971571,0.9347633790358248
fulltrack,-1,50,0,run_test,0.9,0.6913855112176742,0.9507059697795393
fulltrack,-1,50,0,run_test,0.95,0.4680595992464463,0.9703622392974752
fulltrack,-1,50,1,test,0.0,1.0,0.8858314449120536
fulltrack,-1,50,1,test,0.5,1.0,0.8858314449120536
fulltrack,-1,50,1,test,0.6,0.9706485378223804,0.8979433018343524
fulltrack,-1,50,1,test,0.7,0.9122693428293946,0.9123491838183108
fulltrack,-1,50,1,test,0.8,0.8013380813639797,0.9402100727174793
fulltrack,-1,50,1,test,0.85,0.7443617136074242,0.9496955639315744
fulltrack,-1,50,1,test,0.9,0.7037876335383619,0.9524685679239496
fulltrack,-1,50,1,test,0.95,0.4918528110499622,0.9760860026327336
fulltrack,-1,50,1,run_test,0.0,1.0,0.8784038362733345
fulltrack,-1,50,1,run_test,0.5,1.0,0.8784038362733345
fulltrack,-1,50,1,run_test,0.6,0.96437746189416,0.8914935180252176
fulltrack,-1,50,1,run_test,0.7,0.9076896728891932,0.9045283018867925
fulltrack,-1,50,1,run_test,0.8,0.8061311868470629,0.9315912470788188
fulltrack,-1,50,1,run_test,0.85,0.743277958554547,0.943778801843318
fulltrack,-1,50,1,run_test,0.9,0.7023462921733173,0.9451353328456474
fulltrack,-1,50,1,run_test,0.95,0.5059085459839013,0.9678402166553826
fulltrack,-1,50,2,test,0.0,1.0,0.8794647674544082
fulltrack,-1,50,2,test,0.5,1.0,0.8794647674544082
fulltrack,-1,50,2,test,0.6,0.9214416747599008,0.9050240074950228
fulltrack,-1,50,2,test,0.7,0.8409409733462825,0.9282689593224688
fulltrack,-1,50,2,test,0.8,0.8080284881838783,0.9376335470085472
fulltrack,-1,50,2,test,0.85,0.7816985000539549,0.9416068470458312
fulltrack,-1,50,2,test,0.9,0.7565555195856264,0.9455141919840252
fulltrack,-1,50,2,test,0.95,0.4373583684040142,0.9785344189489268
fulltrack,-1,50,2,run_test,0.0,0.999828737797568,0.8698184309695101
fulltrack,-1,50,2,run_test,0.5,0.999828737797568,0.8698184309695101
fulltrack,-1,50,2,run_test,0.6,0.919678027059428,0.9007448789571696
fulltrack,-1,50,2,run_test,0.7,0.8451789690015413,0.926646403242148
fulltrack,-1,50,2,run_test,0.8,0.814694296968659,0.9348328778642
fulltrack,-1,50,2,run_test,0.85,0.7876348689844151,0.9380300065231572
fulltrack,-1,50,2,run_test,0.9,0.7597191299880116,0.9425157799819658
fulltrack,-1,50,2,run_test,0.95,0.4654906662099675,0.9690949227373068
active_mask_ae,0,3,0,test,0.0,1.0,0.7254775008093234
active_mask_ae,0,3,0,test,0.5,1.0,0.7254775008093234
active_mask_ae,0,3,0,test,0.6,0.7214848386748678,0.7828297935985642
active_mask_ae,0,3,0,test,0.7,0.2406388259415129,0.9641255605381166
active_mask_ae,0,3,0,test,0.8,0.2406388259415129,0.9641255605381166
active_mask_ae,0,3,0,test,0.85,0.2406388259415129,0.9641255605381166
active_mask_ae,0,3,0,test,0.9,0.2406388259415129,0.9641255605381166
active_mask_ae,0,3,0,test,0.95,0.2406388259415129,0.9641255605381166
active_mask_ae,0,3,0,run_test,0.0,1.0,0.7129645487240966
active_mask_ae,0,3,0,run_test,0.5,1.0,0.7129645487240966
active_mask_ae,0,3,0,run_test,0.6,0.7025175543757493,0.749634324719649
active_mask_ae,0,3,0,run_test,0.7,0.2416509676314437,0.965272856130404
active_mask_ae,0,3,0,run_test,0.8,0.2416509676314437,0.965272856130404
active_mask_ae,0,3,0,run_test,0.85,0.2416509676314437,0.965272856130404
active_mask_ae,0,3,0,run_test,0.9,0.2416509676314437,0.965272856130404
active_mask_ae,0,3,0,run_test,0.95,0.2416509676314437,0.965272856130404
active_mask_ae,0,3,1,test,0.0,1.0,0.7253695910219057
active_mask_ae,0,3,1,test,0.5,1.0,0.7253695910219057
active_mask_ae,0,3,1,test,0.6,0.7221322973993741,0.7824267782426778
active_mask_ae,0,3,1,test,0.7,0.2406388259415129,0.9641255605381166
active_mask_ae,0,3,1,test,0.8,0.2406388259415129,0.9641255605381166
active_mask_ae,0,3,1,test,0.85,0.2406388259415129,0.9641255605381166
active_mask_ae,0,3,1,test,0.9,0.2406388259415129,0.9641255605381166
active_mask_ae,0,3,1,test,0.95,0.2406388259415129,0.9641255605381166
active_mask_ae,0,3,1,run_test,0.0,1.0,0.7131358109265286
active_mask_ae,0,3,1,run_test,0.5,1.0,0.7131358109265286
active_mask_ae,0,3,1,run_test,0.6,0.7037163897927727,0.7493307374056948
active_mask_ae,0,3,1,run_test,0.7,0.2416509676314437,0.965272856130404
active_mask_ae,0,3,1,run_test,0.8,0.2416509676314437,0.965272856130404
active_mask_ae,0,3,1,run_test,0.85,0.2416509676314437,0.965272856130404
active_mask_ae,0,3,1,run_test,0.9,0.2416509676314437,0.965272856130404
active_mask_ae,0,3,1,run_test,0.95,0.2416509676314437,0.965272856130404
active_mask_ae,0,3,2,test,0.0,1.0,0.7254775008093234
active_mask_ae,0,3,2,test,0.5,1.0,0.7254775008093234
active_mask_ae,0,3,2,test,0.6,0.7222402071867918,0.782459285821007
active_mask_ae,0,3,2,test,0.7,0.2406388259415129,0.9641255605381166
active_mask_ae,0,3,2,test,0.8,0.2406388259415129,0.9641255605381166
active_mask_ae,0,3,2,test,0.85,0.2406388259415129,0.9641255605381166
active_mask_ae,0,3,2,test,0.9,0.2406388259415129,0.9641255605381166
active_mask_ae,0,3,2,test,0.95,0.2406388259415129,0.9641255605381166
active_mask_ae,0,3,2,run_test,0.0,1.0,0.7131358109265286
active_mask_ae,0,3,2,run_test,0.5,1.0,0.7131358109265286
active_mask_ae,0,3,2,run_test,0.6,0.7037163897927727,0.7493307374056948
active_mask_ae,0,3,2,run_test,0.7,0.2416509676314437,0.965272856130404
active_mask_ae,0,3,2,run_test,0.8,0.2416509676314437,0.965272856130404
active_mask_ae,0,3,2,run_test,0.85,0.2416509676314437,0.965272856130404
active_mask_ae,0,3,2,run_test,0.9,0.2416509676314437,0.965272856130404
active_mask_ae,0,3,2,run_test,0.95,0.2416509676314437,0.965272856130404
active_mask_ae,0,8,0,test,0.0,1.0,0.7610877306571706
active_mask_ae,0,8,0,test,0.5,0.8684579691378008,0.805044731610338
active_mask_ae,0,8,0,test,0.6,0.8684579691378008,0.805044731610338
active_mask_ae,0,8,0,test,0.7,0.5741879788496816,0.8964480360834429
active_mask_ae,0,8,0,test,0.8,0.4729685982518614,0.9342915811088296
active_mask_ae,0,8,0,test,0.85,0.4729685982518614,0.9342915811088296
active_mask_ae,0,8,0,test,0.9,0.3550232006042948,0.9583586626139816
active_mask_ae,0,8,0,test,0.95,0.2561778353296644,0.966301600673968
active_mask_ae,0,8,0,run_test,0.0,1.0,0.7628018496317862
active_mask_ae,0,8,0,run_test,0.5,0.868128104127419,0.8015387650424147
active_mask_ae,0,8,0,run_test,0.6,0.868128104127419,0.8015387650424147
active_mask_ae,0,8,0,run_test,0.7,0.5675629388593937,0.9016294508147256
active_mask_ae,0,8,0,run_test,0.8,0.455214934064052,0.9326561324303988
active_mask_ae,0,8,0,run_test,0.85,0.455214934064052,0.9326561324303988
active_mask_ae,0,8,0,run_test,0.9,0.3478335331392361,0.9527326440177252
active_mask_ae,0,8,0,run_test,0.95,0.2447336872752183,0.9510146955913226
active_mask_ae,0,8,1,test,0.0,1.0,0.7374554872126902
active_mask_ae,0,8,1,test,0.5,0.8596093665695479,0.7863419533015316
active_mask_ae,0,8,1,test,0.6,0.6752994496600842,0.8454777884308086
active_mask_ae,0,8,1,test,0.7,0.5862738750404661,0.8856985091109884
active_mask_ae,0,8,1,test,0.8,0.4302363224344448,0.9345372460496614
active_mask_ae,0,8,1,test,0.85,0.4302363224344448,0.9345372460496614
active_mask_ae,0,8,1,test,0.9,0.3527570950685227,0.9556439278066688
active_mask_ae,0,8,1,test,0.95,0.1284126470270853,0.9823529411764704
active_mask_ae,0,8,1,run_test,0.0,1.0,0.7230690186675801
active_mask_ae,0,8,1,run_test,0.5,0.8588799451960952,0.7641076769690928
active_mask_ae,0,8,1,run_test,0.6,0.6814523034766227,0.8328725810505152
active_mask_ae,0,8,1,run_test,0.7,0.5922246960095907,0.8849045691150954
active_mask_ae,0,8,1,run_test,0.8,0.4135982188730947,0.9316770186335404
active_mask_ae,0,8,1,run_test,0.85,0.4135982188730947,0.9316770186335404
active_mask_ae,0,8,1,run_test,0.9,0.3450933379003254,0.9488833746898264
active_mask_ae,0,8,1,run_test,0.95,0.1260489809898955,0.9823369565217392
active_mask_ae,0,8,2,test,0.0,1.0,0.7382108557246142
active_mask_ae,0,8,2,test,0.5,1.0,0.7382108557246142
active_mask_ae,0,8,2,test,0.6,0.6727096147620589,0.8556304138594802
active_mask_ae,0,8,2,test,0.7,0.5959857559080609,0.8832156436719174
active_mask_ae,0,8,2,test,0.8,0.4741556059134563,0.9340009103322712
active_mask_ae,0,8,2,test,0.85,0.4741556059134563,0.9340009103322712
active_mask_ae,0,8,2,test,0.9,0.3542678320923708,0.957356076759062
active_mask_ae,0,8,2,test,0.95,0.1267940002158195,0.9838297872340426
active_mask_ae,0,8,2,run_test,0.0,1.0,0.7489296112348005
active_mask_ae,0,8,2,run_test,0.5,1.0,0.7489296112348005
active_mask_ae,0,8,2,run_test,0.6,0.6656961808528857,0.8507846668381785
active_mask_ae,0,8,2,run_test,0.7,0.5867443055317692,0.8896672504378283
active_mask_ae,0,8,2,run_test,0.8,0.4538448364445966,0.9324528301886792
active_mask_ae,0,8,2,run_test,0.85,0.4538448364445966,0.9324528301886792
active_mask_ae,0,8,2,run_test,0.9,0.345778386710053,0.9529470034670628
active_mask_ae,0,8,2,run_test,0.95,0.124850145572872,0.9835390946502056
active_mask_ae,0,15,0,test,0.0,1.0,0.7717707996115247
active_mask_ae,0,15,0,test,0.5,0.844178266968814,0.8338233414291193
active_mask_ae,0,15,0,test,0.6,0.844178266968814,0.8338233414291193
active_mask_ae,0,15,0,test,0.7,0.7876335383619294,0.8469653377174955
active_mask_ae,0,15,0,test,0.8,0.4560267616272796,0.9365830572645528
active_mask_ae,0,15,0,test,0.85,0.4560267616272796,0.9365830572645528
active_mask_ae,0,15,0,test,0.9,0.3082982626524225,0.9649982499124956
active_mask_ae,0,15,0,test,0.95,0.3082982626524225,0.9649982499124956
active_mask_ae,0,15,0,run_test,0.0,1.0,0.7729063195752698
active_mask_ae,0,15,0,run_test,0.5,0.8499743106696352,0.8305460407011888
active_mask_ae,0,15,0,run_test,0.6,0.8499743106696352,0.8305460407011888
active_mask_ae,0,15,0,run_test,0.7,0.7926014728549409,0.8426966292134831
active_mask_ae,0,15,0,run_test,0.8,0.4370611406062682,0.9384796238244514
active_mask_ae,0,15,0,run_test,0.85,0.4370611406062682,0.9384796238244514
active_mask_ae,0,15,0,run_test,0.9,0.3096420619969173,0.9601769911504424
active_mask_ae,0,15,0,run_test,0.95,0.3096420619969173,0.9601769911504424
active_mask_ae,0,15,1,test,0.0,1.0,0.7722024387611957
active_mask_ae,0,15,1,test,0.5,0.8723427214848387,0.8155616031667491
active_mask_ae,0,15,1,test,0.6,0.8306895435415992,0.8311249675240322
active_mask_ae,0,15,1,test,0.7,0.6606237185712744,0.882718065991506
active_mask_ae,0,15,1,test,0.8,0.5224991906765943,0.9138785625774474
active_mask_ae,0,15,1,test,0.85,0.4063882594151289,0.9373340414232608
active_mask_ae,0,15,1,test,0.9,0.3557785691162188,0.9505611161662118
active_mask_ae,0,15,1,test,0.95,0.1498866947232114,0.9748020158387328
active_mask_ae,0,15,1,run_test,0.0,1.0,0.7765028258263401
active_mask_ae,0,15,1,run_test,0.5,0.8797739338927899,0.815845824411135
active_mask_ae,0,15,1,run_test,0.6,0.8393560541188559,0.836359926545603
active_mask_ae,0,15,1,run_test,0.7,0.6507963692413085,0.8805263157894737
active_mask_ae,0,15,1,run_test,0.8,0.5047097105668779,0.9127926705123854
active_mask_ae,0,15,1,run_test,0.85,0.3897927727350573,0.93804920913884
active_mask_ae,0,15,1,run_test,0.9,0.3450933379003254,0.9533498759305212
active_mask_ae,0,15,1,run_test,0.95,0.1529371467717074,0.9585666293393056
active_mask_ae,0,15,2,test,0.0,1.0,0.7915182907089673
active_mask_ae,0,15,2,test,0.5,0.9557569871587352,0.8102066162357457
active_mask_ae,0,15,2,test,0.6,0.8456890039926621,0.841648590021692
active_mask_ae,0,15,2,test,0.7,0.7569871587352973,0.8681397006414825
active_mask_ae,0,15,2,test,0.8,0.4940110067983166,0.9384010484927916
active_mask_ae,0,15,2,test,0.85,0.4940110067983166,0.9384010484927916
active_mask_ae,0,15,2,test,0.9,0.4236538254019639,0.955680081507896
active_mask_ae,0,15,2,test,0.95,0.2006042948095392,0.9763313609467456
active_mask_ae,0,15,2,run_test,0.0,1.0,0.7883199177941428
active_mask_ae,0,15,2,run_test,0.5,0.9566706627847236,0.8102398854278553
active_mask_ae,0,15,2,run_test,0.6,0.8578523719815037,0.8408864044719505
active_mask_ae,0,15,2,run_test,0.7,0.7662270936804247,0.8710326329906124
active_mask_ae,0,15,2,run_test,0.8,0.4714848432950848,0.9386124228114784
active_mask_ae,0,15,2,run_test,0.85,0.4714848432950848,0.9386124228114784
active_mask_ae,0,15,2,run_test,0.9,0.4094879260147285,0.9552488498536176
active_mask_ae,0,15,2,run_test,0.95,0.1995204658331906,0.96137339055794
active_mask_ae,0,25,0,test,0.0,1.0,0.7802956728175245
active_mask_ae,0,25,0,test,0.5,0.9035286500485594,0.821091603965126
active_mask_ae,0,25,0,test,0.6,0.8102945937196504,0.8557730723132241
active_mask_ae,0,25,0,test,0.7,0.71144922844502,0.8879114212043075
active_mask_ae,0,25,0,test,0.8,0.6633214632567174,0.8981617048966976
active_mask_ae,0,25,0,test,0.85,0.4983273982950253,0.9322217410134256
active_mask_ae,0,25,0,test,0.9,0.4167475990072299,0.9531330916623512
active_mask_ae,0,25,0,test,0.95,0.2653501672601705,0.9699064660431068
active_mask_ae,0,25,0,run_test,0.0,1.0,0.7751327282068847
active_mask_ae,0,25,0,run_test,0.5,0.9008391847919164,0.8163498098859315
active_mask_ae,0,25,0,run_test,0.6,0.8116115773248844,0.8537666174298375
active_mask_ae,0,25,0,run_test,0.7,0.7115944511046413,0.8892900120336944
active_mask_ae,0,25,0,run_test,0.8,0.6602157903750642,0.904798962386511
active_mask_ae,0,25,0,run_test,0.85,0.4767939715704744,0.9274425287356322
active_mask_ae,0,25,0,run_test,0.9,0.3981846206542216,0.9458064516129032
active_mask_ae,0,25,0,run_test,0.95,0.2625449563281384,0.9706457925636008
active_mask_ae,0,25,1,test,0.0,1.0,0.7787849357936765
active_mask_ae,0,25,1,test,0.5,0.9218733139095716,0.8104881189277772
active_mask_ae,0,25,1,test,0.6,0.7679939570519047,0.8742447660531123
active_mask_ae,0,25,1,test,0.7,0.7085356641847416,0.8988729820286323
active_mask_ae,0,25,1,test,0.8,0.6361281968274523,0.9197625106022052
active_mask_ae,0,25,1,test,0.85,0.4956296536095824,0.9455693446549096
active_mask_ae,0,25,1,test,0.9,0.4194453436926729,0.9632107023411371
active_mask_ae,0,25,1,test,0.95,0.2644868889608287,0.9730722154222766
active_mask_ae,0,25,1,run_test,0.0,1.0,0.7838671005309128
active_mask_ae,0,25,1,run_test,0.5,0.9268710395615688,0.8143015521064302
active_mask_ae,0,25,1,run_test,0.6,0.765713307073129,0.8821292775665399
active_mask_ae,0,25,1,run_test,0.7,0.7062853228292516,0.9056741028128033
active_mask_ae,0,25,1,run_test,0.8,0.6288748073300222,0.9180283224400873
active_mask_ae,0,25,1,run_test,0.85,0.4817605754410001,0.9363668681123356
active_mask_ae,0,25,1,run_test,0.9,0.4052063709539305,0.9585798816568049
active_mask_ae,0,25,1,run_test,0.95,0.2671690357938003,0.9717948717948718
active_mask_ae,0,25,2,test,0.0,1.0,0.7963742311427646
active_mask_ae,0,25,2,test,0.5,0.9548937088593936,0.8106000678042716
active_mask_ae,0,25,2,test,0.6,0.7765188302579044,0.8702056698165648
active_mask_ae,0,25,2,test,0.7,0.671522607100464,0.8989233488671059
active_mask_ae,0,25,2,test,0.8,0.6239343908492501,0.9116222760290555
active_mask_ae,0,25,2,test,0.85,0.4683284773928995,0.9433179723502304
active_mask_ae,0,25,2,test,0.9,0.3832955649077371,0.9527027027027029
active_mask_ae,0,25,2,test,0.95,0.2855292975072839,0.9754346182917611
active_mask_ae,0,25,2,run_test,0.0,1.0,0.8061311868470629
active_mask_ae,0,25,2,run_test,0.5,0.9542729919506764,0.8162239770279971
active_mask_ae,0,25,2,run_test,0.6,0.7816406918992979,0.8709465381244522
active_mask_ae,0,25,2,run_test,0.7,0.66963521150882,0.9076726342710998
active_mask_ae,0,25,2,run_test,0.8,0.6163726665524919,0.9144206724090024
active_mask_ae,0,25,2,run_test,0.85,0.4524747388251413,0.9428463285389856
active_mask_ae,0,25,2,run_test,0.9,0.3759205343380716,0.9476082004555808
active_mask_ae,0,25,2,run_test,0.95,0.2853228292515842,0.9675870348139256
active_mask_ae,0,37,0,test,0.0,1.0,0.8075968490342074
active_mask_ae,0,37,0,test,0.5,0.9483112118269128,0.8340919435593992
active_mask_ae,0,37,0,test,0.6,0.8037120966871695,0.878625134264232
active_mask_ae,0,37,0,test,0.7,0.7411244199848926,0.9044845661036692
active_mask_ae,0,37,0,test,0.8,0.6812344879680587,0.9217487723744654
active_mask_ae,0,37,0,test,0.85,0.5837919499298586,0.9349353049907578
active_mask_ae,0,37,0,test,0.9,0.4781482680479119,0.9537350485217784
active_mask_ae,0,37,0,test,0.95,0.2398834574295888,0.9725596041385516
active_mask_ae,0,37,0,run_test,0.0,1.0,0.810241479705429
active_mask_ae,0,37,0,run_test,0.5,0.9475937660558316,0.8328212542924273
active_mask_ae,0,37,0,run_test,0.6,0.803562253810584,0.8729752770673487
active_mask_ae,0,37,0,run_test,0.7,0.7335160130159274,0.8989026383376139
active_mask_ae,0,37,0,run_test,0.8,0.6752868641890735,0.921126046157748
active_mask_ae,0,37,0,run_test,0.85,0.5810926528515157,0.928087238432066
active_mask_ae,0,37,0,run_test,0.9,0.4735399897242678,0.9515370705244124
active_mask_ae,0,37,0,run_test,0.95,0.2442199006679226,0.9691444600280504
active_mask_ae,0,37,1,test,0.0,1.0,0.8087838566958023
active_mask_ae,0,37,1,test,0.5,0.9119456134671414,0.8501952431664892
active_mask_ae,0,37,1,test,0.6,0.9039602891982302,0.853288766861645
active_mask_ae,0,37,1,test,0.7,0.7777058379194993,0.8867767448314139
active_mask_ae,0,37,1,test,0.8,0.6463796266321356,0.920534223706177
active_mask_ae,0,37,1,test,0.85,0.5205568145030754,0.937396351575456
active_mask_ae,0,37,1,test,0.9,0.4346606237185713,0.9572989076464746
active_mask_ae,0,37,1,test,0.95,0.2761411460019424,0.9730363423212192
active_mask_ae,0,37,1,run_test,0.0,1.0,0.8114403151224525
active_mask_ae,0,37,1,run_test,0.5,0.9078609350916252,0.8492737219392568
active_mask_ae,0,37,1,run_test,0.6,0.9004966603870526,0.8531761125903385
active_mask_ae,0,37,1,run_test,0.7,0.7641719472512416,0.8845809054235769
active_mask_ae,0,37,1,run_test,0.8,0.6350402466175715,0.912621359223301
active_mask_ae,0,37,1,run_test,0.85,0.5028258263401267,0.9305177111716622
active_mask_ae,0,37,1,run_test,0.9,0.4214762801849632,0.9553027224705404
active_mask_ae,0,37,1,run_test,0.95,0.2735057372837814,0.9674389480275516
active_mask_ae,0,37,2,test,0.0,1.0,0.8161217222402072
active_mask_ae,0,37,2,test,0.5,0.9596417395057733,0.8351512425503205
active_mask_ae,0,37,2,test,0.6,0.9041761087730658,0.8520109798305286
active_mask_ae,0,37,2,test,0.7,0.7559080608611201,0.8856531049250536
active_mask_ae,0,37,2,test,0.8,0.6897593611740584,0.9084793491864832
active_mask_ae,0,37,2,test,0.85,0.5463472536959102,0.9318585818684576
active_mask_ae,0,37,2,test,0.9,0.4235459156145462,0.9589808917197452
active_mask_ae,0,37,2,test,0.95,0.2849897485701953,0.9765240439227564
active_mask_ae,0,37,2,run_test,0.0,1.0,0.8145230347662271
active_mask_ae,0,37,2,run_test,0.5,0.9558143517725638,0.8364092456549006
active_mask_ae,0,37,2,run_test,0.6,0.906148313067306,0.8552258552258553
active_mask_ae,0,37,2,run_test,0.7,0.7537249529028943,0.8945694160418087
active_mask_ae,0,37,2,run_test,0.8,0.68299366329851,0.9087261785356068
active_mask_ae,0,37,2,run_test,0.85,0.5350231203973284,0.9270166453265044
active_mask_ae,0,37,2,run_test,0.9,0.4115430724439116,0.9583853516437786
active_mask_ae,0,37,2,run_test,0.95,0.2872067134783353,0.9683959451401312
active_mask_ae,0,50,0,test,0.0,1.0,0.8120211503183339
active_mask_ae,0,50,0,test,0.5,0.9407575267076724,0.836200963523744
active_mask_ae,0,50,0,test,0.6,0.8516240423006367,0.8727825646224024
active_mask_ae,0,50,0,test,0.7,0.8059782022229416,0.8884723523898782
active_mask_ae,0,50,0,test,0.8,0.6812344879680587,0.9138286076350388
active_mask_ae,0,50,0,test,0.85,0.5301607855832524,0.9385304294728272
active_mask_ae,0,50,0,test,0.9,0.4159922304953059,0.961348897535668
active_mask_ae,0,50,0,test,0.95,0.2732275817416639,0.9743285939968404
active_mask_ae,0,50,0,run_test,0.0,1.0,0.8107552663127248
active_mask_ae,0,50,0,run_test,0.5,0.9390306559342352,0.8374977202261535
active_mask_ae,0,50,0,run_test,0.6,0.8520294570988183,0.8693467336683417
active_mask_ae,0,50,0,run_test,0.7,0.8039047782154478,0.8838943331913081
active_mask_ae,0,50,0,run_test,0.8,0.685220071930125,0.9037740564858784
active_mask_ae,0,50,0,run_test,0.85,0.5292002055146429,0.9271844660194176
active_mask_ae,0,50,0,run_test,0.9,0.4170234629217332,0.9523613963039016
active_mask_ae,0,50,0,run_test,0.95,0.2743620482959411,0.966916354556804
active_mask_ae,0,50,1,test,0.0,1.0,0.803927916262005
active_mask_ae,0,50,1,test,0.5,0.929426999028812,0.8368744920469059
active_mask_ae,0,50,1,test,0.6,0.8438545376065609,0.868925831202046
active_mask_ae,0,50,1,test,0.7,0.7436063450955002,0.9010303294151792
active_mask_ae,0,50,1,test,0.8,0.5926405524981115,0.9317188638018936
active_mask_ae,0,50,1,test,0.85,0.5400884860256825,0.9448551448551448
active_mask_ae,0,50,1,test,0.9,0.4553793029027733,0.9639810426540284
active_mask_ae,0,50,1,test,0.95,0.3420740261141685,0.9725552050473186
active_mask_ae,0,50,1,run_test,0.0,1.0,0.8056174002397671
active_mask_ae,0,50,1,run_test,0.5,0.9278986127761604,0.837578442229605
active_mask_ae,0,50,1,run_test,0.6,0.8443226579893818,0.8630831643002028
active_mask_ae,0,50,1,run_test,0.7,0.7333447508134955,0.8967772069126576
active_mask_ae,0,50,1,run_test,0.8,0.5939373180339099,0.92358708189158
active_mask_ae,0,50,1,run_test,0.85,0.5449563281383799,0.9355751099937146
active_mask_ae,0,50,1,run_test,0.9,0.4629217331734886,0.957824639289678
active_mask_ae,0,50,1,run_test,0.95,0.3553690700462408,0.9619277108433736
active_mask_ae,0,50,2,test,0.0,1.0,0.8063019315851948
active_mask_ae,0,50,2,test,0.5,0.947447933527571,0.8246013667425968
active_mask_ae,0,50,2,test,0.6,0.8588539980576239,0.8565146375172761
active_mask_ae,0,50,2,test,0.7,0.7752239128088918,0.8841870824053452
active_mask_ae,0,50,2,test,0.8,0.6898672709614762,0.9103707179727828
active_mask_ae,0,50,2,test,0.85,0.5207726340779109,0.9397016162453378
active_mask_ae,0,50,2,test,0.9,0.411352109636344,0.9551416579223504
active_mask_ae,0,50,2,test,0.95,0.3074349843530808,0.9694629694629696
active_mask_ae,0,50,2,run_test,0.0,1.0,0.8047610892276075
active_mask_ae,0,50,2,run_test,0.5,0.9450248330193526,0.8251177963030083
active_mask_ae,0,50,2,run_test,0.6,0.8539133413255694,0.8574007220216606
active_mask_ae,0,50,2,run_test,0.7,0.7720500085631101,0.8817657497781721
active_mask_ae,0,50,2,run_test,0.8,0.6816235656790546,0.9125628140703518
active_mask_ae,0,50,2,run_test,0.85,0.5166980647371126,0.9386808087504144
active_mask_ae,0,50,2,run_test,0.9,0.4077753039904093,0.9584208315833684
active_mask_ae,0,50,2,run_test,0.95,0.3091282753896215,0.9634349030470916
ae,2,3,0,test,0.0,1.0,0.7376713067875257
ae,2,3,0,test,0.5,1.0,0.7376713067875257
ae,2,3,0,test,0.6,1.0,0.7376713067875257
ae,2,3,0,test,0.7,0.7101543109960073,0.7792128855796991
ae,2,3,0,test,0.8,0.3703463904176108,0.8123543123543123
ae,2,3,0,test,0.85,0.0,
ae,2,3,0,test,0.9,0.0,
ae,2,3,0,test,0.95,0.0,
ae,2,3,0,run_test,0.0,1.0,0.7484158246275047
ae,2,3,0,run_test,0.5,1.0,0.7484158246275047
ae,2,3,0,run_test,0.6,1.0,0.7484158246275047
ae,2,3,0,run_test,0.7,0.6780270594279842,0.7782268249557969
ae,2,3,0,run_test,0.8,0.3428669292687104,0.7777222777222778
ae,2,3,0,run_test,0.85,0.0,
ae,2,3,0,run_test,0.9,0.0,
ae,2,3,0,run_test,0.95,0.0,
ae,2,3,1,test,0.0,1.0,0.7376713067875257
ae,2,3,1,test,0.5,1.0,0.7376713067875257
ae,2,3,1,test,0.6,1.0,0.7376713067875257
ae,2,3,1,test,0.7,0.710262220783425,0.7790945001519295
ae,2,3,1,test,0.8,0.3707780295672817,0.8116996507566938
ae,2,3,1,test,0.85,0.0,
ae,2,3,1,test,0.9,0.0,
ae,2,3,1,test,0.95,0.0,
ae,2,3,1,run_test,0.0,1.0,0.7489296112348005
ae,2,3,1,run_test,0.5,1.0,0.7489296112348005
ae,2,3,1,run_test,0.6,1.0,0.7489296112348005
ae,2,3,1,run_test,0.7,0.6780270594279842,0.7789845920687042
ae,2,3,1,run_test,0.8,0.3433807158760061,0.7780548628428927
ae,2,3,1,run_test,0.85,0.0,
ae,2,3,1,run_test,0.9,0.0,
ae,2,3,1,run_test,0.95,0.0,
ae,2,3,2,test,0.0,1.0,0.7378871263623611
ae,2,3,2,test,0.5,1.0,0.7378871263623611
ae,2,3,2,test,0.6,1.0,0.7378871263623611
ae,2,3,2,test,0.7,0.7099384914211719,0.7794497644018847
ae,2,3,2,test,0.8,0.3700226610553577,0.8130650335374745
ae,2,3,2,test,0.85,0.0,
ae,2,3,2,test,0.9,0.0,
ae,2,3,2,test,0.95,0.0,
ae,2,3,2,run_test,0.0,1.0,0.7482445624250728
ae,2,3,2,run_test,0.5,1.0,0.7482445624250728
ae,2,3,2,run_test,0.6,1.0,0.7482445624250728
ae,2,3,2,run_test,0.7,0.6778557972255523,0.7781707933299646
ae,2,3,2,run_test,0.8,0.3423531426614146,0.7778889444722361
ae,2,3,2,run_test,0.85,0.0,
ae,2,3,2,run_test,0.9,0.0,
ae,2,3,2,run_test,0.95,0.0,
ae,2,8,0,test,0.0,1.0,0.7443617136074242
ae,2,8,0,test,0.5,0.8638178482788389,0.7873828856964398
ae,2,8,0,test,0.6,0.6319197151181613,0.8768784153005464
ae,2,8,0,test,0.7,0.5140822272580123,0.9288413098236776
ae,2,8,0,test,0.8,0.5140822272580123,0.9288413098236776
ae,2,8,0,test,0.85,0.4060645300528758,0.9572149880414564
ae,2,8,0,test,0.9,0.4060645300528758,0.9572149880414564
ae,2,8,0,test,0.95,0.189921225855185,0.9806818181818182
ae,2,8,0,run_test,0.0,1.0,0.738825141291317
ae,2,8,0,run_test,0.5,0.8588799451960952,0.7724825523429711
ae,2,8,0,run_test,0.6,0.62065422161329,0.8639624724061811
ae,2,8,0,run_test,0.7,0.5055660215790375,0.924119241192412
ae,2,8,0,run_test,0.8,0.5055660215790375,0.924119241192412
ae,2,8,0,run_test,0.85,0.3834560712450762,0.9472979008485932
ae,2,8,0,run_test,0.9,0.3834560712450762,0.9472979008485932
ae,2,8,0,run_test,0.95,0.1859907518410686,0.98158379373849
ae,2,8,1,test,0.0,1.0,0.7464119995683608
ae,2,8,1,test,0.5,0.8375957699363332,0.811388817315125
ae,2,8,1,test,0.6,0.6744361713607424,0.88656
ae,2,8,1,test,0.7,0.6744361713607424,0.88656
ae,2,8,1,test,0.8,0.5332901694183663,0.9372723593686768
ae,2,8,1,test,0.85,0.5332901694183663,0.9372723593686768
ae,2,8,1,test,0.9,0.4172871479443185,0.9534522885958108
ae,2,8,1,test,0.95,0.2050285960936657,0.9715789473684212
ae,2,8,1,run_test,0.0,1.0,0.7379688302791574
ae,2,8,1,run_test,0.5,0.8299366329851002,0.7977713578208832
ae,2,8,1,run_test,0.6,0.6668950162699092,0.8705701078582434
ae,2,8,1,run_test,0.7,0.6668950162699092,0.8705701078582434
ae,2,8,1,run_test,0.8,0.5309128275389622,0.9290322580645162
ae,2,8,1,run_test,0.85,0.5309128275389622,0.9290322580645162
ae,2,8,1,run_test,0.9,0.3974995718444939,0.944851357173632
ae,2,8,1,run_test,0.95,0.2038020208939887,0.973109243697479
ae,2,8,2,test,0.0,1.0,0.7423114276464875
ae,2,8,2,test,0.5,0.7482464659544621,0.8412171906547448
ae,2,8,2,test,0.6,0.6662350275169958,0.8770651117589893
ae,2,8,2,test,0.7,0.5413834034746952,0.9282439705002988
ae,2,8,2,test,0.8,0.5413834034746952,0.9282439705002988
ae,2,8,2,test,0.85,0.5413834034746952,0.9282439705002988
ae,2,8,2,test,0.9,0.3203841588432071,0.961940047153924
ae,2,8,2,test,0.95,0.2008201143843746,0.9774314884470716
ae,2,8,2,run_test,0.0,1.0,0.7497859222469601
ae,2,8,2,run_test,0.5,0.7386538790888851,0.8363088337584048
ae,2,8,2,run_test,0.6,0.6547353998972427,0.8613654198273607
ae,2,8,2,run_test,0.7,0.533653022777873,0.9175224646983312
ae,2,8,2,run_test,0.8,0.533653022777873,0.9175224646983312
ae,2,8,2,run_test,0.85,0.533653022777873,0.9175224646983312
ae,2,8,2,run_test,0.9,0.3163212878917623,0.9496480779642664
ae,2,8,2,run_test,0.95,0.2007193012502141,0.9795221843003412
ae,2,15,0,test,0.0,1.0,0.7360526599762598
ae,2,15,0,test,0.5,0.9079529513326858,0.7642025196101735
ae,2,15,0,test,0.6,0.6623502751699579,0.8621700879765396
ae,2,15,0,test,0.7,0.5265997625984676,0.9192622950819672
ae,2,15,0,test,0.8,0.5265997625984676,0.9192622950819672
ae,2,15,0,test,0.85,0.4296967734973562,0.9510296333500752
ae,2,15,0,test,0.9,0.3971080176972051,0.9635869565217392
ae,2,15,0,test,0.95,0.3228660839538146,0.9705882352941176
ae,2,15,0,run_test,0.0,1.0,0.7439630073642747
ae,2,15,0,run_test,0.5,0.9094022949135124,0.7747645951035782
ae,2,15,0,run_test,0.6,0.6590169549580408,0.8487525987525988
ae,2,15,0,run_test,0.7,0.5146429183079294,0.9051580698835274
ae,2,15,0,run_test,0.8,0.5146429183079294,0.9051580698835274
ae,2,15,0,run_test,0.85,0.4183935605411885,0.9418747441670078
ae,2,15,0,run_test,0.9,0.3822572358280527,0.9516129032258064
ae,2,15,0,run_test,0.95,0.3185476965233773,0.956989247311828
ae,2,15,1,test,0.0,1.0,0.751375849789576
ae,2,15,1,test,0.5,0.776303010683069,0.8363914373088684
ae,2,15,1,test,0.6,0.6721700658249703,0.8802375983303901
ae,2,15,1,test,0.7,0.6109852163591237,0.9104556693747792
ae,2,15,1,test,0.8,0.5957699363332254,0.9161383807281288
ae,2,15,1,test,0.85,0.5124635804467466,0.9357759528321752
ae,2,15,1,test,0.9,0.3973238372720405,0.9600760456273764
ae,2,15,1,test,0.95,0.2224020718679184,0.9771955361475012
ae,2,15,1,run_test,0.0,1.0,0.7538962151053262
ae,2,15,1,run_test,0.5,0.7780441856482274,0.8415144177856042
ae,2,15,1,run_test,0.6,0.6814523034766227,0.8831364664488565
ae,2,15,1,run_test,0.7,0.6144887823257407,0.9099777034559644
ae,2,15,1,run_test,0.8,0.5956499400582291,0.9163312248418632
ae,2,15,1,run_test,0.85,0.5033396129474225,0.9244641034365432
ae,2,15,1,run_test,0.9,0.3884226751156019,0.9501763668430336
ae,2,15,1,run_test,0.95,0.2238396985785237,0.9671002295332825
ae,2,15,2,test,0.0,1.0,0.7654041221538793
ae,2,15,2,test,0.5,1.0,0.7654041221538793
ae,2,15,2,test,0.6,0.7023848063019316,0.8542018743278538
ae,2,15,2,test,0.7,0.6355886478903636,0.8775891341256367
ae,2,15,2,test,0.8,0.4403798424517103,0.948051948051948
ae,2,15,2,test,0.85,0.4403798424517103,0.948051948051948
ae,2,15,2,test,0.9,0.3804899104348764,0.9594441293250142
ae,2,15,2,test,0.95,0.1969353620373367,0.978082191780822
ae,2,15,2,run_test,0.0,1.0,0.7694810755266313
ae,2,15,2,run_test,0.5,1.0,0.7694810755266313
ae,2,15,2,run_test,0.6,0.7025175543757493,0.840565577766943
ae,2,15,2,run_test,0.7,0.6341839356054119,0.8620037807183365
ae,2,15,2,run_test,0.8,0.4392875492378832,0.938401559454191
ae,2,15,2,run_test,0.85,0.4392875492378832,0.938401559454191
ae,2,15,2,run_test,0.9,0.3718102414797054,0.9488714877936436
ae,2,15,2,run_test,0.95,0.1957526973796883,0.9650043744531932
ae,2,25,0,test,0.0,1.0,0.7920578396460559
ae,2,25,0,test,0.5,0.8994280781266861,0.8325134973005399
ae,2,25,0,test,0.6,0.8319844609906119,0.8577172503242542
ae,2,25,0,test,0.7,0.6792921117945397,0.9070691024622716
ae,2,25,0,test,0.8,0.6390417610877307,0.920128335021952
ae,2,25,0,test,0.85,0.5899428078126686,0.9292116334369857
ae,2,25,0,test,0.9,0.4814934714578612,0.9388166741371582
ae,2,25,0,test,0.95,0.2122585518506528,0.9689883070665988
ae,2,25,0,run_test,0.0,1.0,0.7845521493406405
ae,2,25,0,run_test,0.5,0.8980989895530056,0.830282227307399
ae,2,25,0,run_test,0.6,0.8328480904264429,0.8548221262595106
ae,2,25,0,run_test,0.7,0.6771707484158246,0.9076884167931208
ae,2,25,0,run_test,0.8,0.6331563623908203,0.91885312415472
ae,2,25,0,run_test,0.85,0.5887994519609522,0.923502036067481
ae,2,25,0,run_test,0.9,0.4838157218701832,0.9405309734513274
ae,2,25,0,run_test,0.95,0.2161328994690871,0.9532488114104596
ae,2,25,1,test,0.0,1.0,0.7846120643142332
ae,2,25,1,test,0.5,0.9514405956620264,0.8080979925144607
ae,2,25,1,test,0.6,0.7947555843314988,0.8677528852681602
ae,2,25,1,test,0.7,0.7691809647134995,0.8773849607182941
ae,2,25,1,test,0.8,0.564044458832416,0.9418404438492444
ae,2,25,1,test,0.85,0.564044458832416,0.9418404438492444
ae,2,25,1,test,0.9,0.4670335599438869,0.9574861367837338
ae,2,25,1,test,0.95,0.2909247868781698,0.9673590504451038
ae,2,25,1,run_test,0.0,1.0,0.7802705942798425
ae,2,25,1,run_test,0.5,0.9503339612947422,0.8023067219318796
ae,2,25,1,run_test,0.6,0.792258948450077,0.8648940769563338
ae,2,25,1,run_test,0.7,0.7653707826682651,0.8690982322667263
ae,2,25,1,run_test,0.8,0.5542044870697037,0.9375772558714462
ae,2,25,1,run_test,0.85,0.5542044870697037,0.9375772558714462
ae,2,25,1,run_test,0.9,0.4570988182908032,0.9542899962532784
ae,2,25,1,run_test,0.95,0.2959410858023634,0.957175925925926
ae,2,25,2,test,0.0,1.0,0.7930290277328154
ae,2,25,2,test,0.5,0.9116218841048884,0.8254024621212122
ae,2,25,2,test,0.6,0.8508686737887127,0.8403297400126823
ae,2,25,2,test,0.7,0.6165965253048451,0.912145607280364
ae,2,25,2,test,0.8,0.5292975072839107,0.9396534148827728
ae,2,25,2,test,0.85,0.5292975072839107,0.9396534148827728
ae,2,25,2,test,0.9,0.4572137692888745,0.953976870427189
ae,2,25,2,test,0.95,0.2311427646487536,0.9743230625583568
ae,2,25,2,run_test,0.0,1.0,0.792258948450077
ae,2,25,2,run_test,0.5,0.9076896728891932,0.8292452830188679
ae,2,25,2,run_test,0.6,0.8434663469772221,0.8448730964467005
ae,2,25,2,run_test,0.7,0.6132899469087173,0.9044959508517174
ae,2,25,2,run_test,0.8,0.5305703031340983,0.9364105874757908
ae,2,25,2,run_test,0.85,0.5305703031340983,0.9364105874757908
ae,2,25,2,run_test,0.9,0.4625792087686247,0.9474268789337282
ae,2,25,2,run_test,0.95,0.2438773762630587,0.9627808988764044
ae,2,37,0,test,0.0,1.0,0.7963742311427646
ae,2,37,0,test,0.5,0.8938167691809648,0.838585053724496
ae,2,37,0,test,0.6,0.7689651451386641,0.8873140611843952
ae,2,37,0,test,0.7,0.7288227042192726,0.9006514657980456
ae,2,37,0,test,0.8,0.6661271177295781,0.9152762028187268
ae,2,37,0,test,0.85,0.538361929426999,0.9352575666466224
ae,2,37,0,test,0.9,0.4345527139311536,0.9597715420908866
ae,2,37,0,test,0.95,0.2806733570734865,0.9673202614379084
ae,2,37,0,run_test,0.0,1.0,0.7917451618427813
ae,2,37,0,run_test,0.5,0.8955300565165268,0.8362975712373303
ae,2,37,0,run_test,0.6,0.779071758862819,0.8865684765882612
ae,2,37,0,run_test,0.7,0.7396814523034766,0.903912942810836
ae,2,37,0,run_test,0.8,0.6698064737112519,0.9169010483252366
ae,2,37,0,run_test,0.85,0.5374207912313752,0.9318036966220524
ae,2,37,0,run_test,0.9,0.4404863846549066,0.9533437013996888
ae,2,37,0,run_test,0.95,0.2832676828224011,0.9546553808948004
ae,2,37,1,test,0.0,1.0,0.7811589511168663
ae,2,37,1,test,0.5,0.8704003453113197,0.8514753285395488
ae,2,37,1,test,0.6,0.7918420200712205,0.8822567457072772
ae,2,37,1,test,0.7,0.7199741016510197,0.9120203836930456
ae,2,37,1,test,0.8,0.7014136182151721,0.916923076923077
ae,2,37,1,test,0.85,0.6420632351354267,0.93109243697479
ae,2,37,1,test,0.9,0.4352001726556598,0.9600793454004464
ae,2,37,1,test,0.95,0.2338405093341966,0.9672358098754038
ae,2,37,1,run_test,0.0,1.0,0.7812981674944339
ae,2,37,1,run_test,0.5,0.8693269395444425,0.8494877856579984
ae,2,37,1,run_test,0.6,0.796883027915739,0.8813668600902643
ae,2,37,1,run_test,0.7,0.7206713478335331,0.9120722433460076
ae,2,37,1,run_test,0.8,0.7049152252097962,0.9173955296404276
ae,2,37,1,run_test,0.85,0.6401781126905292,0.9299090422685928
ae,2,37,1,run_test,0.9,0.4391162870354513,0.953198127925117
ae,2,37,1,run_test,0.95,0.2353142661414625,0.9570596797671034
ae,2,37,2,test,0.0,1.0,0.8054386532858531
ae,2,37,2,test,0.5,0.8943563181180533,0.8461631274131274
ae,2,37,2,test,0.6,0.8249703248084601,0.8770438194898627
ae,2,37,2,test,0.7,0.791626200496385,0.8891766630316249
ae,2,37,2,test,0.8,0.6625660947447933,0.91742671009772
ae,2,37,2,test,0.85,0.6136829610445668,0.9275540706875328
ae,2,37,2,test,0.9,0.4118916585734326,0.9604401362326436
ae,2,37,2,test,0.95,0.2435523902017913,0.9760744350908286
ae,2,37,2,run_test,0.0,1.0,0.8083575954786778
ae,2,37,2,run_test,0.5,0.8915910258605926,0.8451786400307337
ae,2,37,2,run_test,0.6,0.8174344922075698,0.8774355751099937
ae,2,37,2,run_test,0.7,0.7782154478506593,0.8930457746478874
ae,2,37,2,run_test,0.8,0.6614146257920877,0.9210253754531332
ae,2,37,2,run_test,0.85,0.6165439287549238,0.9327777777777778
ae,2,37,2,run_test,0.9,0.4180510361363247,0.959852519459238
ae,2,37,2,run_test,0.95,0.2505566021579037,0.96514012303486
ae,2,50,0,test,0.0,1.0,0.8175245494766376
ae,2,50,0,test,0.5,0.9629869429157224,0.8304571940833707
ae,2,50,0,test,0.6,0.8456890039926621,0.8655097613882863
ae,2,50,0,test,0.7,0.7390741340239559,0.9027595269382392
ae,2,50,0,test,0.8,0.6614869968706162,0.9277324632952691
ae,2,50,0,test,0.85,0.580554656307327,0.937918215613383
ae,2,50,0,test,0.9,0.4732923276141146,0.9544003647970816
ae,2,50,0,test,0.95,0.3458508686737887,0.960374414976599
ae,2,50,0,run_test,0.0,1.0,0.8143517725637952
ae,2,50,0,run_test,0.5,0.9573557115944512,0.8313059033989266
ae,2,50,0,run_test,0.6,0.8376434320945367,0.863013698630137
ae,2,50,0,run_test,0.7,0.7386538790888851,0.901228843032692
ae,2,50,0,run_test,0.8,0.6655249186504538,0.9269171384457026
ae,2,50,0,run_test,0.85,0.5874293543414968,0.9370262390670554
ae,2,50,0,run_test,0.9,0.4892961123480048,0.9541477073853692
ae,2,50,0,run_test,0.95,0.3505737283781469,0.9531021006350756
ae,2,50,1,test,0.0,1.0,0.8202222941620805
ae,2,50,1,test,0.5,0.9064422143088378,0.8617857142857143
ae,2,50,1,test,0.6,0.8216251213985108,0.8941423693196743
ae,2,50,1,test,0.7,0.7783532966440057,0.9054484957715236
ae,2,50,1,test,0.8,0.691485917772742,0.925561797752809
ae,2,50,1,test,0.85,0.6000863278299342,0.93202661391836
ae,2,50,1,test,0.9,0.4571058595014567,0.9537299338999056
ae,2,50,1,test,0.95,0.2509981655336139,0.9634565778159933
ae,2,50,1,run_test,0.0,1.0,0.8122966261346121
ae,2,50,1,run_test,0.5,0.9138551121767426,0.8482008995502249
ae,2,50,1,run_test,0.6,0.8213735228635041,0.8815679733110926
ae,2,50,1,run_test,0.7,0.7754752526117485,0.8935512367491166
ae,2,50,1,run_test,0.8,0.6918992978249701,0.917821782178218
ae,2,50,1,run_test,0.85,0.6134612091111492,0.9235064209938582
ae,2,50,1,run_test,0.9,0.4714848432950848,0.9469669451507446
ae,2,50,1,run_test,0.95,0.2596334988867957,0.95844327176781
ae,2,50,2,test,0.0,1.0,0.8124527894680047
ae,2,50,2,test,0.5,0.900615085788281,0.85849508746705
ae,2,50,2,test,0.6,0.8400776950469407,0.8778420038535646
ae,2,50,2,test,0.7,0.7345419229524118,0.9117085353312766
ae,2,50,2,test,0.8,0.6746519909355778,0.9195457453614844
ae,2,50,2,test,0.85,0.5714902341642387,0.9331570996978852
ae,2,50,2,test,0.9,0.470055033991583,0.954315886134068
ae,2,50,2,test,0.95,0.2891982302794863,0.9615671641791044
ae,2,50,2,run_test,0.0,1.0,0.808015071073814
ae,2,50,2,run_test,0.5,0.9051207398527144,0.8484389782403028
ae,2,50,2,run_test,0.6,0.834731974653194,0.8732047599507591
ae,2,50,2,run_test,0.7,0.7323171775989039,0.9139382600561272
ae,2,50,2,run_test,0.8,0.6776845350231204,0.9196360879454132
ae,2,50,2,run_test,0.85,0.567049152252098,0.9278163696768348
ae,2,50,2,run_test,0.9,0.4762801849631786,0.95361380798274
ae,2,50,2,run_test,0.95,0.3007364274704572,0.9533029612756264
active_mask_ae,1,3,0,test,0.0,1.0,0.704543002050286
active_mask_ae,1,3,0,test,0.5,1.0,0.704543002050286
active_mask_ae,1,3,0,test,0.6,0.6374231142764649,0.8029456576942611
active_mask_ae,1,3,0,test,0.7,0.6374231142764649,0.8029456576942611
active_mask_ae,1,3,0,test,0.8,0.6374231142764649,0.8029456576942611
active_mask_ae,1,3,0,test,0.85,0.0,
active_mask_ae,1,3,0,test,0.9,0.0,
active_mask_ae,1,3,0,test,0.95,0.0,
active_mask_ae,1,3,0,run_test,0.0,1.0,0.7056002740195239
active_mask_ae,1,3,0,run_test,0.5,1.0,0.7056002740195239
active_mask_ae,1,3,0,run_test,0.6,0.6122623736941257,0.7865734265734265
active_mask_ae,1,3,0,run_test,0.7,0.6122623736941257,0.7865734265734265
active_mask_ae,1,3,0,run_test,0.8,0.6122623736941257,0.7865734265734265
active_mask_ae,1,3,0,run_test,0.85,0.0,
active_mask_ae,1,3,0,run_test,0.9,0.0,
active_mask_ae,1,3,0,run_test,0.95,0.0,
active_mask_ae,1,3,1,test,0.0,1.0,0.7046509118377037
active_mask_ae,1,3,1,test,0.5,1.0,0.7046509118377037
active_mask_ae,1,3,1,test,0.6,0.6375310240638826,0.8029790115098172
active_mask_ae,1,3,1,test,0.7,0.6375310240638826,0.8029790115098172
active_mask_ae,1,3,1,test,0.8,0.6375310240638826,0.8029790115098172
active_mask_ae,1,3,1,test,0.85,0.0,
active_mask_ae,1,3,1,test,0.9,0.0,
active_mask_ae,1,3,1,test,0.95,0.0,
active_mask_ae,1,3,1,run_test,0.0,1.0,0.7054290118170919
active_mask_ae,1,3,1,run_test,0.5,1.0,0.7054290118170919
active_mask_ae,1,3,1,run_test,0.6,0.6120911114916938,0.7865137101287073
active_mask_ae,1,3,1,run_test,0.7,0.6120911114916938,0.7865137101287073
active_mask_ae,1,3,1,run_test,0.8,0.6120911114916938,0.7865137101287073
active_mask_ae,1,3,1,run_test,0.85,0.0,
active_mask_ae,1,3,1,run_test,0.9,0.0,
active_mask_ae,1,3,1,run_test,0.95,0.0,
active_mask_ae,1,3,2,test,0.0,1.0,0.7044350922628683
active_mask_ae,1,3,2,test,0.5,1.0,0.7044350922628683
active_mask_ae,1,3,2,test,0.6,0.6354807381029459,0.8021735438953982
active_mask_ae,1,3,2,test,0.7,0.6354807381029459,0.8021735438953982
active_mask_ae,1,3,2,test,0.8,0.3339807920578396,0.8135702746365105
active_mask_ae,1,3,2,test,0.85,0.0,
active_mask_ae,1,3,2,test,0.9,0.0,
active_mask_ae,1,3,2,test,0.95,0.0,
active_mask_ae,1,3,2,run_test,0.0,1.0,0.7013187189587258
active_mask_ae,1,3,2,run_test,0.5,1.0,0.7013187189587258
active_mask_ae,1,3,2,run_test,0.6,0.609350916252783,0.7847105115233277
active_mask_ae,1,3,2,run_test,0.7,0.609350916252783,0.7847105115233277
active_mask_ae,1,3,2,run_test,0.8,0.3163212878917623,0.7579859231185706
active_mask_ae,1,3,2,run_test,0.85,0.0,
active_mask_ae,1,3,2,run_test,0.9,0.0,
active_mask_ae,1,3,2,run_test,0.95,0.0,
active_mask_ae,1,8,0,test,0.0,1.0,0.7220243876119564
active_mask_ae,1,8,0,test,0.5,1.0,0.7220243876119564
active_mask_ae,1,8,0,test,0.6,0.772849897485702,0.7841385087964255
active_mask_ae,1,8,0,test,0.7,0.3835113844825725,0.918964546989308
active_mask_ae,1,8,0,test,0.8,0.3353836192942699,0.9494851994851996
active_mask_ae,1,8,0,test,0.85,0.3353836192942699,0.9494851994851996
active_mask_ae,1,8,0,test,0.9,0.3353836192942699,0.9494851994851996
active_mask_ae,1,8,0,test,0.95,0.1199956836085033,0.97931654676259
active_mask_ae,1,8,0,run_test,0.0,1.0,0.7244391162870355
active_mask_ae,1,8,0,run_test,0.5,1.0,0.7244391162870355
active_mask_ae,1,8,0,run_test,0.6,0.765542044870697,0.778076062639821
active_mask_ae,1,8,0,run_test,0.7,0.3676999486213392,0.9063809967396368
active_mask_ae,1,8,0,run_test,0.8,0.3164925500941942,0.9377705627705628
active_mask_ae,1,8,0,run_test,0.85,0.3164925500941942,0.9377705627705628
active_mask_ae,1,8,0,run_test,0.9,0.3164925500941942,0.9377705627705628
active_mask_ae,1,8,0,run_test,0.95,0.1176571330707312,0.9796215429403202
active_mask_ae,1,8,1,test,0.0,1.0,0.7160893493039818
active_mask_ae,1,8,1,test,0.5,1.0,0.7160893493039818
active_mask_ae,1,8,1,test,0.6,0.7768425596201576,0.7646895402139186
active_mask_ae,1,8,1,test,0.7,0.3994820330203949,0.87817396002161
active_mask_ae,1,8,1,test,0.8,0.3994820330203949,0.87817396002161
active_mask_ae,1,8,1,test,0.85,0.2113952735513111,0.933129147524247
active_mask_ae,1,8,1,test,0.9,0.2113952735513111,0.933129147524247
active_mask_ae,1,8,1,test,0.95,0.0,
active_mask_ae,1,8,1,run_test,0.0,1.0,0.7189587258092139
active_mask_ae,1,8,1,run_test,0.5,1.0,0.7189587258092139
active_mask_ae,1,8,1,run_test,0.6,0.7583490323685562,0.7637759710930443
active_mask_ae,1,8,1,run_test,0.7,0.3757492721356397,0.8787602552415679
active_mask_ae,1,8,1,run_test,0.8,0.3757492721356397,0.8787602552415679
active_mask_ae,1,8,1,run_test,0.85,0.194040075355369,0.912621359223301
active_mask_ae,1,8,1,run_test,0.9,0.194040075355369,0.912621359223301
active_mask_ae,1,8,1,run_test,0.95,0.0,
active_mask_ae,1,8,2,test,0.0,1.0,0.7205136505881083
active_mask_ae,1,8,2,test,0.5,1.0,0.7205136505881083
active_mask_ae,1,8,2,test,0.6,0.7821301392036257,0.7740066225165563
active_mask_ae,1,8,2,test,0.7,0.3980792057839646,0.8896719978313906
active_mask_ae,1,8,2,test,0.8,0.3484407035718139,0.9151440074326416
active_mask_ae,1,8,2,test,0.85,0.3484407035718139,0.9151440074326416
active_mask_ae,1,8,2,test,0.9,0.2147404769612604,0.9341708542713568
active_mask_ae,1,8,2,test,0.95,0.0,
active_mask_ae,1,8,2,run_test,0.0,1.0,0.7230690186675801
active_mask_ae,1,8,2,run_test,0.5,1.0,0.7230690186675801
active_mask_ae,1,8,2,run_test,0.6,0.7698235999314951,0.7699666295884315
active_mask_ae,1,8,2,run_test,0.7,0.377119369755095,0.8869209809264306
active_mask_ae,1,8,2,run_test,0.8,0.3236855625963349,0.9148148148148147
active_mask_ae,1,8,2,run_test,0.85,0.3236855625963349,0.9148148148148147
active_mask_ae,1,8,2,run_test,0.9,0.1983216304161671,0.9127806563039724
active_mask_ae,1,8,2,run_test,0.95,0.0,
active_mask_ae,1,15,0,test,0.0,1.0,0.7402611416855509
active_mask_ae,1,15,0,test,0.5,0.9227365922089134,0.7613144661443106
active_mask_ae,1,15,0,test,0.6,0.759792813208158,0.8172134639965913
active_mask_ae,1,15,0,test,0.7,0.5393331175137585,0.894157663065226
active_mask_ae,1,15,0,test,0.8,0.4578612280133808,0.9344803205279284
active_mask_ae,1,15,0,test,0.85,0.4228984568900399,0.9436080632814492
active_mask_ae,1,15,0,test,0.9,0.3715333980792057,0.9575951205344176
active_mask_ae,1,15,0,test,0.95,0.182259630948527,0.9834221432800474
active_mask_ae,1,15,0,run_test,0.0,1.0,0.743277958554547
active_mask_ae,1,15,0,run_test,0.5,0.9260147285494092,0.7656741261327908
active_mask_ae,1,15,0,run_test,0.6,0.7675971912998801,0.8005354752342704
active_mask_ae,1,15,0,run_test,0.7,0.5249186504538448,0.8851549755301794
active_mask_ae,1,15,0,run_test,0.8,0.4360335673916766,0.9230164964650432
active_mask_ae,1,15,0,run_test,0.85,0.401781126905292,0.9335038363171356
active_mask_ae,1,15,0,run_test,0.9,0.3531426614146258,0.9515033947623668
active_mask_ae,1,15,0,run_test,0.95,0.1811954101729748,0.9810964083175804
active_mask_ae,1,15,1,test,0.0,1.0,0.7418797884968167
active_mask_ae,1,15,1,test,0.5,0.9233840509334196,0.7632347785438822
active_mask_ae,1,15,1,test,0.6,0.726772418258336,0.8243504083147736
active_mask_ae,1,15,1,test,0.7,0.5422466817740369,0.900497512437811
active_mask_ae,1,15,1,test,0.8,0.5063127225639366,0.9166666666666666
active_mask_ae,1,15,1,test,0.85,0.4505233624689759,0.9353293413173652
active_mask_ae,1,15,1,test,0.9,0.3992662134455595,0.947027027027027
active_mask_ae,1,15,1,test,0.95,0.1870076615949066,0.9705712637045586
active_mask_ae,1,15,1,run_test,0.0,1.0,0.743449220756979
active_mask_ae,1,15,1,run_test,0.5,0.9266997773591368,0.7660321567177971
active_mask_ae,1,15,1,run_test,0.6,0.7285494091454016,0.807945463093559
active_mask_ae,1,15,1,run_test,0.7,0.5329679739681452,0.8856041131105399
active_mask_ae,1,15,1,run_test,0.8,0.491179996574756,0.900976290097629
active_mask_ae,1,15,1,run_test,0.85,0.4276417194725124,0.920704845814978
active_mask_ae,1,15,1,run_test,0.9,0.3793457783867101,0.9354401805869076
active_mask_ae,1,15,1,run_test,0.95,0.1863332762459325,0.9586397058823528
active_mask_ae,1,15,2,test,0.0,1.0,0.7586058055465631
active_mask_ae,1,15,2,test,0.5,0.845365274630409,0.809292826142456
active_mask_ae,1,15,2,test,0.6,0.7761951008956512,0.8355345474767135
active_mask_ae,1,15,2,test,0.7,0.7251537714470703,0.8492559523809524
active_mask_ae,1,15,2,test,0.8,0.4814934714578612,0.9314208874943972
active_mask_ae,1,15,2,test,0.85,0.434768533505989,0.9421692727724
active_mask_ae,1,15,2,test,0.9,0.3804899104348764,0.9585933068633012
active_mask_ae,1,15,2,test,0.95,0.1197798640336678,0.9891891891891892
active_mask_ae,1,15,2,run_test,0.0,1.0,0.7691385511217674
active_mask_ae,1,15,2,run_test,0.5,0.8494605240623394,0.8131048387096774
active_mask_ae,1,15,2,run_test,0.6,0.7771878746360679,0.8345085940943147
active_mask_ae,1,15,2,run_test,0.7,0.7234115430724439,0.8432765151515151
active_mask_ae,1,15,2,run_test,0.8,0.4536735742421647,0.9233673084182712
active_mask_ae,1,15,2,run_test,0.85,0.4103442370268881,0.9332220367278798
active_mask_ae,1,15,2,run_test,0.9,0.3599931495119027,0.9514747859181732
active_mask_ae,1,15,2,run_test,0.95,0.1162870354512759,0.9808541973490428
active_mask_ae,1,25,0,test,0.0,1.0,0.7601165425704112
active_mask_ae,1,25,0,test,0.5,0.9115139743174706,0.7892742985675387
active_mask_ae,1,25,0,test,0.6,0.7464119995683608,0.8493566575104814
active_mask_ae,1,25,0,test,0.7,0.7120966871695262,0.861039551447189
active_mask_ae,1,25,0,test,0.8,0.4749109744253804,0.9375142013178824
active_mask_ae,1,25,0,test,0.85,0.412107478148268,0.956533123854412
active_mask_ae,1,25,0,test,0.9,0.412107478148268,0.956533123854412
active_mask_ae,1,25,0,test,0.95,0.2257472752778677,0.9746653919694072
active_mask_ae,1,25,0,run_test,0.0,1.0,0.7672546668950163
active_mask_ae,1,25,0,run_test,0.5,0.9087172461037848,0.7911797964568413
active_mask_ae,1,25,0,run_test,0.6,0.7419078609350916,0.8483379501385041
active_mask_ae,1,25,0,run_test,0.7,0.7057715362219558,0.8531909730647901
active_mask_ae,1,25,0,run_test,0.8,0.4660044528172632,0.934215361999265
active_mask_ae,1,25,0,run_test,0.85,0.4043500599417708,0.9495976281236764
active_mask_ae,1,25,0,run_test,0.9,0.4043500599417708,0.9495976281236764
active_mask_ae,1,25,0,run_test,0.95,0.2282925158417537,0.970742685671418
active_mask_ae,1,25,1,test,0.0,1.0,0.7658357613035502
active_mask_ae,1,25,1,test,0.5,0.9383835113844826,0.781623735050598
active_mask_ae,1,25,1,test,0.6,0.7287147944318549,0.8618391825855175
active_mask_ae,1,25,1,test,0.7,0.6617028164454516,0.8783431180691454
active_mask_ae,1,25,1,test,0.8,0.5412754936872775,0.9192583732057416
active_mask_ae,1,25,1,test,0.85,0.4471781590590266,0.9387065637065636
active_mask_ae,1,25,1,test,0.9,0.3750944210639905,0.9522439585730724
active_mask_ae,1,25,1,test,0.95,0.2261789144275385,0.9723282442748092
active_mask_ae,1,25,1,run_test,0.0,1.0,0.7699948621339271
active_mask_ae,1,25,1,run_test,0.5,0.9325226922418224,0.7814508723599632
active_mask_ae,1,25,1,run_test,0.6,0.7278643603356739,0.856
active_mask_ae,1,25,1,run_test,0.7,0.658503168350745,0.8782834850455137
active_mask_ae,1,25,1,run_test,0.8,0.5262887480733002,0.9150667100553206
active_mask_ae,1,25,1,run_test,0.85,0.4279842438773762,0.9299719887955182
active_mask_ae,1,25,1,run_test,0.9,0.3541702346292173,0.9366537717601549
active_mask_ae,1,25,1,run_test,0.95,0.2161328994690871,0.9556259904912836
active_mask_ae,1,25,2,test,0.0,1.0,0.7730657170605374
active_mask_ae,1,25,2,test,0.5,1.0,0.7730657170605374
active_mask_ae,1,25,2,test,0.6,0.7619510089565124,0.8554029174337913
active_mask_ae,1,25,2,test,0.7,0.6091507499730225,0.9055801594331266
active_mask_ae,1,25,2,test,0.8,0.5350167260170497,0.9245663574021784
active_mask_ae,1,25,2,test,0.85,0.4772849897485702,0.942346823423016
active_mask_ae,1,25,2,test,0.9,0.4565663105643682,0.9454029780193808
active_mask_ae,1,25,2,test,0.95,0.220243876119564,0.975502204801568
active_mask_ae,1,25,2,run_test,0.0,1.0,0.7648569960609694
active_mask_ae,1,25,2,run_test,0.5,1.0,0.7648569960609694
active_mask_ae,1,25,2,run_test,0.6,0.763486898441514,0.8407357559443697
active_mask_ae,1,25,2,run_test,0.7,0.600445281726323,0.892470051340559
active_mask_ae,1,25,2,run_test,0.8,0.5262887480733002,0.9173446143833388
active_mask_ae,1,25,2,run_test,0.85,0.4660044528172632,0.9338478500551268
active_mask_ae,1,25,2,run_test,0.9,0.4423702688816578,0.9357336430507164
active_mask_ae,1,25,2,run_test,0.95,0.2216132899469087,0.9721792890262752
active_mask_ae,1,37,0,test,0.0,1.0,0.7976691485917773
active_mask_ae,1,37,0,test,0.5,0.978525952303874,0.8072342302602559
active_mask_ae,1,37,0,test,0.6,0.8236754073594476,0.8564129437966723
active_mask_ae,1,37,0,test,0.7,0.7719866191863602,0.8755940732457367
active_mask_ae,1,37,0,test,0.8,0.5883241610014028,0.9165443873807776
active_mask_ae,1,37,0,test,0.85,0.5562749541383404,0.9274490785645004
active_mask_ae,1,37,0,test,0.9,0.4261357505125714,0.9556849835401368
active_mask_ae,1,37,0,test,0.95,0.2316823135858422,0.9697251979506288
active_mask_ae,1,37,0,run_test,0.0,1.0,0.8001370097619456
active_mask_ae,1,37,0,run_test,0.5,0.978078438088714,0.8068639467693924
active_mask_ae,1,37,0,run_test,0.6,0.816920705600274,0.8580712788259958
active_mask_ae,1,37,0,run_test,0.7,0.7711936975509505,0.8694203864090606
active_mask_ae,1,37,0,run_test,0.8,0.5747559513615345,0.9159713945172824
active_mask_ae,1,37,0,run_test,0.85,0.5411885596848776,0.9231012658227848
active_mask_ae,1,37,0,run_test,0.9,0.4182222983387566,0.9553644553644554
active_mask_ae,1,37,0,run_test,0.95,0.2267511560198664,0.964501510574018
active_mask_ae,1,37,1,test,0.0,1.0,0.8001510737023848
active_mask_ae,1,37,1,test,0.5,0.8885291895974965,0.8401748846247268
active_mask_ae,1,37,1,test,0.6,0.8780619402179778,0.8450288804227603
active_mask_ae,1,37,1,test,0.7,0.7389662242365382,0.8872663551401869
active_mask_ae,1,37,1,test,0.8,0.6599762598467681,0.908600392413342
active_mask_ae,1,37,1,test,0.85,0.4878601489155066,0.940278699402787
active_mask_ae,1,37,1,test,0.9,0.432070788820546,0.9522977022977024
active_mask_ae,1,37,1,test,0.95,0.2876874932556383,0.9681170292573144
active_mask_ae,1,37,1,run_test,0.0,1.0,0.8051036136324713
active_mask_ae,1,37,1,run_test,0.5,0.8830279157389964,0.8423196276183088
active_mask_ae,1,37,1,run_test,0.6,0.8720671347833533,0.8456402199528672
active_mask_ae,1,37,1,run_test,0.7,0.7271793115259462,0.8796514366462553
active_mask_ae,1,37,1,run_test,0.8,0.6442884055488953,0.900053163211058
active_mask_ae,1,37,1,run_test,0.85,0.4749100873437232,0.9300396682293544
active_mask_ae,1,37,1,run_test,0.9,0.4223325911971228,0.9452554744525548
active_mask_ae,1,37,1,run_test,0.95,0.2783010789518753,0.9624615384615384
active_mask_ae,1,37,2,test,0.0,1.0,0.7713391604618539
active_mask_ae,1,37,2,test,0.5,0.9035286500485594,0.8044906246267766
active_mask_ae,1,37,2,test,0.6,0.7047588216251214,0.8859286479865258
active_mask_ae,1,37,2,test,0.7,0.6621344555951225,0.9007496740547588
active_mask_ae,1,37,2,test,0.8,0.6215603755260602,0.9161458333333332
active_mask_ae,1,37,2,test,0.85,0.5098737455487212,0.942010582010582
active_mask_ae,1,37,2,test,0.9,0.4821409301823675,0.9478513876454788
active_mask_ae,1,37,2,test,0.95,0.2777597928132082,0.9685314685314684
active_mask_ae,1,37,2,run_test,0.0,1.0,0.7732488439801336
active_mask_ae,1,37,2,run_test,0.5,0.9068333618770338,0.807176581680831
active_mask_ae,1,37,2,run_test,0.6,0.6999486213392704,0.8781502324443357
active_mask_ae,1,37,2,run_test,0.7,0.6531940400753554,0.8969585736759308
active_mask_ae,1,37,2,run_test,0.8,0.6110635382771022,0.906670403587444
active_mask_ae,1,37,2,run_test,0.85,0.5005994177085117,0.9336298323640096
active_mask_ae,1,37,2,run_test,0.9,0.4718273676999486,0.94010889292196
active_mask_ae,1,37,2,run_test,0.95,0.2844665182394245,0.9620710415412402
active_mask_ae,1,50,0,test,0.0,1.0,0.8100787741448149
active_mask_ae,1,50,0,test,0.5,0.9400021581957484,0.8345769716450465
active_mask_ae,1,50,0,test,0.6,0.8624150210424085,0.8561061061061062
active_mask_ae,1,50,0,test,0.7,0.7640012949174491,0.8903954802259887
active_mask_ae,1,50,0,test,0.8,0.6873853458508686,0.9100470957613814
active_mask_ae,1,50,0,test,0.85,0.5337218085680371,0.9353012535382128
active_mask_ae,1,50,0,test,0.9,0.4230063666774576,0.9553571428571428
active_mask_ae,1,50,0,test,0.95,0.2723643034423222,0.9730586370839936
active_mask_ae,1,50,0,run_test,0.0,1.0,0.8131529371467717
active_mask_ae,1,50,0,run_test,0.5,0.9356054118855968,0.8392824455427421
active_mask_ae,1,50,0,run_test,0.6,0.864017811269053,0.8555004955401387
active_mask_ae,1,50,0,run_test,0.7,0.7559513615345094,0.8837788853647486
active_mask_ae,1,50,0,run_test,0.8,0.6754581263915054,0.9023833671399596
active_mask_ae,1,50,0,run_test,0.85,0.5250899126562768,0.9275929549902152
active_mask_ae,1,50,0,run_test,0.9,0.4077753039904093,0.9525409491810164
active_mask_ae,1,50,0,run_test,0.95,0.2598047610892276,0.963744232036915
active_mask_ae,1,50,1,test,0.0,1.0,0.7986403366785367
active_mask_ae,1,50,1,test,0.5,0.9095715981439516,0.832483094079962
active_mask_ae,1,50,1,test,0.6,0.851516132513219,0.8503358256241288
active_mask_ae,1,50,1,test,0.7,0.7573108880975504,0.8740381875178114
active_mask_ae,1,50,1,test,0.8,0.6061292759253264,0.9173936264910094
active_mask_ae,1,50,1,test,0.85,0.508470918312291,0.9376061120543294
active_mask_ae,1,50,1,test,0.9,0.4468544296967734,0.952185462448684
active_mask_ae,1,50,1,test,0.95,0.2544512787309809,0.9732824427480916
active_mask_ae,1,50,1,run_test,0.0,1.0,0.7951704058914197
active_mask_ae,1,50,1,run_test,0.5,0.9011817091967804,0.8333333333333334
active_mask_ae,1,50,1,run_test,0.6,0.8381572187018325,0.8573763792398855
active_mask_ae,1,50,1,run_test,0.7,0.7431066963521151,0.8808481216870246
active_mask_ae,1,50,1,run_test,0.8,0.5867443055317692,0.914185639229422
active_mask_ae,1,50,1,run_test,0.85,0.4985442712793286,0.9336997595328066
active_mask_ae,1,50,1,run_test,0.9,0.4360335673916766,0.9512961508248232
active_mask_ae,1,50,1,run_test,0.95,0.2508991265627676,0.967235494880546
active_mask_ae,1,50,2,test,0.0,1.0,0.8000431639149671
active_mask_ae,1,50,2,test,0.5,0.9269450739182044,0.8339930151338766
active_mask_ae,1,50,2,test,0.6,0.8225963094852703,0.8732782369146006
active_mask_ae,1,50,2,test,0.7,0.7841804251645624,0.8848217971652677
active_mask_ae,1,50,2,test,0.8,0.6819898564799828,0.9064873417721518
active_mask_ae,1,50,2,test,0.85,0.5991151397431747,0.917507204610951
active_mask_ae,1,50,2,test,0.9,0.4553793029027733,0.9497630331753556
active_mask_ae,1,50,2,test,0.95,0.2508902557461961,0.9750537634408604
active_mask_ae,1,50,2,run_test,0.0,1.0,0.7926014728549409
active_mask_ae,1,50,2,run_test,0.5,0.9273848261688644,0.8280701754385965
active_mask_ae,1,50,2,run_test,0.6,0.8167494433978421,0.8685258964143426
active_mask_ae,1,50,2,run_test,0.7,0.774618941599589,0.8837055051956666
active_mask_ae,1,50,2,run_test,0.8,0.667408802877205,0.9006928406466512
active_mask_ae,1,50,2,run_test,0.85,0.5935947936290461,0.9105597230236584
active_mask_ae,1,50,2,run_test,0.9,0.4495632813837986,0.9478095238095238
active_mask_ae,1,50,2,run_test,0.95,0.2493577667408802,0.9697802197802198
endpoint,-1,3,0,test,0.0,1.0,0.6820977662674005
endpoint,-1,3,0,test,0.5,0.5453760656091508,0.8636723387415908
endpoint,-1,3,0,test,0.6,0.5453760656091508,0.8636723387415908
endpoint,-1,3,0,test,0.7,0.5453760656091508,0.8636723387415908
endpoint,-1,3,0,test,0.8,0.2827236430344232,0.9488549618320612
endpoint,-1,3,0,test,0.85,0.2827236430344232,0.9488549618320612
endpoint,-1,3,0,test,0.9,0.2827236430344232,0.9488549618320612
endpoint,-1,3,0,test,0.95,0.0,
endpoint,-1,3,0,run_test,0.0,1.0,0.6408631615002569
endpoint,-1,3,0,run_test,0.5,0.5430724439116287,0.8495742667928098
endpoint,-1,3,0,run_test,0.6,0.5430724439116287,0.8495742667928098
endpoint,-1,3,0,run_test,0.7,0.5430724439116287,0.8495742667928098
endpoint,-1,3,0,run_test,0.8,0.2853228292515842,0.9615846338535414
endpoint,-1,3,0,run_test,0.85,0.2853228292515842,0.9615846338535414
endpoint,-1,3,0,run_test,0.9,0.2853228292515842,0.9615846338535414
endpoint,-1,3,0,run_test,0.95,0.0,
endpoint,-1,3,1,test,0.0,1.0,0.6820977662674005
endpoint,-1,3,1,test,0.5,0.5453760656091508,0.8636723387415908
endpoint,-1,3,1,test,0.6,0.5453760656091508,0.8636723387415908
endpoint,-1,3,1,test,0.7,0.5453760656091508,0.8636723387415908
endpoint,-1,3,1,test,0.8,0.2827236430344232,0.9488549618320612
endpoint,-1,3,1,test,0.85,0.2827236430344232,0.9488549618320612
endpoint,-1,3,1,test,0.9,0.2827236430344232,0.9488549618320612
endpoint,-1,3,1,test,0.95,0.0,
endpoint,-1,3,1,run_test,0.0,1.0,0.6408631615002569
endpoint,-1,3,1,run_test,0.5,0.5430724439116287,0.8495742667928098
endpoint,-1,3,1,run_test,0.6,0.5430724439116287,0.8495742667928098
endpoint,-1,3,1,run_test,0.7,0.5430724439116287,0.8495742667928098
endpoint,-1,3,1,run_test,0.8,0.2853228292515842,0.9615846338535414
endpoint,-1,3,1,run_test,0.85,0.2853228292515842,0.9615846338535414
endpoint,-1,3,1,run_test,0.9,0.2853228292515842,0.9615846338535414
endpoint,-1,3,1,run_test,0.95,0.0,
endpoint,-1,3,2,test,0.0,1.0,0.6820977662674005
endpoint,-1,3,2,test,0.5,0.5453760656091508,0.8636723387415908
endpoint,-1,3,2,test,0.6,0.5453760656091508,0.8636723387415908
endpoint,-1,3,2,test,0.7,0.5453760656091508,0.8636723387415908
endpoint,-1,3,2,test,0.8,0.2827236430344232,0.9488549618320612
endpoint,-1,3,2,test,0.85,0.2827236430344232,0.9488549618320612
endpoint,-1,3,2,test,0.9,0.2827236430344232,0.9488549618320612
endpoint,-1,3,2,test,0.95,0.0,
endpoint,-1,3,2,run_test,0.0,1.0,0.6408631615002569
endpoint,-1,3,2,run_test,0.5,0.5430724439116287,0.8495742667928098
endpoint,-1,3,2,run_test,0.6,0.5430724439116287,0.8495742667928098
endpoint,-1,3,2,run_test,0.7,0.5430724439116287,0.8495742667928098
endpoint,-1,3,2,run_test,0.8,0.2853228292515842,0.9615846338535414
endpoint,-1,3,2,run_test,0.85,0.2853228292515842,0.9615846338535414
endpoint,-1,3,2,run_test,0.9,0.2853228292515842,0.9615846338535414
endpoint,-1,3,2,run_test,0.95,0.0,
endpoint,-1,8,0,test,0.0,1.0,0.8239991367217007
endpoint,-1,8,0,test,0.5,1.0,0.8239991367217007
endpoint,-1,8,0,test,0.6,0.8245386856587893,0.8941238057845832
endpoint,-1,8,0,test,0.7,0.8245386856587893,0.8941238057845832
endpoint,-1,8,0,test,0.8,0.8245386856587893,0.8941238057845832
endpoint,-1,8,0,test,0.85,0.7538577749001835,0.9035213283710276
endpoint,-1,8,0,test,0.9,0.4387611956404446,0.9542547958681752
endpoint,-1,8,0,test,0.95,0.2711772957807273,0.9641862315957024
endpoint,-1,8,0,run_test,0.0,1.0,0.8295941085802363
endpoint,-1,8,0,run_test,0.5,1.0,0.8295941085802363
endpoint,-1,8,0,run_test,0.6,0.8097276930981332,0.8898054145516074
endpoint,-1,8,0,run_test,0.7,0.8097276930981332,0.8898054145516074
endpoint,-1,8,0,run_test,0.8,0.8097276930981332,0.8898054145516074
endpoint,-1,8,0,run_test,0.85,0.7396814523034766,0.8967353554063441
endpoint,-1,8,0,run_test,0.9,0.4348347319746532,0.9570697124852304
endpoint,-1,8,0,run_test,0.95,0.2586059256722041,0.9576158940397352
endpoint,-1,8,1,test,0.0,1.0,0.8492500269774469
endpoint,-1,8,1,test,0.5,1.0,0.8492500269774469
endpoint,-1,8,1,test,0.6,1.0,0.8492500269774469
endpoint,-1,8,1,test,0.7,0.9093557785691162,0.8704165183339266
endpoint,-1,8,1,test,0.8,0.8001510737023848,0.8904922454484153
endpoint,-1,8,1,test,0.85,0.4223589079529513,0.9489013796627492
endpoint,-1,8,1,test,0.9,0.4223589079529513,0.9489013796627492
endpoint,-1,8,1,test,0.95,0.1686629977338944,0.9910428662827896
endpoint,-1,8,1,run_test,0.0,1.0,0.8429525603699264
endpoint,-1,8,1,run_test,0.5,1.0,0.8429525603699264
endpoint,-1,8,1,run_test,0.6,1.0,0.8429525603699264
endpoint,-1,8,1,run_test,0.7,0.8963863675286864,0.8597630875047765
endpoint,-1,8,1,run_test,0.8,0.7720500085631101,0.8839840283939663
endpoint,-1,8,1,run_test,0.85,0.3981846206542216,0.941505376344086
endpoint,-1,8,1,run_test,0.9,0.3981846206542216,0.941505376344086
endpoint,-1,8,1,run_test,0.95,0.1709196780270594,0.9929859719438878
endpoint,-1,8,2,test,0.0,1.0,0.8333872882270422
endpoint,-1,8,2,test,0.5,1.0,0.8333872882270422
endpoint,-1,8,2,test,0.6,1.0,0.8333872882270422
endpoint,-1,8,2,test,0.7,0.7936764864573217,0.8961250849762067
endpoint,-1,8,2,test,0.8,0.7936764864573217,0.8961250849762067
endpoint,-1,8,2,test,0.85,0.7081040250350706,0.9036879000304784
endpoint,-1,8,2,test,0.9,0.3840509334196612,0.9544815959539196
endpoint,-1,8,2,test,0.95,0.1080176972051365,0.985014985014985
endpoint,-1,8,2,run_test,0.0,1.0,0.8319917794142833
endpoint,-1,8,2,run_test,0.5,1.0,0.8319917794142833
endpoint,-1,8,2,run_test,0.6,1.0,0.8319917794142833
endpoint,-1,8,2,run_test,0.7,0.7729063195752698,0.8907600265898515
endpoint,-1,8,2,run_test,0.8,0.7729063195752698,0.8907600265898515
endpoint,-1,8,2,run_test,0.85,0.6907004624079466,0.90329779320605
endpoint,-1,8,2,run_test,0.9,0.381572187018325,0.9631956912028724
endpoint,-1,8,2,run_test,0.95,0.1036136324713135,0.9884297520661156
endpoint,-1,15,0,test,0.0,1.0,0.8518398618754721
endpoint,-1,15,0,test,0.5,1.0,0.8518398618754721
endpoint,-1,15,0,test,0.6,0.8817308729901802,0.8853261534695875
endpoint,-1,15,0,test,0.7,0.8341426567389663,0.9015523932729624
endpoint,-1,15,0,test,0.8,0.801985540088486,0.9070236813778256
endpoint,-1,15,0,test,0.85,0.7281752454947664,0.9190871369294604
endpoint,-1,15,0,test,0.9,0.4675731088809755,0.951765520424648
endpoint,-1,15,0,test,0.95,0.1867918420200712,0.9826689774696707
endpoint,-1,15,0,run_test,0.0,1.0,0.8486042130501799
endpoint,-1,15,0,run_test,0.5,1.0,0.8486042130501799
endpoint,-1,15,0,run_test,0.6,0.8708682993663298,0.88062930186824
endpoint,-1,15,0,run_test,0.7,0.8225723582805274,0.8944409743910057
endpoint,-1,15,0,run_test,0.8,0.7982531255351943,0.899163269684617
endpoint,-1,15,0,run_test,0.85,0.734543586230519,0.9137328048496152
endpoint,-1,15,0,run_test,0.9,0.4743963007364274,0.9501805054151624
endpoint,-1,15,0,run_test,0.95,0.1846206542216132,0.9897959183673468
endpoint,-1,15,1,test,0.0,1.0,0.8580986295456998
endpoint,-1,15,1,test,0.5,0.95931801014352,0.8732283464566929
endpoint,-1,15,1,test,0.6,0.877198661918636,0.9022019928650512
endpoint,-1,15,1,test,0.7,0.877198661918636,0.9022019928650512
endpoint,-1,15,1,test,0.8,0.7507283910650696,0.9173494322265344
endpoint,-1,15,1,test,0.85,0.7507283910650696,0.9173494322265344
endpoint,-1,15,1,test,0.9,0.4564584007769505,0.9602836879432624
endpoint,-1,15,1,test,0.95,0.4269990288119132,0.9656305281779124
endpoint,-1,15,1,run_test,0.0,1.0,0.8552834389450248
endpoint,-1,15,1,run_test,0.5,0.9541017297482446,0.8689642793035361
endpoint,-1,15,1,run_test,0.6,0.872923445795513,0.8966058465764175
endpoint,-1,15,1,run_test,0.7,0.872923445795513,0.8966058465764175
endpoint,-1,15,1,run_test,0.8,0.7439630073642747,0.9081491712707184
endpoint,-1,15,1,run_test,0.85,0.7439630073642747,0.9081491712707184
endpoint,-1,15,1,run_test,0.9,0.4654906662099675,0.9576894775570272
endpoint,-1,15,1,run_test,0.95,0.4278129816749443,0.9631705364291432
endpoint,-1,15,2,test,0.0,1.0,0.8436387180317255
endpoint,-1,15,2,test,0.5,0.9480953922520772,0.8644434327338948
endpoint,-1,15,2,test,0.6,0.9480953922520772,0.8644434327338948
endpoint,-1,15,2,test,0.7,0.8683500593503831,0.8908910152851994
endpoint,-1,15,2,test,0.8,0.7521312183015,0.9187948350071736
endpoint,-1,15,2,test,0.85,0.7521312183015,0.9187948350071736
endpoint,-1,15,2,test,0.9,0.4773928995359879,0.9547920433996384
endpoint,-1,15,2,test,0.95,0.3068954354159922,0.959212376933896
endpoint,-1,15,2,run_test,0.0,1.0,0.8390135297139921
endpoint,-1,15,2,run_test,0.5,0.9498201746874464,0.8651280201947349
endpoint,-1,15,2,run_test,0.6,0.9498201746874464,0.8651280201947349
endpoint,-1,15,2,run_test,0.7,0.8662442199006679,0.8879003558718861
endpoint,-1,15,2,run_test,0.8,0.7468744648056174,0.911946801192387
endpoint,-1,15,2,run_test,0.85,0.7468744648056174,0.911946801192387
endpoint,-1,15,2,run_test,0.9,0.4880972769309813,0.9526315789473684
endpoint,-1,15,2,run_test,0.95,0.3283096420619969,0.9624413145539906
endpoint,-1,25,0,test,0.0,1.0,0.8638178482788389
endpoint,-1,25,0,test,0.5,1.0,0.8638178482788389
endpoint,-1,25,0,test,0.6,0.9081687709075212,0.8915161596958175
endpoint,-1,25,0,test,0.7,0.9081687709075212,0.8915161596958175
endpoint,-1,25,0,test,0.8,0.6910542786230711,0.929262960649594
endpoint,-1,25,0,test,0.85,0.6689327722024387,0.9314405549282142
endpoint,-1,25,0,test,0.9,0.4833279378439624,0.9667336459031034
endpoint,-1,25,0,test,0.95,0.3932232653501673,0.9695389681668496
endpoint,-1,25,0,run_test,0.0,1.0,0.8604213050179825
endpoint,-1,25,0,run_test,0.5,1.0,0.8604213050179825
endpoint,-1,25,0,run_test,0.6,0.9075184106867614,0.885827514625401
endpoint,-1,25,0,run_test,0.7,0.9075184106867614,0.885827514625401
endpoint,-1,25,0,run_test,0.8,0.6939544442541531,0.9178183613030604
endpoint,-1,25,0,run_test,0.85,0.6689501626990924,0.9193548387096774
endpoint,-1,25,0,run_test,0.9,0.482103099845864,0.9605683836589698
endpoint,-1,25,0,run_test,0.95,0.3981846206542216,0.9634408602150538
endpoint,-1,25,1,test,0.0,1.0,0.8496816661271177
endpoint,-1,25,1,test,0.5,0.9682745224991908,0.859132954418812
endpoint,-1,25,1,test,0.6,0.9319089241394194,0.8762158406669754
endpoint,-1,25,1,test,0.7,0.8763353836192943,0.8916389607191233
endpoint,-1,25,1,test,0.8,0.7572029783101327,0.9153484395040616
endpoint,-1,25,1,test,0.85,0.6263084061724399,0.9353893866299104
endpoint,-1,25,1,test,0.9,0.4714578612280133,0.9551384756237126
endpoint,-1,25,1,test,0.95,0.4162080500701414,0.9670728545501686
endpoint,-1,25,1,run_test,0.0,1.0,0.8535708169207056
endpoint,-1,25,1,run_test,0.5,0.9659188217160471,0.8611702127659574
endpoint,-1,25,1,run_test,0.6,0.9340640520637096,0.8729372937293729
endpoint,-1,25,1,run_test,0.7,0.8713820859736257,0.887185534591195
endpoint,-1,25,1,run_test,0.8,0.7568076725466689,0.9108395564607378
endpoint,-1,25,1,run_test,0.85,0.6239082034594965,0.9305517430688992
endpoint,-1,25,1,run_test,0.9,0.4783353313923617,0.9513068385248836
endpoint,-1,25,1,run_test,0.95,0.419592395958212,0.9648979591836736
endpoint,-1,25,2,test,0.0,1.0,0.8479551095284342
endpoint,-1,25,2,test,0.5,0.970001079097874,0.8578262320614084
endpoint,-1,25,2,test,0.6,0.9305060969029892,0.876377130928911
endpoint,-1,25,2,test,0.7,0.834250566526384,0.8993661880739878
endpoint,-1,25,2,test,0.8,0.7622747383187655,0.9146375990939978
endpoint,-1,25,2,test,0.85,0.6253372180856803,0.9354616048317516
endpoint,-1,25,2,test,0.9,0.5231466494011007,0.9562706270627064
endpoint,-1,25,2,test,0.95,0.432070788820546,0.9632867132867132
endpoint,-1,25,2,run_test,0.0,1.0,0.8518581948963864
endpoint,-1,25,2,run_test,0.5,0.968487754752526,0.8604774535809019
endpoint,-1,25,2,run_test,0.6,0.9296112348004796,0.8756448047162859
endpoint,-1,25,2,run_test,0.7,0.8234286692926871,0.8937188019966722
endpoint,-1,25,2,run_test,0.8,0.745504367186162,0.9062715368711234
endpoint,-1,25,2,run_test,0.85,0.6163726665524919,0.928035565434843
endpoint,-1,25,2,run_test,0.9,0.5185819489638637,0.952443857331572
endpoint,-1,25,2,run_test,0.95,0.439630073642747,0.959096221269965
endpoint,-1,37,0,test,0.0,1.0,0.8554008848602568
endpoint,-1,37,0,test,0.5,0.9773389446422792,0.8652975598984212
endpoint,-1,37,0,test,0.6,0.9275925326427108,0.8842484876686831
endpoint,-1,37,0,test,0.7,0.8634941189165858,0.9028992751812048
endpoint,-1,37,0,test,0.8,0.7740369051472968,0.9241600446117384
endpoint,-1,37,0,test,0.85,0.6172439840293514,0.9475524475524476
endpoint,-1,37,0,test,0.9,0.5149455055573541,0.959555741827326
endpoint,-1,37,0,test,0.95,0.3747706917017373,0.9640080621940684
endpoint,-1,37,0,run_test,0.0,1.0,0.8566535365644802
endpoint,-1,37,0,run_test,0.5,0.9839013529713992,0.865970409051349
endpoint,-1,37,0,run_test,0.6,0.9316663812296626,0.8821691176470589
endpoint,-1,37,0,run_test,0.7,0.8672717931152595,0.9002764612954186
endpoint,-1,37,0,run_test,0.8,0.7626305874293543,0.914888838984954
endpoint,-1,37,0,run_test,0.85,0.61620140435006,0.9416342412451362
endpoint,-1,37,0,run_test,0.9,0.5143003939030656,0.956043956043956
endpoint,-1,37,0,run_test,0.95,0.3892789861277616,0.9586449626044876
endpoint,-1,37,1,test,0.0,1.0,0.8552929750728391
endpoint,-1,37,1,test,0.5,1.0,0.8552929750728391
endpoint,-1,37,1,test,0.6,0.9560807165209884,0.874040632054176
endpoint,-1,37,1,test,0.7,0.8595014567821302,0.906842435655995
endpoint,-1,37,1,test,0.8,0.8107262328693212,0.9117529615333422
endpoint,-1,37,1,test,0.85,0.7663753102406389,0.9170656153196284
endpoint,-1,37,1,test,0.9,0.4740476961260386,0.9581151832460733
endpoint,-1,37,1,test,0.95,0.4161001402827236,0.9636929460580912
endpoint,-1,37,1,run_test,0.0,1.0,0.8537420791231375
endpoint,-1,37,1,run_test,0.5,1.0,0.8537420791231375
endpoint,-1,37,1,run_test,0.6,0.9558143517725638,0.8697366063429492
endpoint,-1,37,1,run_test,0.7,0.8611063538277102,0.8999602227525855
endpoint,-1,37,1,run_test,0.8,0.8092139064908375,0.9037037037037036
endpoint,-1,37,1,run_test,0.85,0.7631443740366501,0.9109066427289048
endpoint,-1,37,1,run_test,0.9,0.4877547525261175,0.9547050561797752
endpoint,-1,37,1,run_test,0.95,0.4163384141120055,0.960510078157137
endpoint,-1,37,2,test,0.0,1.0,0.8600410057192187
endpoint,-1,37,2,test,0.5,0.9591021905686846,0.8762376237623762
endpoint,-1,37,2,test,0.6,0.9533829718355454,0.8771929824561403
endpoint,-1,37,2,test,0.7,0.9096795079313694,0.8916963226571768
endpoint,-1,37,2,test,0.8,0.7211611093126147,0.929373036061649
endpoint,-1,37,2,test,0.85,0.6236106614869968,0.9434158158851011
endpoint,-1,37,2,test,0.9,0.47350814718895,0.9603463992707384
endpoint,-1,37,2,test,0.95,0.3518938167691809,0.965961361545538
endpoint,-1,37,2,run_test,0.0,1.0,0.8624764514471656
endpoint,-1,37,2,run_test,0.5,0.9660900839184792,0.8725403297287715
endpoint,-1,37,2,run_test,0.6,0.9611234800479534,0.8734853884533144
endpoint,-1,37,2,run_test,0.7,0.9164240452132214,0.8850682115492431
endpoint,-1,37,2,run_test,0.8,0.7167323171775989,0.9197132616487456
endpoint,-1,37,2,run_test,0.85,0.6257920876862476,0.9365079365079364
endpoint,-1,37,2,run_test,0.9,0.4639493063880801,0.958656330749354
endpoint,-1,37,2,run_test,0.95,0.3516013015927385,0.9673648319532392
endpoint,-1,50,0,test,0.0,0.9988129923384051,0.8603068280034573
endpoint,-1,50,0,test,0.5,0.9883457429588864,0.8653783164100884
endpoint,-1,50,0,test,0.6,0.9606129275925328,0.8739609076611997
endpoint,-1,50,0,test,0.7,0.8495737563397,0.9075320716372413
endpoint,-1,50,0,test,0.8,0.7196503722887666,0.9323736692157744
endpoint,-1,50,0,test,0.85,0.6483220028056544,0.9420772303595206
endpoint,-1,50,0,test,0.9,0.5106291140606453,0.9583685545224008
endpoint,-1,50,0,test,0.95,0.4119995683608503,0.9683080146673652
endpoint,-1,50,0,run_test,0.0,0.9986299023805446,0.8586863316755273
endpoint,-1,50,0,run_test,0.5,0.9851001883884228,0.8654381084840056
endpoint,-1,50,0,run_test,0.6,0.9630073642747046,0.8726658367419527
endpoint,-1,50,0,run_test,0.7,0.8438088713820859,0.8999391110209052
endpoint,-1,50,0,run_test,0.8,0.7109094022949135,0.9231510479402554
endpoint,-1,50,0,run_test,0.85,0.6454872409659188,0.938179888564606
endpoint,-1,50,0,run_test,0.9,0.5005994177085117,0.9531303455354088
endpoint,-1,50,0,run_test,0.95,0.4135982188730947,0.9660455486542444
endpoint,-1,50,1,test,0.0,0.9996762706377468,0.866580310880829
endpoint,-1,50,1,test,0.5,0.9996762706377468,0.866580310880829
endpoint,-1,50,1,test,0.6,0.921765404122154,0.8894872395223601
endpoint,-1,50,1,test,0.7,0.8817308729901802,0.899400318198507
endpoint,-1,50,1,test,0.8,0.7827775979281321,0.9201819685690652
endpoint,-1,50,1,test,0.85,0.6240423006366678,0.9443195573231886
endpoint,-1,50,1,test,0.9,0.5708427754397324,0.9544423440453688
endpoint,-1,50,1,test,0.95,0.3670011870076616,0.9714789767715378
endpoint,-1,50,1,run_test,0.0,0.9996574755951362,0.8545485694706184
endpoint,-1,50,1,run_test,0.5,0.9996574755951362,0.8545485694706184
endpoint,-1,50,1,run_test,0.6,0.919335502654564,0.8807749627421758
endpoint,-1,50,1,run_test,0.7,0.8797739338927899,0.8911816235156707
endpoint,-1,50,1,run_test,0.8,0.7763315636239082,0.913302448709464
endpoint,-1,50,1,run_test,0.85,0.6305874293543415,0.9372623574144486
endpoint,-1,50,1,run_test,0.9,0.5663641034423703,0.9501058361052314
endpoint,-1,50,1,run_test,0.95,0.3774618941599589,0.9682395644283122
endpoint,-1,50,2,test,0.0,1.0,0.8562641631595985
endpoint,-1,50,2,test,0.5,0.9889932016833928,0.8609929078014185
endpoint,-1,50,2,test,0.6,0.9112981547426352,0.8871521610420368
endpoint,-1,50,2,test,0.7,0.8775223912808892,0.8935071323167733
endpoint,-1,50,2,test,0.8,0.7562317902233733,0.9198059360730594
endpoint,-1,50,2,test,0.85,0.6164886155174274,0.9448625940836688
endpoint,-1,50,2,test,0.9,0.5288658681342397,0.9626606814935728
endpoint,-1,50,2,test,0.95,0.3896622423653825,0.973137635004154
endpoint,-1,50,2,run_test,0.0,1.0,0.850488097276931
endpoint,-1,50,2,run_test,0.5,0.9897242678540846,0.8558574147776432
endpoint,-1,50,2,run_test,0.6,0.9087172461037848,0.8857896720693554
endpoint,-1,50,2,run_test,0.7,0.8768624764514472,0.8896484375
endpoint,-1,50,2,run_test,0.8,0.7617742764171948,0.9093974820143884
endpoint,-1,50,2,run_test,0.85,0.6208254838157219,0.9332413793103448
endpoint,-1,50,2,run_test,0.9,0.5218359308100702,0.955365933705284
endpoint,-1,50,2,run_test,0.95,0.3947593766055831,0.966594360086768
masked_ae,1,3,0,test,0.0,1.0,0.7232113952735513
masked_ae,1,3,0,test,0.5,1.0,0.7232113952735513
masked_ae,1,3,0,test,0.6,1.0,0.7232113952735513
masked_ae,1,3,0,test,0.7,0.6762706377468436,0.7829902664751874
masked_ae,1,3,0,test,0.8,0.36376389338513,0.8154850192821121
masked_ae,1,3,0,test,0.85,0.0,
masked_ae,1,3,0,test,0.9,0.0,
masked_ae,1,3,0,test,0.95,0.0,
masked_ae,1,3,0,run_test,0.0,1.0,0.7155334817605754
masked_ae,1,3,0,run_test,0.5,1.0,0.7155334817605754
masked_ae,1,3,0,run_test,0.6,1.0,0.7155334817605754
masked_ae,1,3,0,run_test,0.7,0.6372666552491865,0.7667293738242408
masked_ae,1,3,0,run_test,0.8,0.3356739167665696,0.7622448979591837
masked_ae,1,3,0,run_test,0.85,0.0,
masked_ae,1,3,0,run_test,0.9,0.0,
masked_ae,1,3,0,run_test,0.95,0.0,
masked_ae,1,3,1,test,0.0,1.0,0.7234272148483868
masked_ae,1,3,1,test,0.5,1.0,0.7234272148483868
masked_ae,1,3,1,test,0.6,1.0,0.7234272148483868
masked_ae,1,3,1,test,0.7,0.6767022768965145,0.7829692234093446
masked_ae,1,3,1,test,0.8,0.3644113521096363,0.8149244891915902
masked_ae,1,3,1,test,0.85,0.0,
masked_ae,1,3,1,test,0.9,0.0,
masked_ae,1,3,1,test,0.95,0.0,
masked_ae,1,3,1,run_test,0.0,1.0,0.7155334817605754
masked_ae,1,3,1,run_test,0.5,1.0,0.7155334817605754
masked_ae,1,3,1,run_test,0.6,1.0,0.7155334817605754
masked_ae,1,3,1,run_test,0.7,0.6374379174516184,0.7665233745298227
masked_ae,1,3,1,run_test,0.8,0.3356739167665696,0.7622448979591837
masked_ae,1,3,1,run_test,0.85,0.0,
masked_ae,1,3,1,run_test,0.9,0.0,
masked_ae,1,3,1,run_test,0.95,0.0,
masked_ae,1,3,2,test,0.0,1.0,0.6324592640552498
masked_ae,1,3,2,test,0.5,1.0,0.6324592640552498
masked_ae,1,3,2,test,0.6,1.0,0.6324592640552498
masked_ae,1,3,2,test,0.7,0.0,
masked_ae,1,3,2,test,0.8,0.0,
masked_ae,1,3,2,test,0.85,0.0,
masked_ae,1,3,2,test,0.9,0.0,
masked_ae,1,3,2,test,0.95,0.0,
masked_ae,1,3,2,run_test,0.0,1.0,0.6463435519780785
masked_ae,1,3,2,run_test,0.5,1.0,0.6463435519780785
masked_ae,1,3,2,run_test,0.6,1.0,0.6463435519780785
masked_ae,1,3,2,run_test,0.7,0.0,
masked_ae,1,3,2,run_test,0.8,0.0,
masked_ae,1,3,2,run_test,0.85,0.0,
masked_ae,1,3,2,run_test,0.9,0.0,
masked_ae,1,3,2,run_test,0.95,0.0,
masked_ae,1,8,0,test,0.0,1.0,0.7214848386748678
masked_ae,1,8,0,test,0.5,0.7843962447393978,0.7944696657036732
masked_ae,1,8,0,test,0.6,0.7843962447393978,0.7944696657036732
masked_ae,1,8,0,test,0.7,0.6607316283586921,0.8265556099951005
masked_ae,1,8,0,test,0.8,0.4982194885076076,0.8689625297812432
masked_ae,1,8,0,test,0.85,0.2131218301499946,0.9372151898734176
masked_ae,1,8,0,test,0.9,0.2131218301499946,0.9372151898734176
masked_ae,1,8,0,test,0.95,0.0,
masked_ae,1,8,0,run_test,0.0,1.0,0.7285494091454016
masked_ae,1,8,0,run_test,0.5,0.7768453502312039,0.7945326278659612
masked_ae,1,8,0,run_test,0.6,0.7768453502312039,0.7945326278659612
masked_ae,1,8,0,run_test,0.7,0.6480561740023977,0.821353065539112
masked_ae,1,8,0,run_test,0.8,0.4901524233601644,0.8735150244584207
masked_ae,1,8,0,run_test,0.85,0.1930125021407775,0.921916592724046
masked_ae,1,8,0,run_test,0.9,0.1930125021407775,0.921916592724046
masked_ae,1,8,0,run_test,0.95,0.0,
masked_ae,1,8,1,test,0.0,1.0,0.7220243876119564
masked_ae,1,8,1,test,0.5,0.7827775979281321,0.7944582299421009
masked_ae,1,8,1,test,0.6,0.7827775979281321,0.7944582299421009
masked_ae,1,8,1,test,0.7,0.6595446206970972,0.8260798429319371
masked_ae,1,8,1,test,0.8,0.4957375633970001,0.869612538093165
masked_ae,1,8,1,test,0.85,0.2136613790870832,0.9373737373737374
masked_ae,1,8,1,test,0.9,0.2136613790870832,0.9373737373737374
masked_ae,1,8,1,test,0.95,0.0,
masked_ae,1,8,1,run_test,0.0,1.0,0.7285494091454016
masked_ae,1,8,1,run_test,0.5,0.7749614660044528,0.7933701657458564
masked_ae,1,8,1,run_test,0.6,0.7749614660044528,0.7933701657458564
masked_ae,1,8,1,run_test,0.7,0.6477136495975339,0.8199365415124273
masked_ae,1,8,1,run_test,0.8,0.4877547525261175,0.8746488764044944
masked_ae,1,8,1,run_test,0.85,0.1945538619626648,0.9216549295774648
masked_ae,1,8,1,run_test,0.9,0.1945538619626648,0.9216549295774648
masked_ae,1,8,1,run_test,0.95,0.0,
masked_ae,1,8,2,test,0.0,1.0,0.7214848386748678
masked_ae,1,8,2,test,0.5,0.765512031941297,0.7996898787707922
masked_ae,1,8,2,test,0.6,0.765512031941297,0.7996898787707922
masked_ae,1,8,2,test,0.7,0.5381461098521636,0.8574293162221777
masked_ae,1,8,2,test,0.8,0.4808460127333549,0.8785906642728905
masked_ae,1,8,2,test,0.85,0.3312830473723966,0.9009771986970684
masked_ae,1,8,2,test,0.9,0.2144167475990072,0.9355812783090084
masked_ae,1,8,2,test,0.95,0.0,
masked_ae,1,8,2,run_test,0.0,1.0,0.7295769823599931
masked_ae,1,8,2,run_test,0.5,0.7547525261174859,0.7978216473791695
masked_ae,1,8,2,run_test,0.6,0.7547525261174859,0.7978216473791695
masked_ae,1,8,2,run_test,0.7,0.5300565165268025,0.8626817447495961
masked_ae,1,8,2,run_test,0.8,0.4684021236513102,0.8826325411334552
masked_ae,1,8,2,run_test,0.85,0.3296797396814523,0.8888311688311689
masked_ae,1,8,2,run_test,0.9,0.1957526973796883,0.9195100612423448
masked_ae,1,8,2,run_test,0.95,0.0,
masked_ae,1,15,0,test,0.0,1.0,0.7330311859285638
masked_ae,1,15,0,test,0.5,0.8034962771123341,0.8019070641955413
masked_ae,1,15,0,test,0.6,0.6117405848710478,0.8869289116246252
masked_ae,1,15,0,test,0.7,0.6117405848710478,0.8869289116246252
masked_ae,1,15,0,test,0.8,0.4591561454623934,0.9393654524089308
masked_ae,1,15,0,test,0.85,0.4591561454623934,0.9393654524089308
masked_ae,1,15,0,test,0.9,0.4116758389985971,0.9517693315858452
masked_ae,1,15,0,test,0.95,0.1936980684148052,0.966016713091922
masked_ae,1,15,0,run_test,0.0,1.0,0.7283781469429697
masked_ae,1,15,0,run_test,0.5,0.819147114231889,0.7984528538574117
masked_ae,1,15,0,run_test,0.6,0.6168864531597876,0.8717379233759023
masked_ae,1,15,0,run_test,0.7,0.6168864531597876,0.8717379233759023
masked_ae,1,15,0,run_test,0.8,0.4476793971570474,0.9234889058913542
masked_ae,1,15,0,run_test,0.85,0.4476793971570474,0.9234889058913542
masked_ae,1,15,0,run_test,0.9,0.4024661757150197,0.9391489361702128
masked_ae,1,15,0,run_test,0.95,0.1948963863675286,0.960456942003515
masked_ae,1,15,1,test,0.0,1.0,0.7877414481493471
masked_ae,1,15,1,test,0.5,0.9564044458832416,0.8014216405280379
masked_ae,1,15,1,test,0.6,0.9224128628466602,0.8155124005615348
masked_ae,1,15,1,test,0.7,0.7190029135642603,0.8656761218670269
masked_ae,1,15,1,test,0.8,0.4713499514405956,0.9356684981684982
masked_ae,1,15,1,test,0.85,0.4103809215495845,0.955298448593216
masked_ae,1,15,1,test,0.9,0.4103809215495845,0.955298448593216
masked_ae,1,15,1,test,0.95,0.1757850437034639,0.9772866789441376
masked_ae,1,15,1,run_test,0.0,1.0,0.7826682651138893
masked_ae,1,15,1,run_test,0.5,0.9481075526631272,0.8013005780346821
masked_ae,1,15,1,run_test,0.6,0.9188217160472684,0.8108108108108109
masked_ae,1,15,1,run_test,0.7,0.7169035793800308,0.8643096034400383
masked_ae,1,15,1,run_test,0.8,0.4557287206713478,0.9346110484780158
masked_ae,1,15,1,run_test,0.85,0.4010960780955643,0.9508966695132366
masked_ae,1,15,1,run_test,0.9,0.4010960780955643,0.9508966695132366
masked_ae,1,15,1,run_test,0.95,0.176228806302449,0.97667638483965
masked_ae,1,15,2,test,0.0,1.0,0.7595769936333225
masked_ae,1,15,2,test,0.5,0.8858314449120536,0.7977829211840662
masked_ae,1,15,2,test,0.6,0.6022445235782885,0.9044974018993012
masked_ae,1,15,2,test,0.7,0.6022445235782885,0.9044974018993012
masked_ae,1,15,2,test,0.8,0.5727851516132513,0.9169178598342124
masked_ae,1,15,2,test,0.85,0.5257364842991259,0.9217980295566502
masked_ae,1,15,2,test,0.9,0.3707780295672817,0.9519790454016298
masked_ae,1,15,2,test,0.95,0.1880867594690838,0.9667240390131956
masked_ae,1,15,2,run_test,0.0,1.0,0.7552663127247816
masked_ae,1,15,2,run_test,0.5,0.8987840383627334,0.7842987804878049
masked_ae,1,15,2,run_test,0.6,0.6059256722041445,0.8976823063877897
masked_ae,1,15,2,run_test,0.7,0.6059256722041445,0.8976823063877897
masked_ae,1,15,2,run_test,0.8,0.571501969515328,0.9074018579562482
masked_ae,1,15,2,run_test,0.85,0.5259462236684364,0.914034516444155
masked_ae,1,15,2,run_test,0.9,0.3567391676656962,0.943350936149784
masked_ae,1,15,2,run_test,0.95,0.1990066792258948,0.959552495697074
masked_ae,1,25,0,test,0.0,1.0,0.7961584115679292
masked_ae,1,25,0,test,0.5,0.912916801553901,0.8335697399527187
masked_ae,1,25,0,test,0.6,0.8451494550555736,0.8617211440245148
masked_ae,1,25,0,test,0.7,0.8137477069170174,0.8689828935154489
masked_ae,1,25,0,test,0.8,0.6497248300420848,0.9051652549410396
masked_ae,1,25,0,test,0.85,0.529189597496493,0.9190456769983688
masked_ae,1,25,0,test,0.9,0.4091939138879896,0.945675105485232
masked_ae,1,25,0,test,0.95,0.1805330743498435,0.964136282127914
masked_ae,1,25,0,run_test,0.0,1.0,0.794656619284124
masked_ae,1,25,0,run_test,0.5,0.90649083747217,0.8360098242962403
masked_ae,1,25,0,run_test,0.6,0.8432950847747902,0.8590576766856215
masked_ae,1,25,0,run_test,0.7,0.8066449734543586,0.8677282377919321
masked_ae,1,25,0,run_test,0.8,0.6304161671519096,0.9016571583808748
masked_ae,1,25,0,run_test,0.85,0.5122452474738826,0.916081578067536
masked_ae,1,25,0,run_test,0.9,0.4026374379174516,0.9430029774564016
masked_ae,1,25,0,run_test,0.95,0.182908032197294,0.9588014981273408
masked_ae,1,25,1,test,0.0,1.0,0.7979928779540304
masked_ae,1,25,1,test,0.5,0.968166612711773,0.8097414177440927
masked_ae,1,25,1,test,0.6,0.8887450091723319,0.8355998057309374
masked_ae,1,25,1,test,0.7,0.7346498327398295,0.8836662749706228
masked_ae,1,25,1,test,0.8,0.5936117405848711,0.9221959643701144
masked_ae,1,25,1,test,0.85,0.5434336894356319,0.932287529785544
masked_ae,1,25,1,test,0.9,0.3747706917017373,0.957961416642672
masked_ae,1,25,1,test,0.95,0.1996331067227797,0.9735135135135136
masked_ae,1,25,1,run_test,0.0,1.0,0.8003082719643775
masked_ae,1,25,1,run_test,0.5,0.9744819318376434,0.8114235500878735
masked_ae,1,25,1,run_test,0.6,0.8879945196095221,0.8412729026036644
masked_ae,1,25,1,run_test,0.7,0.7181024147970543,0.8814691151919867
masked_ae,1,25,1,run_test,0.8,0.5829765370782668,0.9192126909518212
masked_ae,1,25,1,run_test,0.85,0.5348518581948963,0.9273134806276015
masked_ae,1,25,1,run_test,0.9,0.3808871382085974,0.945593525179856
masked_ae,1,25,1,run_test,0.95,0.207398527145059,0.9653179190751444
masked_ae,1,25,2,test,0.0,1.0,0.797777058379195
masked_ae,1,25,2,test,0.5,0.9138879896406604,0.8260715550832448
masked_ae,1,25,2,test,0.6,0.8735297291464336,0.8399011735639283
masked_ae,1,25,2,test,0.7,0.7898996438977015,0.8687158469945355
masked_ae,1,25,2,test,0.8,0.5911298154742635,0.9218692953632712
masked_ae,1,25,2,test,0.85,0.5057731736268479,0.9327928312353316
masked_ae,1,25,2,test,0.9,0.3843746627819143,0.9559236384053902
masked_ae,1,25,2,test,0.95,0.2307111254990827,0.9677268475210478
masked_ae,1,25,2,run_test,0.0,1.0,0.7980818633327624
masked_ae,1,25,2,run_test,0.5,0.9030655934235314,0.8247676844301157
masked_ae,1,25,2,run_test,0.6,0.8614488782325741,0.8395626242544731
masked_ae,1,25,2,run_test,0.7,0.7804418564822744,0.8657011191573404
masked_ae,1,25,2,run_test,0.8,0.5828052748758349,0.9165442256832208
masked_ae,1,25,2,run_test,0.85,0.5050522349717418,0.9233638521532724
masked_ae,1,25,2,run_test,0.9,0.3774618941599589,0.9500907441016334
masked_ae,1,25,2,run_test,0.95,0.2358280527487583,0.9593318809005084
masked_ae,1,37,0,test,0.0,1.0,0.8007985324268911
masked_ae,1,37,0,test,0.5,0.9599654688680264,0.8168839928057554
masked_ae,1,37,0,test,0.6,0.813531887342182,0.8661626210372728
masked_ae,1,37,0,test,0.7,0.7620589187439301,0.8826111583120929
masked_ae,1,37,0,test,0.8,0.6457321679076292,0.9184491978609626
masked_ae,1,37,0,test,0.85,0.5165641523686199,0.9396281595989138
masked_ae,1,37,0,test,0.9,0.415560591345635,0.9581926772266944
masked_ae,1,37,0,test,0.95,0.2494874285097658,0.97621107266436
masked_ae,1,37,0,run_test,0.0,1.0,0.799109436547354
masked_ae,1,37,0,run_test,0.5,0.953074156533653,0.815633423180593
masked_ae,1,37,0,run_test,0.6,0.8056174002397671,0.8671343537414966
masked_ae,1,37,0,run_test,0.7,0.7439630073642747,0.8878913443830571
masked_ae,1,37,0,run_test,0.8,0.6302449049494776,0.915217391304348
masked_ae,1,37,0,run_test,0.85,0.5052234971741737,0.9355932203389832
masked_ae,1,37,0,run_test,0.9,0.412741907860935,0.9568464730290456
masked_ae,1,37,0,run_test,0.95,0.252269224182223,0.9728445349626612
masked_ae,1,37,1,test,0.0,1.0,0.8041437358368404
masked_ae,1,37,1,test,0.5,0.897917341102838,0.8418459319793294
masked_ae,1,37,1,test,0.6,0.8505449444264594,0.8650088809946714
masked_ae,1,37,1,test,0.7,0.7761951008956512,0.8876685666620325
masked_ae,1,37,1,test,0.8,0.6391496708751484,0.9280769880128312
masked_ae,1,37,1,test,0.85,0.6037552606021366,0.9294012511170688
masked_ae,1,37,1,test,0.9,0.4303442322218625,0.9576228686058176
masked_ae,1,37,1,test,0.95,0.2682637315204489,0.9714400643604184
masked_ae,1,37,1,run_test,0.0,1.0,0.8016783695838329
masked_ae,1,37,1,run_test,0.5,0.888165781811954,0.8436174315464713
masked_ae,1,37,1,run_test,0.6,0.8378146942969686,0.8628372853638594
masked_ae,1,37,1,run_test,0.7,0.7619455386196267,0.8835693414250393
masked_ae,1,37,1,run_test,0.8,0.6184278129816749,0.9216283577956244
masked_ae,1,37,1,run_test,0.85,0.5862305189244734,0.9237510955302366
masked_ae,1,37,1,run_test,0.9,0.4264428840554889,0.9542168674698795
masked_ae,1,37,1,run_test,0.95,0.2738482616886453,0.9687304565353346
masked_ae,1,37,2,test,0.0,1.0,0.8034962771123341
masked_ae,1,37,2,test,0.5,0.9252185173195208,0.8319337532073712
masked_ae,1,37,2,test,0.6,0.7971295996546887,0.8827670231487749
masked_ae,1,37,2,test,0.7,0.7419876982842344,0.897760325770797
masked_ae,1,37,2,test,0.8,0.6788604726448689,0.918137021141313
masked_ae,1,37,2,test,0.85,0.6097982086975289,0.9313395859139976
masked_ae,1,37,2,test,0.9,0.4644437250458617,0.9521375464684017
masked_ae,1,37,2,test,0.95,0.2260710046401208,0.9761336515513126
masked_ae,1,37,2,run_test,0.0,1.0,0.7996232231546497
masked_ae,1,37,2,run_test,0.5,0.915225209796198,0.8287799401197605
masked_ae,1,37,2,run_test,0.6,0.7866072957698236,0.8693664271717831
masked_ae,1,37,2,run_test,0.7,0.7240965918821716,0.8904919583727531
masked_ae,1,37,2,run_test,0.8,0.6626134612091111,0.911088136469372
masked_ae,1,37,2,run_test,0.85,0.5997602329165953,0.9214734437464306
masked_ae,1,37,2,run_test,0.9,0.4677170748415825,0.9447088978396192
masked_ae,1,37,2,run_test,0.95,0.2353142661414625,0.970160116448326
masked_ae,1,50,0,test,0.0,1.0,0.8218409409733463
masked_ae,1,50,0,test,0.5,0.98154742635157,0.8323438874230431
masked_ae,1,50,0,test,0.6,0.8753641955325348,0.8618096646942801
masked_ae,1,50,0,test,0.7,0.7335707348656523,0.9055604589585172
masked_ae,1,50,0,test,0.8,0.6885723535124636,0.9197617928224416
masked_ae,1,50,0,test,0.85,0.561778353296644,0.9425662696888206
masked_ae,1,50,0,test,0.9,0.4739397863386209,0.9567395264116576
masked_ae,1,50,0,test,0.95,0.336138987806194,0.9630818619582664
masked_ae,1,50,0,run_test,0.0,1.0,0.8229148826853914
masked_ae,1,50,0,run_test,0.5,0.9792772735057372,0.8312346974466597
masked_ae,1,50,0,run_test,0.6,0.8595649940058229,0.8633193863319386
masked_ae,1,50,0,run_test,0.7,0.7206713478335331,0.902328897338403
masked_ae,1,50,0,run_test,0.8,0.6737455043671862,0.9171326893746824
masked_ae,1,50,0,run_test,0.85,0.5595136153450934,0.9348025711662076
masked_ae,1,50,0,run_test,0.9,0.4743963007364274,0.9537906137184116
masked_ae,1,50,0,run_test,0.95,0.3396129474225038,0.9596570852244076
masked_ae,1,50,1,test,0.0,1.0,0.8140714362792705
masked_ae,1,50,1,test,0.5,0.9216574943347362,0.8487296569488351
masked_ae,1,50,1,test,0.6,0.8047911945613467,0.8904532046124967
masked_ae,1,50,1,test,0.7,0.7757634617459803,0.9013771039087496
masked_ae,1,50,1,test,0.8,0.6961260386317039,0.9238877693380873
masked_ae,1,50,1,test,0.85,0.627819143196288,0.9315916122378824
masked_ae,1,50,1,test,0.9,0.4699471242041653,0.9586681974741676
masked_ae,1,50,1,test,0.95,0.2533721808568037,0.9770017035775128
masked_ae,1,50,1,run_test,0.0,1.0,0.8025346805959924
masked_ae,1,50,1,run_test,0.5,0.9200205514642918,0.8419583023082651
masked_ae,1,50,1,run_test,0.6,0.8004795341668094,0.8859649122807017
masked_ae,1,50,1,run_test,0.7,0.7705086487412228,0.8979773282951767
masked_ae,1,50,1,run_test,0.8,0.6934406576468574,0.9184983946653494
masked_ae,1,50,1,run_test,0.85,0.6290460695324542,0.9237680370269534
masked_ae,1,50,1,run_test,0.9,0.4745675629388594,0.9512811259473114
masked_ae,1,50,1,run_test,0.95,0.2622024319232745,0.9751796211626388
masked_ae,1,50,2,test,0.0,1.0,0.8200064745872451
masked_ae,1,50,2,test,0.5,1.0,0.8200064745872451
masked_ae,1,50,2,test,0.6,0.9023416423869643,0.8529060033484812
masked_ae,1,50,2,test,0.7,0.8029567281752455,0.8860368230076603
masked_ae,1,50,2,test,0.8,0.6824214956296536,0.9201454775458572
masked_ae,1,50,2,test,0.85,0.5759145354483651,0.9411654487539816
masked_ae,1,50,2,test,0.9,0.4464227905471026,0.9613246313753928
masked_ae,1,50,2,test,0.95,0.2902773281536635,0.9698884758364312
masked_ae,1,50,2,run_test,0.0,1.0,0.8256550779243021
masked_ae,1,50,2,run_test,0.5,1.0,0.8256550779243021
masked_ae,1,50,2,run_test,0.6,0.8895358794314094,0.8534847901424721
masked_ae,1,50,2,run_test,0.7,0.7842096249357767,0.8818519327364053
masked_ae,1,50,2,run_test,0.8,0.6609008391847919,0.9165586939621664
masked_ae,1,50,2,run_test,0.85,0.562425072786436,0.9333130328867236
masked_ae,1,50,2,run_test,0.9,0.4435691042986813,0.9590733590733592
masked_ae,1,50,2,run_test,0.95,0.2916595307415653,0.9682912507339988
masked_ae,0,3,0,test,0.0,1.0,0.7040034531131973
masked_ae,0,3,0,test,0.5,1.0,0.7040034531131973
masked_ae,0,3,0,test,0.6,1.0,0.7040034531131973
masked_ae,0,3,0,test,0.7,0.311967195424625,0.8727084053960568
masked_ae,0,3,0,test,0.8,0.311967195424625,0.8727084053960568
masked_ae,0,3,0,test,0.85,0.311967195424625,0.8727084053960568
masked_ae,0,3,0,test,0.9,0.0,
masked_ae,0,3,0,test,0.95,0.0,
masked_ae,0,3,0,run_test,0.0,1.0,0.7105668778900497
masked_ae,0,3,0,run_test,0.5,1.0,0.7105668778900497
masked_ae,0,3,0,run_test,0.6,1.0,0.7105668778900497
masked_ae,0,3,0,run_test,0.7,0.2849803048467203,0.8407451923076923
masked_ae,0,3,0,run_test,0.8,0.2849803048467203,0.8407451923076923
masked_ae,0,3,0,run_test,0.85,0.2849803048467203,0.8407451923076923
masked_ae,0,3,0,run_test,0.9,0.0,
masked_ae,0,3,0,run_test,0.95,0.0,
masked_ae,0,3,1,test,0.0,1.0,0.626632135534693
masked_ae,0,3,1,test,0.5,1.0,0.626632135534693
masked_ae,0,3,1,test,0.6,0.6499406496169202,0.6637888095633405
masked_ae,0,3,1,test,0.7,0.264378979173411,0.7514285714285714
masked_ae,0,3,1,test,0.8,0.0,
masked_ae,0,3,1,test,0.85,0.0,
masked_ae,0,3,1,test,0.9,0.0,
masked_ae,0,3,1,test,0.95,0.0,
masked_ae,0,3,1,run_test,0.0,1.0,0.6502825826340126
masked_ae,0,3,1,run_test,0.5,1.0,0.6502825826340126
masked_ae,0,3,1,run_test,0.6,0.6247645144716562,0.6724232456140351
masked_ae,0,3,1,run_test,0.7,0.2512416509676314,0.7177914110429447
masked_ae,0,3,1,run_test,0.8,0.0,
masked_ae,0,3,1,run_test,0.85,0.0,
masked_ae,0,3,1,run_test,0.9,0.0,
masked_ae,0,3,1,run_test,0.95,0.0,
masked_ae,0,3,2,test,0.0,1.0,0.7036797237509442
masked_ae,0,3,2,test,0.5,1.0,0.7036797237509442
masked_ae,0,3,2,test,0.6,1.0,0.7036797237509442
masked_ae,0,3,2,test,0.7,0.3076508039279162,0.8765345492809541
masked_ae,0,3,2,test,0.8,0.3076508039279162,0.8765345492809541
masked_ae,0,3,2,test,0.85,0.3076508039279162,0.8765345492809541
masked_ae,0,3,2,test,0.9,0.0,
masked_ae,0,3,2,test,0.95,0.0,
masked_ae,0,3,2,run_test,0.0,1.0,0.70971056687789
masked_ae,0,3,2,run_test,0.5,1.0,0.70971056687789
masked_ae,0,3,2,run_test,0.6,1.0,0.70971056687789
masked_ae,0,3,2,run_test,0.7,0.2801849631786264,0.8441320293398533
masked_ae,0,3,2,run_test,0.8,0.2801849631786264,0.8441320293398533
masked_ae,0,3,2,run_test,0.85,0.2801849631786264,0.8441320293398533
masked_ae,0,3,2,run_test,0.9,0.0,
masked_ae,0,3,2,run_test,0.95,0.0,
masked_ae,0,8,0,test,0.0,1.0,0.7222402071867918
masked_ae,0,8,0,test,0.5,0.8442861767562317,0.7755623721881391
masked_ae,0,8,0,test,0.6,0.6565231466494011,0.8371137409598948
masked_ae,0,8,0,test,0.7,0.6565231466494011,0.8371137409598948
masked_ae,0,8,0,test,0.8,0.4510629114060645,0.8899521531100478
masked_ae,0,8,0,test,0.85,0.3918204381137369,0.9055356651060316
masked_ae,0,8,0,test,0.9,0.2344879680587029,0.922227335480902
masked_ae,0,8,0,test,0.95,0.0,
masked_ae,0,8,0,run_test,0.0,1.0,0.7302620311697209
masked_ae,0,8,0,run_test,0.5,0.8510018838842267,0.7746025357214731
masked_ae,0,8,0,run_test,0.6,0.6473711251926699,0.8330687830687831
masked_ae,0,8,0,run_test,0.7,0.6473711251926699,0.8330687830687831
masked_ae,0,8,0,run_test,0.8,0.4324370611406062,0.885940594059406
masked_ae,0,8,0,run_test,0.85,0.3719815036821373,0.9023941068139965
masked_ae,0,8,0,run_test,0.9,0.2147628018496317,0.9043062200956936
masked_ae,0,8,0,run_test,0.95,0.0,
masked_ae,0,8,1,test,0.0,1.0,0.7691809647134995
masked_ae,0,8,1,test,0.5,1.0,0.7691809647134995
masked_ae,0,8,1,test,0.6,0.8010143520017265,0.825272800754412
masked_ae,0,8,1,test,0.7,0.8010143520017265,0.825272800754412
masked_ae,0,8,1,test,0.8,0.5508794647674544,0.8810969637610186
masked_ae,0,8,1,test,0.85,0.3773605265997626,0.926508435802116
masked_ae,0,8,1,test,0.9,0.2406388259415129,0.9376681614349776
masked_ae,0,8,1,test,0.95,0.1138448257256933,0.9658767772511848
masked_ae,0,8,1,run_test,0.0,1.0,0.7732488439801336
masked_ae,0,8,1,run_test,0.5,1.0,0.7732488439801336
masked_ae,0,8,1,run_test,0.6,0.7840383627333447,0.8243774574049804
masked_ae,0,8,1,run_test,0.7,0.7840383627333447,0.8243774574049804
masked_ae,0,8,1,run_test,0.8,0.5516355540332248,0.8758149642968023
masked_ae,0,8,1,run_test,0.85,0.3622195581435177,0.9163120567375886
masked_ae,0,8,1,run_test,0.9,0.2419934920363076,0.9263977353149327
masked_ae,0,8,1,run_test,0.95,0.1190272306901866,0.9755395683453236
masked_ae,0,8,2,test,0.0,1.0,0.7204057408006906
masked_ae,0,8,2,test,0.5,0.8521635912377252,0.7694061035836394
masked_ae,0,8,2,test,0.6,0.6644005611308945,0.8292999837583238
masked_ae,0,8,2,test,0.7,0.6644005611308945,0.8292999837583238
masked_ae,0,8,2,test,0.8,0.4619617999352541,0.8768979210464845
masked_ae,0,8,2,test,0.85,0.2351354267832092,0.92198256080771
masked_ae,0,8,2,test,0.9,0.2351354267832092,0.92198256080771
masked_ae,0,8,2,test,0.95,0.0,
masked_ae,0,8,2,run_test,0.0,1.0,0.7290631957526974
masked_ae,0,8,2,run_test,0.5,0.8590512073985271,0.770933014354067
masked_ae,0,8,2,run_test,0.6,0.6554204487069704,0.8288476613535406
masked_ae,0,8,2,run_test,0.7,0.6554204487069704,0.8288476613535406
masked_ae,0,8,2,run_test,0.8,0.4421990066792259,0.8760650658404338
masked_ae,0,8,2,run_test,0.85,0.2151053262544956,0.9044585987261148
masked_ae,0,8,2,run_test,0.9,0.2151053262544956,0.9044585987261148
masked_ae,0,8,2,run_test,0.95,0.0,
masked_ae,0,15,0,test,0.0,1.0,0.7780295672817524
masked_ae,0,15,0,test,0.5,0.8524873205999784,0.8368354430379746
masked_ae,0,15,0,test,0.6,0.812344879680587,0.8525504782146652
masked_ae,0,15,0,test,0.7,0.7172763569655768,0.8811493907025726
masked_ae,0,15,0,test,0.8,0.576346174598036,0.927541658865381
masked_ae,0,15,0,test,0.85,0.5356641847415561,0.9371474617244158
masked_ae,0,15,0,test,0.9,0.4534369267292543,0.9540694907187054
masked_ae,0,15,0,test,0.95,0.1065069601812884,0.9918946301925026
masked_ae,0,15,0,run_test,0.0,1.0,0.7773591368384998
masked_ae,0,15,0,run_test,0.5,0.8522007193012502,0.8319935691318328
masked_ae,0,15,0,run_test,0.6,0.8109265285151567,0.8454065469904963
masked_ae,0,15,0,run_test,0.7,0.7179311525946224,0.8821564885496184
masked_ae,0,15,0,run_test,0.8,0.5610549751669807,0.9224664224664224
masked_ae,0,15,0,run_test,0.85,0.5172118513444083,0.9321192052980132
masked_ae,0,15,0,run_test,0.9,0.444254153108409,0.9468003084040092
masked_ae,0,15,0,run_test,0.95,0.1061825655077924,0.9838709677419356
masked_ae,0,15,1,test,0.0,1.0,0.7819143196287903
masked_ae,0,15,1,test,0.5,0.897161972590914,0.819461149867693
masked_ae,0,15,1,test,0.6,0.8178482788388907,0.8507718696397941
masked_ae,0,15,1,test,0.7,0.6541491313262113,0.8917848894754207
masked_ae,0,15,1,test,0.8,0.5574619617999352,0.9307007355787844
masked_ae,0,15,1,test,0.85,0.5574619617999352,0.9307007355787844
masked_ae,0,15,1,test,0.9,0.4178266968814071,0.9591942148760332
masked_ae,0,15,1,test,0.95,0.277436063450955,0.96927265655387
masked_ae,0,15,1,run_test,0.0,1.0,0.7881486555917109
masked_ae,0,15,1,run_test,0.5,0.901524233601644,0.8195288753799392
masked_ae,0,15,1,run_test,0.6,0.8203459496489125,0.8417536534446765
masked_ae,0,15,1,run_test,0.7,0.6497687960267169,0.8869267264101213
masked_ae,0,15,1,run_test,0.8,0.5393046754581264,0.9285487456335344
masked_ae,0,15,1,run_test,0.85,0.5393046754581264,0.9285487456335344
masked_ae,0,15,1,run_test,0.9,0.4009248158931324,0.9572832123024348
masked_ae,0,15,1,run_test,0.95,0.2753896215105326,0.9713930348258708
masked_ae,0,15,2,test,0.0,1.0,0.7823459587784612
masked_ae,0,15,2,test,0.5,0.8989964389770152,0.8174288800864242
masked_ae,0,15,2,test,0.6,0.7755476421711449,0.8629469876165299
masked_ae,0,15,2,test,0.7,0.7139311535556275,0.8807436517533253
masked_ae,0,15,2,test,0.8,0.5518506528542139,0.9317559640203364
masked_ae,0,15,2,test,0.85,0.5518506528542139,0.9317559640203364
masked_ae,0,15,2,test,0.9,0.4074673572893061,0.9592161016949152
masked_ae,0,15,2,test,0.95,0.2385885399805762,0.969244685662596
masked_ae,0,15,2,run_test,0.0,1.0,0.787977393389279
masked_ae,0,15,2,run_test,0.5,0.9032368556259632,0.8168373151308305
masked_ae,0,15,2,run_test,0.6,0.7761603014214763,0.851721094439541
masked_ae,0,15,2,run_test,0.7,0.71416338414112,0.8743405275779377
masked_ae,0,15,2,run_test,0.8,0.5326254495632814,0.935048231511254
masked_ae,0,15,2,run_test,0.85,0.5326254495632814,0.935048231511254
masked_ae,0,15,2,run_test,0.9,0.3892789861277616,0.9604047514298284
masked_ae,0,15,2,run_test,0.95,0.2233259119712279,0.9601226993865032
masked_ae,0,25,0,test,0.0,1.0,0.8075968490342074
masked_ae,0,25,0,test,0.5,1.0,0.8075968490342074
masked_ae,0,25,0,test,0.6,0.880651775116003,0.8441367479475554
masked_ae,0,25,0,test,0.7,0.7900075536851192,0.8676410326458134
masked_ae,0,25,0,test,0.8,0.605158087838567,0.9222539229671898
masked_ae,0,25,0,test,0.85,0.5078234595877846,0.9483637909052274
masked_ae,0,25,0,test,0.9,0.407143627927053,0.963159289689902
masked_ae,0,25,0,test,0.95,0.2384806301931585,0.9660633484162896
masked_ae,0,25,0,run_test,0.0,1.0,0.8039047782154478
masked_ae,0,25,0,run_test,0.5,1.0,0.8039047782154478
masked_ae,0,25,0,run_test,0.6,0.8674430553176914,0.8495557749259625
masked_ae,0,25,0,run_test,0.7,0.767939715704744,0.8737734165923283
masked_ae,0,25,0,run_test,0.8,0.5812639150539476,0.9248674130819092
masked_ae,0,25,0,run_test,0.85,0.4915225209796198,0.9452961672473869
masked_ae,0,25,0,run_test,0.9,0.4048638465490666,0.962351945854484
masked_ae,0,25,0,run_test,0.95,0.2284637780441856,0.9655172413793104
masked_ae,0,25,1,test,0.0,1.0,0.8100787741448149
masked_ae,0,25,1,test,0.5,0.9596417395057733,0.8255931631620376
masked_ae,0,25,1,test,0.6,0.8486025682529406,0.8592319430315362
masked_ae,0,25,1,test,0.7,0.8210855724614222,0.8646339860691287
masked_ae,0,25,1,test,0.8,0.5964173950577317,0.924733128279356
masked_ae,0,25,1,test,0.85,0.523038739613683,0.943057561378172
masked_ae,0,25,1,test,0.9,0.4225747275277868,0.9550561797752808
masked_ae,0,25,1,test,0.95,0.2923276141146002,0.9575489110372832
masked_ae,0,25,1,run_test,0.0,1.0,0.8081863332762459
masked_ae,0,25,1,run_test,0.5,0.9535879431409487,0.8252514367816092
masked_ae,0,25,1,run_test,0.6,0.8441513957869499,0.8642726719415703
masked_ae,0,25,1,run_test,0.7,0.8095564308957013,0.8684154855087793
masked_ae,0,25,1,run_test,0.8,0.5814351772563795,0.92960235640648
masked_ae,0,25,1,run_test,0.85,0.5098475766398356,0.9392005374538126
masked_ae,0,25,1,run_test,0.9,0.421818804589827,0.9545269995939912
masked_ae,0,25,1,run_test,0.95,0.2800137009761945,0.9480122324159022
masked_ae,0,25,2,test,0.0,1.0,0.823891226934283
masked_ae,0,25,2,test,0.5,0.9241394194453436,0.855908453993461
masked_ae,0,25,2,test,0.6,0.9027732815366354,0.8626583791537175
masked_ae,0,25,2,test,0.7,0.8306895435415992,0.880488438555469
masked_ae,0,25,2,test,0.8,0.7105859501456782,0.9093394077448748
masked_ae,0,25,2,test,0.85,0.6202654580770476,0.9194502435629784
masked_ae,0,25,2,test,0.9,0.4783640876227474,0.9483419806000452
masked_ae,0,25,2,test,0.95,0.1943455271393115,0.9694614103275958
masked_ae,0,25,2,run_test,0.0,1.0,0.8131529371467717
masked_ae,0,25,2,run_test,0.5,0.919506764856996,0.851741478860123
masked_ae,0,25,2,run_test,0.6,0.8992978249700291,0.8598362216720624
masked_ae,0,25,2,run_test,0.7,0.8287377975680768,0.8803471791692499
masked_ae,0,25,2,run_test,0.8,0.7006336701489981,0.9078464923001712
masked_ae,0,25,2,run_test,0.85,0.6100359650625107,0.9169006176305446
masked_ae,0,25,2,run_test,0.9,0.4802192156191128,0.9468616262482168
masked_ae,0,25,2,run_test,0.95,0.191984928926186,0.967885816235504
masked_ae,0,37,0,test,0.0,1.0,0.8243228660839538
masked_ae,0,37,0,test,0.5,0.980036689327722,0.8302136093371504
masked_ae,0,37,0,test,0.6,0.8574511708211935,0.8745280644349358
masked_ae,0,37,0,test,0.7,0.7712312506744362,0.904855183993284
masked_ae,0,37,0,test,0.8,0.6945073918204381,0.9213797389683032
masked_ae,0,37,0,test,0.85,0.6451926189705406,0.9299213915370464
masked_ae,0,37,0,test,0.9,0.458940325887558,0.9612038561015752
masked_ae,0,37,0,test,0.95,0.3148807596849034,0.9684715558601782
masked_ae,0,37,0,run_test,0.0,1.0,0.8189758520294571
masked_ae,0,37,0,run_test,0.5,0.9772221270765542,0.8219418156326673
masked_ae,0,37,0,run_test,0.6,0.8458640178112691,0.8647499493824661
masked_ae,0,37,0,run_test,0.7,0.7559513615345094,0.9019030357951971
masked_ae,0,37,0,run_test,0.8,0.6809385168693269,0.920774647887324
masked_ae,0,37,0,run_test,0.85,0.6312724781640692,0.9297341291372762
masked_ae,0,37,0,run_test,0.9,0.4548724096591882,0.9551957831325302
masked_ae,0,37,0,run_test,0.95,0.3197465319404007,0.9582217461167648
masked_ae,0,37,1,test,0.0,1.0,0.8141793460666883
masked_ae,0,37,1,test,0.5,0.880651775116003,0.8562676142629579
masked_ae,0,37,1,test,0.6,0.7782453868565878,0.8944814198557959
masked_ae,0,37,1,test,0.7,0.7468436387180317,0.9073833261089438
masked_ae,0,37,1,test,0.8,0.6831768641415776,0.9256041699573528
masked_ae,0,37,1,test,0.85,0.6313801661810726,0.9340283712185952
masked_ae,0,37,1,test,0.9,0.4810618323081903,0.9587258860475548
masked_ae,0,37,1,test,0.95,0.2977231034854861,0.9626676332004348
masked_ae,0,37,1,run_test,0.0,1.0,0.8138379859564994
masked_ae,0,37,1,run_test,0.5,0.8722383969857852,0.8564696642450422
masked_ae,0,37,1,run_test,0.6,0.7720500085631101,0.8959627329192547
masked_ae,0,37,1,run_test,0.7,0.7443055317691386,0.9068108605614358
masked_ae,0,37,1,run_test,0.8,0.676485699606097,0.9222784810126582
masked_ae,0,37,1,run_test,0.85,0.6276759719129988,0.931787175989086
masked_ae,0,37,1,run_test,0.9,0.4877547525261175,0.956811797752809
masked_ae,0,37,1,run_test,0.95,0.3046754581263915,0.9634626194491288
masked_ae,0,37,2,test,0.0,1.0,0.8182799179885616
masked_ae,0,37,2,test,0.5,0.9319089241394194,0.8520148216767022
masked_ae,0,37,2,test,0.6,0.8152584439408654,0.8966247518199868
masked_ae,0,37,2,test,0.7,0.7733894464227905,0.9074926747593136
masked_ae,0,37,2,test,0.8,0.7283910650696018,0.9174814814814816
masked_ae,0,37,2,test,0.85,0.5643681881946693,0.9432122370936904
masked_ae,0,37,2,test,0.9,0.4446962339484191,0.961659791312788
masked_ae,0,37,2,test,0.95,0.2852055681450307,0.9727582292849036
masked_ae,0,37,2,run_test,0.0,1.0,0.8201746874464806
masked_ae,0,37,2,run_test,0.5,0.9253296797396816,0.8524893577642051
masked_ae,0,37,2,run_test,0.6,0.8143517725637952,0.8921135646687697
masked_ae,0,37,2,run_test,0.7,0.7686247645144717,0.9044117647058824
masked_ae,0,37,2,run_test,0.8,0.7139921219386881,0.9146078196210122
masked_ae,0,37,2,run_test,0.85,0.558143517725638,0.9395520098189628
masked_ae,0,37,2,run_test,0.9,0.4469943483473197,0.960919540229885
masked_ae,0,37,2,run_test,0.95,0.2926871039561569,0.9648917495611468
masked_ae,0,50,0,test,0.0,1.0,0.8211934822488399
masked_ae,0,50,0,test,0.5,0.9245710585950144,0.857609710550887
masked_ae,0,50,0,test,0.6,0.8311211826912701,0.8917164372890158
masked_ae,0,50,0,test,0.7,0.7614114600194237,0.9121315192743764
masked_ae,0,50,0,test,0.8,0.7171684471781591,0.921757448089076
masked_ae,0,50,0,test,0.85,0.5810942052444157,0.9435468895078925
masked_ae,0,50,0,test,0.9,0.4723211395273551,0.9600182773589216
masked_ae,0,50,0,test,0.95,0.3004208481709291,0.9734195402298852
masked_ae,0,50,0,run_test,0.0,1.0,0.821544785065936
masked_ae,0,50,0,run_test,0.5,0.9246446309299536,0.8573809964808298
masked_ae,0,50,0,run_test,0.6,0.8367871210823771,0.8841588211215718
masked_ae,0,50,0,run_test,0.7,0.7580065079636924,0.9087211929507456
masked_ae,0,50,0,run_test,0.8,0.7124507621168008,0.9182692307692308
masked_ae,0,50,0,run_test,0.85,0.5812639150539476,0.9387153800824986
masked_ae,0,50,0,run_test,0.9,0.4766227093680424,0.9547251167804528
masked_ae,0,50,0,run_test,0.95,0.3067306045555746,0.96929089893914
masked_ae,0,50,1,test,0.0,1.0,0.8233516779971943
masked_ae,0,50,1,test,0.5,0.9666558756879248,0.8380218798839026
masked_ae,0,50,1,test,0.6,0.8320923707780296,0.8898975489560368
masked_ae,0,50,1,test,0.7,0.803927916262005,0.9012080536912752
masked_ae,0,50,1,test,0.8,0.6866299773389446,0.9234637749489236
masked_ae,0,50,1,test,0.85,0.621668285313478,0.9316090956431176
masked_ae,0,50,1,test,0.9,0.434768533505989,0.959295110449243
masked_ae,0,50,1,test,0.95,0.2713931153555627,0.96779324055666
masked_ae,0,50,1,run_test,0.0,1.0,0.8165781811954101
masked_ae,0,50,1,run_test,0.5,0.9566706627847236,0.8315431435732188
masked_ae,0,50,1,run_test,0.6,0.8244562425072787,0.8791026173660158
masked_ae,0,50,1,run_test,0.7,0.7949991436889878,0.8905644118914261
masked_ae,0,50,1,run_test,0.8,0.6737455043671862,0.9140823589222166
masked_ae,0,50,1,run_test,0.85,0.6081520808357596,0.928470853280766
masked_ae,0,50,1,run_test,0.9,0.4358623051892447,0.9548133595284872
masked_ae,0,50,1,run_test,0.95,0.2728206884740538,0.96045197740113
masked_ae,0,50,2,test,0.0,1.0,0.8229200388475235
masked_ae,0,50,2,test,0.5,0.9607208373799504,0.8393799842749635
masked_ae,0,50,2,test,0.6,0.8480630193158519,0.8899351062476142
masked_ae,0,50,2,test,0.7,0.7790007553685119,0.907050838066214
masked_ae,0,50,2,test,0.8,0.7017373475774252,0.9241888359218822
masked_ae,0,50,2,test,0.85,0.6556598683500594,0.9305464121132324
masked_ae,0,50,2,test,0.9,0.4511708211934822,0.9607749342262616
masked_ae,0,50,2,test,0.95,0.2939462609258659,0.974669603524229
masked_ae,0,50,2,run_test,0.0,1.0,0.8205172118513444
masked_ae,0,50,2,run_test,0.5,0.9587258092139064,0.8379778492318686
masked_ae,0,50,2,run_test,0.6,0.8522007193012502,0.8844453376205788
masked_ae,0,50,2,run_test,0.7,0.7682822401096078,0.9048149799375836
masked_ae,0,50,2,run_test,0.8,0.6956670662784723,0.9190054160512064
masked_ae,0,50,2,run_test,0.85,0.6518239424559,0.9256437204414084
masked_ae,0,50,2,run_test,0.9,0.4565850316835074,0.9587396849212304
masked_ae,0,50,2,run_test,0.95,0.3077581777701661,0.9660545353366722
vae,1,3,0,test,0.0,1.0,0.7258012301715766
vae,1,3,0,test,0.5,1.0,0.7258012301715766
vae,1,3,0,test,0.6,1.0,0.7258012301715766
vae,1,3,0,test,0.7,0.3309593180101435,0.8536028692533421
vae,1,3,0,test,0.8,0.3309593180101435,0.8536028692533421
vae,1,3,0,test,0.85,0.3309593180101435,0.8536028692533421
vae,1,3,0,test,0.9,0.0,
vae,1,3,0,test,0.95,0.0,
vae,1,3,0,run_test,0.0,1.0,0.729919506764857
vae,1,3,0,run_test,0.5,1.0,0.729919506764857
vae,1,3,0,run_test,0.6,1.0,0.729919506764857
vae,1,3,0,run_test,0.7,0.3009076896728891,0.8218554354012522
vae,1,3,0,run_test,0.8,0.3009076896728891,0.8218554354012522
vae,1,3,0,run_test,0.85,0.3009076896728891,0.8218554354012522
vae,1,3,0,run_test,0.9,0.0,
vae,1,3,0,run_test,0.95,0.0,
vae,1,3,1,test,0.0,1.0,0.7258012301715766
vae,1,3,1,test,0.5,1.0,0.7258012301715766
vae,1,3,1,test,0.6,1.0,0.7258012301715766
vae,1,3,1,test,0.7,0.3309593180101435,0.8536028692533421
vae,1,3,1,test,0.8,0.3309593180101435,0.8536028692533421
vae,1,3,1,test,0.85,0.3309593180101435,0.8536028692533421
vae,1,3,1,test,0.9,0.0,
vae,1,3,1,test,0.95,0.0,
vae,1,3,1,run_test,0.0,1.0,0.729919506764857
vae,1,3,1,run_test,0.5,1.0,0.729919506764857
vae,1,3,1,run_test,0.6,1.0,0.729919506764857
vae,1,3,1,run_test,0.7,0.3009076896728891,0.8218554354012522
vae,1,3,1,run_test,0.8,0.3009076896728891,0.8218554354012522
vae,1,3,1,run_test,0.85,0.3009076896728891,0.8218554354012522
vae,1,3,1,run_test,0.9,0.0,
vae,1,3,1,run_test,0.95,0.0,
vae,1,3,2,test,0.0,1.0,0.6576022445235783
vae,1,3,2,test,0.5,1.0,0.6576022445235783
vae,1,3,2,test,0.6,0.549476637531024,0.719363707776905
vae,1,3,2,test,0.7,0.2157116650480198,0.919959979989995
vae,1,3,2,test,0.8,0.2157116650480198,0.919959979989995
vae,1,3,2,test,0.85,0.2157116650480198,0.919959979989995
vae,1,3,2,test,0.9,0.2157116650480198,0.919959979989995
vae,1,3,2,test,0.95,0.0,
vae,1,3,2,run_test,0.0,1.0,0.6769994862133927
vae,1,3,2,run_test,0.5,1.0,0.6769994862133927
vae,1,3,2,run_test,0.6,0.5607124507621168,0.7272449602932193
vae,1,3,2,run_test,0.7,0.1993492036307587,0.8926116838487973
vae,1,3,2,run_test,0.8,0.1993492036307587,0.8926116838487973
vae,1,3,2,run_test,0.85,0.1993492036307587,0.8926116838487973
vae,1,3,2,run_test,0.9,0.1993492036307587,0.8926116838487973
vae,1,3,2,run_test,0.95,0.0,
vae,1,8,0,test,0.0,1.0,0.7310888097550448
vae,1,8,0,test,0.5,0.7851516132513219,0.7950797141286421
vae,1,8,0,test,0.6,0.6525304845149456,0.8437241607408632
vae,1,8,0,test,0.7,0.5959857559080609,0.8578671012131088
vae,1,8,0,test,0.8,0.5959857559080609,0.8578671012131088
vae,1,8,0,test,0.85,0.3352757095068522,0.8947537817830705
vae,1,8,0,test,0.9,0.2201359663321463,0.9318627450980392
vae,1,8,0,test,0.95,0.0,
vae,1,8,0,run_test,0.0,1.0,0.7271793115259462
vae,1,8,0,run_test,0.5,0.7773591368384998,0.7834324741132408
vae,1,8,0,run_test,0.6,0.6504538448364446,0.8375460768825698
vae,1,8,0,run_test,0.7,0.5956499400582291,0.8596894767107534
vae,1,8,0,run_test,0.8,0.5956499400582291,0.8596894767107534
vae,1,8,0,run_test,0.85,0.3334475081349546,0.8870056497175142
vae,1,8,0,run_test,0.9,0.2019181366672375,0.9117896522476676
vae,1,8,0,run_test,0.95,0.0,
vae,1,8,1,test,0.0,1.0,0.7286068846444372
vae,1,8,1,test,0.5,0.7853674328261573,0.7908766144545205
vae,1,8,1,test,0.6,0.6571706053739074,0.8418719211822661
vae,1,8,1,test,0.7,0.6571706053739074,0.8418719211822661
vae,1,8,1,test,0.8,0.5788280997086436,0.8542132736763609
vae,1,8,1,test,0.85,0.3200604294809539,0.890087660148348
vae,1,8,1,test,0.9,0.2034099492823999,0.9347480106100796
vae,1,8,1,test,0.95,0.0,
vae,1,8,1,run_test,0.0,1.0,0.7283781469429697
vae,1,8,1,run_test,0.5,0.7725637951704059,0.784748392817557
vae,1,8,1,run_test,0.6,0.6494262716218531,0.8415084388185654
vae,1,8,1,run_test,0.7,0.6494262716218531,0.8415084388185654
vae,1,8,1,run_test,0.8,0.5778386710053092,0.8592175459395376
vae,1,8,1,run_test,0.85,0.3182051721185134,0.8848223896663079
vae,1,8,1,run_test,0.9,0.1866758006507963,0.9128440366972476
vae,1,8,1,run_test,0.95,0.0,
vae,1,8,2,test,0.0,1.0,0.7288227042192726
vae,1,8,2,test,0.5,0.7853674328261573,0.7910140148392415
vae,1,8,2,test,0.6,0.6570626955864897,0.8418459517162096
vae,1,8,2,test,0.7,0.6570626955864897,0.8418459517162096
vae,1,8,2,test,0.8,0.579043919283479,0.8542676108833396
vae,1,8,2,test,0.85,0.3200604294809539,0.890087660148348
vae,1,8,2,test,0.9,0.2036257688572353,0.9348171701112876
vae,1,8,2,test,0.95,0.0,
vae,1,8,2,run_test,0.0,1.0,0.7285494091454016
vae,1,8,2,run_test,0.5,0.7723925329679739,0.7849223946784922
vae,1,8,2,run_test,0.6,0.6490837472169892,0.841688654353562
vae,1,8,2,run_test,0.7,0.6490837472169892,0.841688654353562
vae,1,8,2,run_test,0.8,0.5778386710053092,0.8592175459395376
vae,1,8,2,run_test,0.85,0.3182051721185134,0.8848223896663079
vae,1,8,2,run_test,0.9,0.1866758006507963,0.9128440366972476
vae,1,8,2,run_test,0.95,0.0,
vae,1,15,0,test,0.0,1.0,0.7554764217114492
vae,1,15,0,test,0.5,0.9172331930506096,0.7829411764705883
vae,1,15,0,test,0.6,0.7542894140498543,0.8336194563662375
vae,1,15,0,test,0.7,0.5235782885507716,0.9202390766694146
vae,1,15,0,test,0.8,0.4682205676054818,0.9419221018667896
vae,1,15,0,test,0.85,0.4333657062695586,0.9546812749003984
vae,1,15,0,test,0.9,0.4333657062695586,0.9546812749003984
vae,1,15,0,test,0.95,0.2156037552606021,0.9764764764764764
vae,1,15,0,run_test,0.0,1.0,0.7616030142147628
vae,1,15,0,run_test,0.5,0.9078609350916252,0.7879645349933975
vae,1,15,0,run_test,0.6,0.7479020380202089,0.8255095030913671
vae,1,15,0,run_test,0.7,0.5184106867614318,0.9084902543772712
vae,1,15,0,run_test,0.8,0.4658331906148313,0.9316176470588236
vae,1,15,0,run_test,0.85,0.426271621853057,0.9449578143832864
vae,1,15,0,run_test,0.9,0.426271621853057,0.9449578143832864
vae,1,15,0,run_test,0.95,0.2226408631615002,0.9753846153846154
vae,1,15,1,test,0.0,1.0,0.7878493579367649
vae,1,15,1,test,0.5,0.9649293190892414,0.8025050324312234
vae,1,15,1,test,0.6,0.8015539009388152,0.8524501884760366
vae,1,15,1,test,0.7,0.70529837056221,0.8829559363525091
vae,1,15,1,test,0.8,0.541059674112442,0.9305943358595932
vae,1,15,1,test,0.85,0.4703787633538362,0.9479238357421428
vae,1,15,1,test,0.9,0.4275385777490018,0.953306410903584
vae,1,15,1,test,0.95,0.1178374878601489,0.9844322344322344
vae,1,15,1,run_test,0.0,1.0,0.7941428326768282
vae,1,15,1,run_test,0.5,0.9611234800479534,0.8089807555238774
vae,1,15,1,run_test,0.6,0.7943140948792602,0.8495040965933592
vae,1,15,1,run_test,0.7,0.7030313409830451,0.8750304506699147
vae,1,15,1,run_test,0.8,0.5375920534338071,0.9280025485823512
vae,1,15,1,run_test,0.85,0.4719986299023805,0.9426705370101596
vae,1,15,1,run_test,0.9,0.4209624935776674,0.9458909682668836
vae,1,15,1,run_test,0.95,0.1245076211680082,0.9779917469050894
vae,1,15,2,test,0.0,1.0,0.7472752778677026
vae,1,15,2,test,0.5,0.8326319197151182,0.812208398133748
vae,1,15,2,test,0.6,0.8326319197151182,0.812208398133748
vae,1,15,2,test,0.7,0.5831444912053523,0.8865655070318282
vae,1,15,2,test,0.8,0.4185820653933311,0.9440577468419696
vae,1,15,2,test,0.85,0.4185820653933311,0.9440577468419696
vae,1,15,2,test,0.9,0.3823243768209776,0.9556872706745696
vae,1,15,2,test,0.95,0.1655336138987806,0.9823989569752282
vae,1,15,2,run_test,0.0,1.0,0.7465319404007535
vae,1,15,2,run_test,0.5,0.8373009076896729,0.8056862344037635
vae,1,15,2,run_test,0.6,0.8373009076896729,0.8056862344037635
vae,1,15,2,run_test,0.7,0.5864017811269053,0.861857476635514
vae,1,15,2,run_test,0.8,0.412741907860935,0.933195020746888
vae,1,15,2,run_test,0.85,0.412741907860935,0.933195020746888
vae,1,15,2,run_test,0.9,0.3731803390991608,0.9444699403396052
vae,1,15,2,run_test,0.95,0.1709196780270594,0.9829659318637276
vae,1,25,0,test,0.0,1.0,0.7815905902665372
vae,1,25,0,test,0.5,0.8912269342829394,0.8247971909432135
vae,1,25,0,test,0.6,0.7911945613467142,0.8608837970540099
vae,1,25,0,test,0.7,0.7288227042192726,0.883032277169085
vae,1,25,0,test,0.8,0.5404122153879357,0.9406948881789138
vae,1,25,0,test,0.85,0.4787957267724183,0.9517692134324994
vae,1,25,0,test,0.9,0.4116758389985971,0.9562254259501966
vae,1,25,0,test,0.95,0.2961044566742203,0.9675655976676384
vae,1,25,0,run_test,0.0,1.0,0.7730775817777017
vae,1,25,0,run_test,0.5,0.8826853913341326,0.8214978657353512
vae,1,25,0,run_test,0.6,0.7903750642233259,0.8550379198266522
vae,1,25,0,run_test,0.7,0.7290631957526974,0.8729151984965938
vae,1,25,0,run_test,0.8,0.5370782668265114,0.9339923469387756
vae,1,25,0,run_test,0.85,0.4757663983558828,0.9481641468682506
vae,1,25,0,run_test,0.9,0.4070902551806816,0.9528817837610434
vae,1,25,0,run_test,0.95,0.2950847747902038,0.9576320371445154
vae,1,25,1,test,0.0,1.0,0.7859069817632459
vae,1,25,1,test,0.5,0.8820546023524334,0.8386346953755811
vae,1,25,1,test,0.6,0.8427754397323838,0.8510883482714469
vae,1,25,1,test,0.7,0.7516995791518291,0.8827160493827161
vae,1,25,1,test,0.8,0.5880004316391497,0.9249403560286292
vae,1,25,1,test,0.85,0.5082550987374554,0.9452229299363056
vae,1,25,1,test,0.9,0.4533290169418366,0.9592954058557488
vae,1,25,1,test,0.95,0.2352433365706269,0.9743119266055046
vae,1,25,1,run_test,0.0,1.0,0.7824970029114574
vae,1,25,1,run_test,0.5,0.884055488953588,0.8359163115071677
vae,1,25,1,run_test,0.6,0.8446651823942456,0.8495539334955393
vae,1,25,1,run_test,0.7,0.7513272820688474,0.8744016412126738
vae,1,25,1,run_test,0.8,0.5899982873779757,0.9236574746008708
vae,1,25,1,run_test,0.85,0.4988867956841925,0.943700652248541
vae,1,25,1,run_test,0.9,0.4468230861448878,0.9547719432732849
vae,1,25,1,run_test,0.95,0.2318890220928241,0.9741506646971936
vae,1,25,2,test,0.0,1.0,0.7945397647566634
vae,1,25,2,test,0.5,0.915938275601597,0.8324693685202639
vae,1,25,2,test,0.6,0.8290708967303334,0.8667187296628921
vae,1,25,2,test,0.7,0.7473831876551204,0.8922899220329195
vae,1,25,2,test,0.8,0.6323513542678321,0.9262798634812288
vae,1,25,2,test,0.85,0.6175677133916047,0.9281845186091212
vae,1,25,2,test,0.9,0.4302363224344448,0.9573614246300476
vae,1,25,2,test,0.95,0.2270421927268803,0.9600760456273764
vae,1,25,2,run_test,0.0,1.0,0.7944853570816921
vae,1,25,2,run_test,0.5,0.917451618427813,0.8316221765913757
vae,1,25,2,run_test,0.6,0.8229148826853914,0.8620187304890738
vae,1,25,2,run_test,0.7,0.7415653365302278,0.8916859122401848
vae,1,25,2,run_test,0.8,0.6237369412570646,0.9222954420647996
vae,1,25,2,run_test,0.85,0.6084946052406234,0.9254151421334084
vae,1,25,2,run_test,0.9,0.437403665011132,0.9596711041503524
vae,1,25,2,run_test,0.95,0.234286692926871,0.956140350877193
vae,1,37,0,test,0.0,1.0,0.8133160677673466
vae,1,37,0,test,0.5,0.9107586058055466,0.8466824644549763
vae,1,37,0,test,0.6,0.8419121614330419,0.8709305306331709
vae,1,37,0,test,0.7,0.7819143196287903,0.888904223019597
vae,1,37,0,test,0.8,0.7055141901370454,0.9117467115325788
vae,1,37,0,test,0.85,0.6382863925758067,0.9242603550295858
vae,1,37,0,test,0.9,0.4921765404122153,0.94650295987722
vae,1,37,0,test,0.95,0.2658897161972591,0.9614448051948052
vae,1,37,0,run_test,0.0,1.0,0.8131529371467717
vae,1,37,0,run_test,0.5,0.9102586059256722,0.8481655691439323
vae,1,37,0,run_test,0.6,0.8355882856653537,0.8688255790120927
vae,1,37,0,run_test,0.7,0.7794142832676828,0.8831026148099319
vae,1,37,0,run_test,0.8,0.6973796883027916,0.9106090373280944
vae,1,37,0,run_test,0.85,0.6369241308443226,0.9228287173971498
vae,1,37,0,run_test,0.9,0.4846720328823428,0.9473498233215548
vae,1,37,0,run_test,0.95,0.2675115601986642,0.9647887323943662
vae,1,37,1,test,0.0,1.0,0.8182799179885616
vae,1,37,1,test,0.5,0.9302902773281536,0.8451455747593086
vae,1,37,1,test,0.6,0.8783856695802309,0.8638820638820639
vae,1,37,1,test,0.7,0.7546131434121075,0.9013299013299012
vae,1,37,1,test,0.8,0.6960181288442862,0.92
vae,1,37,1,test,0.85,0.6062371857127441,0.9346742613029548
vae,1,37,1,test,0.9,0.4329340671198878,0.956630109670987
vae,1,37,1,test,0.95,0.3131542030862199,0.9727773949000688
vae,1,37,1,run_test,0.0,1.0,0.8157218701832506
vae,1,37,1,run_test,0.5,0.9246446309299536,0.8431190961289128
vae,1,37,1,run_test,0.6,0.868470628532283,0.8584105699073161
vae,1,37,1,run_test,0.7,0.7427641719472512,0.8955499192990547
vae,1,37,1,run_test,0.8,0.6838499743106696,0.9151014274981216
vae,1,37,1,run_test,0.85,0.6007878061311869,0.9312998859749144
vae,1,37,1,run_test,0.9,0.4355197807843808,0.9520251671254424
vae,1,37,1,run_test,0.95,0.31255351943826,0.9627397260273972
vae,1,37,2,test,0.0,1.0,0.8042516456242581
vae,1,37,2,test,0.5,0.8972698823783317,0.8531569452796152
vae,1,37,2,test,0.6,0.8041437358368404,0.8878153515834675
vae,1,37,2,test,0.7,0.7630301068306895,0.9005798331211993
vae,1,37,2,test,0.8,0.7006582497032481,0.9168335130140152
vae,1,37,2,test,0.85,0.5780727311967195,0.933731566175098
vae,1,37,2,test,0.9,0.5064206323513543,0.949712337523972
vae,1,37,2,test,0.95,0.3020394949821949,0.9682029296177206
vae,1,37,2,run_test,0.0,1.0,0.808015071073814
vae,1,37,2,run_test,0.5,0.897413940743278,0.8540076335877863
vae,1,37,2,run_test,0.6,0.8028772050008564,0.8886518771331058
vae,1,37,2,run_test,0.7,0.7616030142147628,0.9055543062738926
vae,1,37,2,run_test,0.8,0.698578523719815,0.915665604314783
vae,1,37,2,run_test,0.85,0.5906833361877034,0.9321542476080024
vae,1,37,2,run_test,0.9,0.5163555403322486,0.9492537313432836
vae,1,37,2,run_test,0.95,0.2988525432437061,0.9621776504297994
vae,1,50,0,test,0.0,1.0,0.8126686090428402
vae,1,50,0,test,0.5,0.917125283263192,0.8518649252853276
vae,1,50,0,test,0.6,0.8571274414589404,0.8739770867430442
vae,1,50,0,test,0.7,0.8235674975720297,0.8812893081761006
vae,1,50,0,test,0.8,0.6709830581633754,0.9120295915085236
vae,1,50,0,test,0.85,0.5665263839430237,0.9321904761904762
vae,1,50,0,test,0.9,0.4403798424517103,0.9566282773829944
vae,1,50,0,test,0.95,0.3341966116326751,0.9654504359057152
vae,1,50,0,run_test,0.0,1.0,0.8145230347662271
vae,1,50,0,run_test,0.5,0.9135125877718788,0.8537682789651294
vae,1,50,0,run_test,0.6,0.8540846035280014,0.8710647683978344
vae,1,50,0,run_test,0.7,0.8182908032197294,0.8756802009208874
vae,1,50,0,run_test,0.8,0.6511388936461723,0.9084692267227776
vae,1,50,0,run_test,0.85,0.5554033224867272,0.9281529448041936
vae,1,50,0,run_test,0.9,0.4341496831649255,0.955818540433925
vae,1,50,0,run_test,0.95,0.3337900325398185,0.9620318111852232
vae,1,50,1,test,0.0,0.9998920902125824,0.8026116986833585
vae,1,50,1,test,0.5,0.95316715226071,0.8205592663874108
vae,1,50,1,test,0.6,0.8271285205568145,0.8738421395955642
vae,1,50,1,test,0.7,0.7622747383187655,0.8999150622876557
vae,1,50,1,test,0.8,0.6832847739289953,0.9191408717624764
vae,1,50,1,test,0.85,0.5508794647674544,0.9424094025465232
vae,1,50,1,test,0.9,0.4371425488291788,0.9612441372500616
vae,1,50,1,test,0.95,0.2911406064530052,0.969236471460341
vae,1,50,1,run_test,0.0,1.0,0.7997944853570816
vae,1,50,1,run_test,0.5,0.9501626990923104,0.8224585436193222
vae,1,50,1,run_test,0.6,0.8181195410172974,0.879631567929663
vae,1,50,1,run_test,0.7,0.7523548552834389,0.906897336671978
vae,1,50,1,run_test,0.8,0.6698064737112519,0.9217591408846842
vae,1,50,1,run_test,0.85,0.551293029628361,0.9372475924200062
vae,1,50,1,run_test,0.9,0.4425415310840897,0.9547213622291022
vae,1,50,1,run_test,0.95,0.2959410858023634,0.961226851851852
vae,1,50,2,test,0.0,1.0,0.7938923060321571
vae,1,50,2,test,0.5,0.8305816337541815,0.8717682213849551
vae,1,50,2,test,0.6,0.7609798208697529,0.9058423142370958
vae,1,50,2,test,0.7,0.7609798208697529,0.9058423142370958
vae,1,50,2,test,0.8,0.6976367756555519,0.9218870843000774
vae,1,50,2,test,0.85,0.5906981763245926,0.938618925831202
vae,1,50,2,test,0.9,0.4872126901910003,0.9541528239202658
vae,1,50,2,test,0.95,0.3620373367864465,0.96274217585693
vae,1,50,2,run_test,0.0,1.0,0.8016783695838329
vae,1,50,2,run_test,0.5,0.8287377975680768,0.8706344286009506
vae,1,50,2,run_test,0.6,0.752183593081007,0.9114298724954464
vae,1,50,2,run_test,0.7,0.752183593081007,0.9114298724954464
vae,1,50,2,run_test,0.8,0.6942969686590169,0.9205722742969906
vae,1,50,2,run_test,0.85,0.5947936290460696,0.9334868989346388
vae,1,50,2,run_test,0.9,0.4958040760404179,0.9550949913644214
vae,1,50,2,run_test,0.95,0.3697550950505223,0.9615562760537286
vae,0,3,0,test,0.0,1.0,0.7178159059026654
vae,0,3,0,test,0.5,1.0,0.7178159059026654
vae,0,3,0,test,0.6,1.0,0.7178159059026654
vae,0,3,0,test,0.7,0.3256717384266753,0.8426110006626906
vae,0,3,0,test,0.8,0.3256717384266753,0.8426110006626906
vae,0,3,0,test,0.85,0.3256717384266753,0.8426110006626906
vae,0,3,0,test,0.9,0.0,
vae,0,3,0,test,0.95,0.0,
vae,0,3,0,run_test,0.0,1.0,0.7234115430724439
vae,0,3,0,run_test,0.5,1.0,0.7234115430724439
vae,0,3,0,run_test,0.6,1.0,0.7234115430724439
vae,0,3,0,run_test,0.7,0.2973111834218188,0.8133640552995391
vae,0,3,0,run_test,0.8,0.2973111834218188,0.8133640552995391
vae,0,3,0,run_test,0.85,0.2973111834218188,0.8133640552995391
vae,0,3,0,run_test,0.9,0.0,
vae,0,3,0,run_test,0.95,0.0,
vae,0,3,1,test,0.0,1.0,0.7182475450523362
vae,0,3,1,test,0.5,1.0,0.7182475450523362
vae,0,3,1,test,0.6,1.0,0.7182475450523362
vae,0,3,1,test,0.7,0.3266429265134348,0.8420878757846052
vae,0,3,1,test,0.8,0.3266429265134348,0.8420878757846052
vae,0,3,1,test,0.85,0.3266429265134348,0.8420878757846052
vae,0,3,1,test,0.9,0.0,
vae,0,3,1,test,0.95,0.0,
vae,0,3,1,run_test,0.0,1.0,0.7239253296797397
vae,0,3,1,run_test,0.5,1.0,0.7239253296797397
vae,0,3,1,run_test,0.6,1.0,0.7239253296797397
vae,0,3,1,run_test,0.7,0.2978249700291145,0.8136860264519838
vae,0,3,1,run_test,0.8,0.2978249700291145,0.8136860264519838
vae,0,3,1,run_test,0.85,0.2978249700291145,0.8136860264519838
vae,0,3,1,run_test,0.9,0.0,
vae,0,3,1,run_test,0.95,0.0,
vae,0,3,2,test,0.0,1.0,0.7179238156900831
vae,0,3,2,test,0.5,1.0,0.7179238156900831
vae,0,3,2,test,0.6,1.0,0.7179238156900831
vae,0,3,2,test,0.7,0.3259954677889284,0.8421052631578947
vae,0,3,2,test,0.8,0.3259954677889284,0.8421052631578947
vae,0,3,2,test,0.85,0.3259954677889284,0.8421052631578947
vae,0,3,2,test,0.9,0.0,
vae,0,3,2,test,0.95,0.0,
vae,0,3,2,run_test,0.0,1.0,0.7235828052748758
vae,0,3,2,run_test,0.5,1.0,0.7235828052748758
vae,0,3,2,run_test,0.6,1.0,0.7235828052748758
vae,0,3,2,run_test,0.7,0.2973111834218188,0.8133640552995391
vae,0,3,2,run_test,0.8,0.2973111834218188,0.8133640552995391
vae,0,3,2,run_test,0.85,0.2973111834218188,0.8133640552995391
vae,0,3,2,run_test,0.9,0.0,
vae,0,3,2,run_test,0.95,0.0,
vae,0,8,0,test,0.0,1.0,0.7431747059458292
vae,0,8,0,test,0.5,0.8024171792381569,0.8203335126412049
vae,0,8,0,test,0.6,0.8024171792381569,0.8203335126412049
vae,0,8,0,test,0.7,0.5882162512139851,0.8945147679324894
vae,0,8,0,test,0.8,0.5308082443077587,0.9182760723724336
vae,0,8,0,test,0.85,0.5308082443077587,0.9182760723724336
vae,0,8,0,test,0.9,0.31693104564584,0.958120531154239
vae,0,8,0,test,0.95,0.189165857343261,0.9714774671990872
vae,0,8,0,run_test,0.0,1.0,0.7443055317691386
vae,0,8,0,run_test,0.5,0.7939715704743963,0.8147109577221743
vae,0,8,0,run_test,0.6,0.7939715704743963,0.8147109577221743
vae,0,8,0,run_test,0.7,0.5800650796369241,0.8839681133746679
vae,0,8,0,run_test,0.8,0.5196095221784552,0.9060646011865524
vae,0,8,0,run_test,0.85,0.5196095221784552,0.9060646011865524
vae,0,8,0,run_test,0.9,0.3106696352115088,0.9426681367144432
vae,0,8,0,run_test,0.95,0.189758520294571,0.973826714801444
vae,0,8,1,test,0.0,1.0,0.7534261357505125
vae,0,8,1,test,0.5,1.0,0.7534261357505125
vae,0,8,1,test,0.6,0.834250566526384,0.799508472383909
vae,0,8,1,test,0.7,0.4955217438221647,0.9172473867595818
vae,0,8,1,test,0.8,0.4955217438221647,0.9172473867595818
vae,0,8,1,test,0.85,0.4955217438221647,0.9172473867595818
vae,0,8,1,test,0.9,0.2879033128304737,0.9576461769115442
vae,0,8,1,test,0.95,0.1644545160246034,0.973753280839895
vae,0,8,1,run_test,0.0,1.0,0.7607467032026032
vae,0,8,1,run_test,0.5,1.0,0.7607467032026032
vae,0,8,1,run_test,0.6,0.8200034252440487,0.7999164578111947
vae,0,8,1,run_test,0.7,0.4810755266312724,0.9045923816304736
vae,0,8,1,run_test,0.8,0.4810755266312724,0.9045923816304736
vae,0,8,1,run_test,0.85,0.4810755266312724,0.9045923816304736
vae,0,8,1,run_test,0.9,0.2837814694296968,0.9408569704284852
vae,0,8,1,run_test,0.95,0.1668093851686932,0.9753593429158112
vae,0,8,2,test,0.0,1.0,0.7434984353080825
vae,0,8,2,test,0.5,1.0,0.7434984353080825
vae,0,8,2,test,0.6,0.5998705082550987,0.8711998560892247
vae,0,8,2,test,0.7,0.4635804467465199,0.9315642458100558
vae,0,8,2,test,0.8,0.4635804467465199,0.9315642458100558
vae,0,8,2,test,0.85,0.4635804467465199,0.9315642458100558
vae,0,8,2,test,0.9,0.3845904823567497,0.9478114478114478
vae,0,8,2,test,0.95,0.1636991475126794,0.972313777191826
vae,0,8,2,run_test,0.0,1.0,0.7489296112348005
vae,0,8,2,run_test,0.5,1.0,0.7489296112348005
vae,0,8,2,run_test,0.6,0.5838328480904265,0.8524493986506306
vae,0,8,2,run_test,0.7,0.4540160986470286,0.920030177291588
vae,0,8,2,run_test,0.8,0.4540160986470286,0.920030177291588
vae,0,8,2,run_test,0.85,0.4540160986470286,0.920030177291588
vae,0,8,2,run_test,0.9,0.3641034423702688,0.9365004703668862
vae,0,8,2,run_test,0.95,0.1635554033224867,0.974869109947644
vae,0,15,0,test,0.0,1.0,0.7506204812776519
vae,0,15,0,test,0.5,0.9755044782561778,0.7588495575221239
vae,0,15,0,test,0.6,0.6733570734865653,0.8408653846153846
vae,0,15,0,test,0.7,0.5163483327937844,0.8996865203761756
vae,0,15,0,test,0.8,0.4190137045430021,0.9407674478496008
vae,0,15,0,test,0.85,0.3522175461314341,0.961703431372549
vae,0,15,0,test,0.9,0.3522175461314341,0.961703431372549
vae,0,15,0,test,0.95,0.2531563612819683,0.9722932651321398
vae,0,15,0,run_test,0.0,1.0,0.7496146600445281
vae,0,15,0,run_test,0.5,0.9739681452303476,0.7571654650958326
vae,0,15,0,run_test,0.6,0.6790546326425758,0.8337957124842371
vae,0,15,0,run_test,0.7,0.5108751498544272,0.879651357693597
vae,0,15,0,run_test,0.8,0.4123993834560712,0.9248338870431894
vae,0,15,0,run_test,0.85,0.3411543072443911,0.9563253012048192
vae,0,15,0,run_test,0.9,0.3411543072443911,0.9563253012048192
vae,0,15,0,run_test,0.95,0.2563795170405891,0.9632598530394122
vae,0,15,1,test,0.0,1.0,0.7607640012949175
vae,0,15,1,test,0.5,0.8468760116542571,0.824796126401631
vae,0,15,1,test,0.6,0.8468760116542571,0.824796126401631
vae,0,15,1,test,0.7,0.6122801338081364,0.8917870990482905
vae,0,15,1,test,0.8,0.4954138340347469,0.9298627749945546
vae,0,15,1,test,0.85,0.4196611632675083,0.9627153509899716
vae,0,15,1,test,0.9,0.4196611632675083,0.9627153509899716
vae,0,15,1,test,0.95,0.2584439408654365,0.9711899791231732
vae,0,15,1,run_test,0.0,1.0,0.7643432094536736
vae,0,15,1,run_test,0.5,0.8520294570988183,0.8215075376884422
vae,0,15,1,run_test,0.6,0.8520294570988183,0.8215075376884422
vae,0,15,1,run_test,0.7,0.6059256722041445,0.8815715093273035
vae,0,15,1,run_test,0.8,0.4896386367528686,0.9289961525008744
vae,0,15,1,run_test,0.85,0.4052063709539305,0.956466610312764
vae,0,15,1,run_test,0.9,0.4052063709539305,0.956466610312764
vae,0,15,1,run_test,0.95,0.2536393218016783,0.9561107359891964
vae,0,15,2,test,0.0,1.0,0.7537498651127658
vae,0,15,2,test,0.5,0.9623394841912162,0.7668759811616954
vae,0,15,2,test,0.6,0.7226718463364628,0.8482902792295057
vae,0,15,2,test,0.7,0.6612711772957808,0.8655352480417755
vae,0,15,2,test,0.8,0.4302363224344448,0.9495861550037622
vae,0,15,2,test,0.85,0.4302363224344448,0.9495861550037622
vae,0,15,2,test,0.9,0.3858853998057623,0.9594519015659956
vae,0,15,2,test,0.95,0.26017049746412,0.971381169639154
vae,0,15,2,run_test,0.0,1.0,0.7485870868299367
vae,0,15,2,run_test,0.5,0.9554718273677,0.7619645097687757
vae,0,15,2,run_test,0.6,0.7211851344408289,0.8425552125385894
vae,0,15,2,run_test,0.7,0.6660387052577497,0.8596040113139625
vae,0,15,2,run_test,0.8,0.4147970542901181,0.9409578860445912
vae,0,15,2,run_test,0.85,0.4147970542901181,0.9409578860445912
vae,0,15,2,run_test,0.9,0.3755780099332077,0.9534883720930232
vae,0,15,2,run_test,0.95,0.2563795170405891,0.9605878423513694
vae,0,25,0,test,0.0,1.0,0.7951872234811698
vae,0,25,0,test,0.5,0.9187439300744578,0.8289875499177825
vae,0,25,0,test,0.6,0.8891766483220028,0.8396844660194175
vae,0,25,0,test,0.7,0.7502967519153987,0.8842226377103408
vae,0,25,0,test,0.8,0.6526383943023633,0.9158399470899472
vae,0,25,0,test,0.85,0.5543325779648214,0.934981506715982
vae,0,25,0,test,0.9,0.458940325887558,0.943569245238655
vae,0,25,0,test,0.95,0.1665048019855401,0.9753726506804924
vae,0,25,0,run_test,0.0,1.0,0.790203802020894
vae,0,25,0,run_test,0.5,0.9133413255694468,0.8297393587099193
vae,0,25,0,run_test,0.6,0.8787463606781983,0.843305398557786
vae,0,25,0,run_test,0.7,0.738996403493749,0.8880648899188877
vae,0,25,0,run_test,0.8,0.6323000513786607,0.9195557963163596
vae,0,25,0,run_test,0.85,0.5386196266483987,0.934181240063593
vae,0,25,0,run_test,0.9,0.4548724096591882,0.9457831325301204
vae,0,25,0,run_test,0.95,0.1669806473711252,0.957948717948718
vae,0,25,1,test,0.0,1.0,0.7845041545268155
vae,0,25,1,test,0.5,0.8945721376928888,0.8232810615199035
vae,0,25,1,test,0.6,0.7539656846876012,0.8756261628739087
vae,0,25,1,test,0.7,0.6467033559943887,0.9118972134156516
vae,0,25,1,test,0.8,0.5696557677781374,0.9352150028414472
vae,0,25,1,test,0.85,0.518398618754721,0.9446294754371356
vae,0,25,1,test,0.9,0.414805222833711,0.9581165452653486
vae,0,25,1,test,0.95,0.2493795187223481,0.972739073993942
vae,0,25,1,run_test,0.0,1.0,0.7840383627333447
vae,0,25,1,run_test,0.5,0.8975852029457099,0.8244609807288685
vae,0,25,1,run_test,0.6,0.7526973796883027,0.8796359499431172
vae,0,25,1,run_test,0.7,0.6341839356054119,0.9114231704023764
vae,0,25,1,run_test,0.8,0.5619112861791402,0.936299908564462
vae,0,25,1,run_test,0.85,0.5143003939030656,0.944055944055944
vae,0,25,1,run_test,0.9,0.4166809385168693,0.958898479243732
vae,0,25,1,run_test,0.95,0.2586059256722041,0.9642384105960264
vae,0,25,2,test,0.0,1.0,0.782022229416208
vae,0,25,2,test,0.5,0.8849681666127118,0.8220948664796977
vae,0,25,2,test,0.6,0.7718787093989424,0.8730602544386971
vae,0,25,2,test,0.7,0.7420956080716521,0.8819252581067326
vae,0,25,2,test,0.8,0.5691162188410489,0.9287068638604474
vae,0,25,2,test,0.85,0.5173195208805439,0.943471005423446
vae,0,25,2,test,0.9,0.3909571598143951,0.9599779188517804
vae,0,25,2,test,0.95,0.3313909571598143,0.9651579290133508
vae,0,25,2,run_test,0.0,1.0,0.781469429696866
vae,0,25,2,run_test,0.5,0.8700119883541703,0.8238188976377953
vae,0,25,2,run_test,0.6,0.7681109779071759,0.8691192865105909
vae,0,25,2,run_test,0.7,0.7319746531940401,0.8745905474964905
vae,0,25,2,run_test,0.8,0.5608837129645488,0.9258015267175572
vae,0,25,2,run_test,0.85,0.5122452474738826,0.9404881310598462
vae,0,25,2,run_test,0.9,0.3964719986299024,0.9533477321814254
vae,0,25,2,run_test,0.95,0.3382428498030485,0.9564556962025316
vae,0,37,0,test,0.0,1.0,0.7922736592208913
vae,0,37,0,test,0.5,0.968490342074026,0.8042339832869081
vae,0,37,0,test,0.6,0.8636020287040035,0.8393102586530051
vae,0,37,0,test,0.7,0.7183554548397539,0.8837314105452907
vae,0,37,0,test,0.8,0.5738642494874285,0.9373824746145168
vae,0,37,0,test,0.85,0.5670659328801122,0.9372026641294006
vae,0,37,0,test,0.9,0.405201251753534,0.9621837549933422
vae,0,37,0,test,0.95,0.2576885723535124,0.974036850921273
vae,0,37,0,run_test,0.0,1.0,0.7859222469600959
vae,0,37,0,run_test,0.5,0.960095906833362,0.8025330003567606
vae,0,37,0,run_test,0.6,0.8619626648398698,0.8404530101331213
vae,0,37,0,run_test,0.7,0.7136495975338243,0.8833693304535637
vae,0,37,0,run_test,0.8,0.5675629388593937,0.9324079662039833
vae,0,37,0,run_test,0.85,0.5593423531426615,0.932639314145744
vae,0,37,0,run_test,0.9,0.4177085117314608,0.957769577695777
vae,0,37,0,run_test,0.95,0.2608323343038191,0.9671700590938936
vae,0,37,1,test,0.0,1.0,0.7966979605050178
vae,0,37,1,test,0.5,0.8980252508902558,0.8409036289353521
vae,0,37,1,test,0.6,0.8481709291032696,0.8558524173027989
vae,0,37,1,test,0.7,0.7315204489047157,0.8896592417760731
vae,0,37,1,test,0.8,0.6415236861983382,0.9241379310344828
vae,0,37,1,test,0.85,0.6153016078558325,0.924938618028762
vae,0,37,1,test,0.9,0.4507391820438113,0.958822121139574
vae,0,37,1,test,0.95,0.2650264378979173,0.972312703583062
vae,0,37,1,run_test,0.0,1.0,0.8004795341668094
vae,0,37,1,run_test,0.5,0.8946737455043672,0.8436064318529862
vae,0,37,1,run_test,0.6,0.8487754752526118,0.8547215496368039
vae,0,37,1,run_test,0.7,0.7323171775989039,0.8851730589335828
vae,0,37,1,run_test,0.8,0.6396643260832334,0.9164658634538152
vae,0,37,1,run_test,0.85,0.6127761603014215,0.9192286193404136
vae,0,37,1,run_test,0.9,0.4555574584689159,0.9537593984962406
vae,0,37,1,run_test,0.95,0.2702517554375749,0.9664131812420784
vae,0,37,2,test,0.0,1.0,0.7895759145354484
vae,0,37,2,test,0.5,0.947771662889824,0.8147557782079017
vae,0,37,2,test,0.6,0.8351138448257257,0.854503165783693
vae,0,37,2,test,0.7,0.6552282292003885,0.9158432147562582
vae,0,37,2,test,0.8,0.6269558648969461,0.9280550774526678
vae,0,37,2,test,0.85,0.6226394734002374,0.92894280762565
vae,0,37,2,test,0.9,0.4384374662781914,0.9606202313561408
vae,0,37,2,test,0.95,0.3163914967087515,0.9696452933151432
vae,0,37,2,run_test,0.0,1.0,0.8003082719643775
vae,0,37,2,run_test,0.5,0.9474225038533995,0.8204989154013015
vae,0,37,2,run_test,0.6,0.8307929439972598,0.8575551432694289
vae,0,37,2,run_test,0.7,0.6449734543586231,0.9107806691449816
vae,0,37,2,run_test,0.8,0.6180852885768111,0.9221390967026876
vae,0,37,2,run_test,0.85,0.611577324884398,0.921870624474937
vae,0,37,2,run_test,0.9,0.4451104641205686,0.9553674490188534
vae,0,37,2,run_test,0.95,0.3113546840212365,0.966996699669967
vae,0,50,0,test,0.0,1.0,0.8068414805222833
vae,0,50,0,test,0.5,0.9390309701089888,0.8350953803723282
vae,0,50,0,test,0.6,0.8367324916369915,0.8709053391797782
vae,0,50,0,test,0.7,0.7472752778677026,0.8967509025270758
vae,0,50,0,test,0.8,0.6522067551526923,0.922071475843812
vae,0,50,0,test,0.85,0.5896190784504155,0.9321010248901904
vae,0,50,0,test,0.9,0.4476097982086975,0.9469623915139826
vae,0,50,0,test,0.95,0.3136937520233085,0.9656002751977985
vae,0,50,0,run_test,0.0,1.0,0.8093851686932694
vae,0,50,0,run_test,0.5,0.9386881315293716,0.8354314906039044
vae,0,50,0,run_test,0.6,0.8328480904264429,0.8665432860374255
vae,0,50,0,run_test,0.7,0.7415653365302278,0.8893764434180138
vae,0,50,0,run_test,0.8,0.6429183079294399,0.9120937666489078
vae,0,50,0,run_test,0.85,0.5817777016612433,0.9231675007359434
vae,0,50,0,run_test,0.9,0.4505908545983901,0.9426073736221968
vae,0,50,0,run_test,0.95,0.316835074499058,0.96
vae,0,50,1,test,0.0,1.0,0.7940002158195748
vae,0,50,1,test,0.5,0.9100032372936224,0.8352899324083956
vae,0,50,1,test,0.6,0.7906550124096255,0.8734816432373413
vae,0,50,1,test,0.7,0.7028164454516025,0.908183632734531
vae,0,50,1,test,0.8,0.6456242581202115,0.9219455122848068
vae,0,50,1,test,0.85,0.541059674112442,0.9409652971679298
vae,0,50,1,test,0.9,0.4594798748246466,0.960075152653828
vae,0,50,1,test,0.95,0.2896298694291572,0.9735469448584204
vae,0,50,1,run_test,0.0,1.0,0.7944853570816921
vae,0,50,1,run_test,0.5,0.9176228806302448,0.833893243747667
vae,0,50,1,run_test,0.6,0.7987669121424902,0.8726415094339622
vae,0,50,1,run_test,0.7,0.70080493235143,0.9044477028347996
vae,0,50,1,run_test,0.8,0.647542387395102,0.9198624702459668
vae,0,50,1,run_test,0.85,0.5322829251584176,0.9314671814671814
vae,0,50,1,run_test,0.9,0.4553861962664839,0.95449417074088
vae,0,50,1,run_test,0.95,0.2911457441342696,0.9676470588235294
vae,0,50,2,test,0.0,1.0,0.8145030754289414
vae,0,50,2,test,0.5,0.9453976475666342,0.8375756192215501
vae,0,50,2,test,0.6,0.8407251537714471,0.8742138364779874
vae,0,50,2,test,0.7,0.73982950253588,0.8978996499416569
vae,0,50,2,test,0.8,0.699902881191324,0.9074930619796484
vae,0,50,2,test,0.85,0.568684579691378,0.927134724857685
vae,0,50,2,test,0.9,0.4491205352325456,0.958433445458914
vae,0,50,2,test,0.95,0.2751699579151829,0.9698039215686276
vae,0,50,2,run_test,0.0,1.0,0.8164069189929782
vae,0,50,2,run_test,0.5,0.9470799794485356,0.8350813743218807
vae,0,50,2,run_test,0.6,0.8383284809042645,0.8682328907048008
vae,0,50,2,run_test,0.7,0.7360849460524063,0.896696137738483
vae,0,50,2,run_test,0.8,0.6900154135982188,0.906180193596426
vae,0,50,2,run_test,0.85,0.5593423531426615,0.9216166564605022
vae,0,50,2,run_test,0.9,0.4452817263230005,0.9503846153846154
vae,0,50,2,run_test,0.95,0.2824113718102415,0.9636143117040632
random,2,3,0,test,0.0,1.0,0.5408438545376065
random,2,3,0,test,0.5,0.5649077371317579,0.5682903533906399
random,2,3,0,test,0.6,0.3243768209776627,0.6204258150365934
random,2,3,0,test,0.7,0.0,
random,2,3,0,test,0.8,0.0,
random,2,3,0,test,0.85,0.0,
random,2,3,0,test,0.9,0.0,
random,2,3,0,test,0.95,0.0,
random,2,3,0,run_test,0.0,1.0,0.504367186162014
random,2,3,0,run_test,0.5,0.562596334988868,0.5561643835616439
random,2,3,0,run_test,0.6,0.3298510018838842,0.6318795430944963
random,2,3,0,run_test,0.7,0.0,
random,2,3,0,run_test,0.8,0.0,
random,2,3,0,run_test,0.85,0.0,
random,2,3,0,run_test,0.9,0.0,
random,2,3,0,run_test,0.95,0.0,
random,2,3,1,test,0.0,1.0,0.5406280349627711
random,2,3,1,test,0.5,0.568684579691378,0.569449715370019
random,2,3,1,test,0.6,0.324268911190245,0.6202995008319467
random,2,3,1,test,0.7,0.0,
random,2,3,1,test,0.8,0.0,
random,2,3,1,test,0.85,0.0,
random,2,3,1,test,0.9,0.0,
random,2,3,1,test,0.95,0.0,
random,2,3,1,run_test,0.0,1.0,0.504538448364446
random,2,3,1,run_test,0.5,0.5660215790375064,0.5576399394856278
random,2,3,1,run_test,0.6,0.3293372152765884,0.6323452938117524
random,2,3,1,run_test,0.7,0.0,
random,2,3,1,run_test,0.8,0.0,
random,2,3,1,run_test,0.85,0.0,
random,2,3,1,run_test,0.9,0.0,
random,2,3,1,run_test,0.95,0.0,
random,2,3,2,test,0.0,1.0,0.5407359447501888
random,2,3,2,test,0.5,0.5672817524549477,0.5691459007038234
random,2,3,2,test,0.6,0.3241610014028272,0.6205059920106525
random,2,3,2,test,0.7,0.0,
random,2,3,2,test,0.8,0.0,
random,2,3,2,test,0.85,0.0,
random,2,3,2,test,0.9,0.0,
random,2,3,2,test,0.95,0.0,
random,2,3,2,run_test,0.0,1.0,0.504538448364446
random,2,3,2,run_test,0.5,0.5651652680253468,0.5572727272727273
random,2,3,2,run_test,0.6,0.3293372152765884,0.6323452938117524
random,2,3,2,run_test,0.7,0.0,
random,2,3,2,run_test,0.8,0.0,
random,2,3,2,run_test,0.85,0.0,
random,2,3,2,run_test,0.9,0.0,
random,2,3,2,run_test,0.95,0.0,
random,2,8,0,test,0.0,1.0,0.6490773713175785
random,2,8,0,test,0.5,0.8205460235243337,0.6930562861651762
random,2,8,0,test,0.6,0.8205460235243337,0.6930562861651762
random,2,8,0,test,0.7,0.3332254235459156,0.7697538860103627
random,2,8,0,test,0.8,0.07521312183015,0.8651362984218077
random,2,8,0,test,0.85,0.07521312183015,0.8651362984218077
random,2,8,0,test,0.9,0.0,
random,2,8,0,test,0.95,0.0,
random,2,8,0,run_test,0.0,1.0,0.6463435519780785
random,2,8,0,run_test,0.5,0.8193183764343209,0.6824832775919732
random,2,8,0,run_test,0.6,0.8193183764343209,0.6824832775919732
random,2,8,0,run_test,0.7,0.3396129474225038,0.7493696419566314
random,2,8,0,run_test,0.8,0.0726151738311354,0.8089622641509434
random,2,8,0,run_test,0.85,0.0726151738311354,0.8089622641509434
random,2,8,0,run_test,0.9,0.0,
random,2,8,0,run_test,0.95,0.0,
random,2,8,1,test,0.0,1.0,0.6467033559943887
random,2,8,1,test,0.5,0.8203302039494982,0.691397000789266
random,2,8,1,test,0.6,0.8203302039494982,0.691397000789266
random,2,8,1,test,0.7,0.3323621452465738,0.7691558441558441
random,2,8,1,test,0.8,0.0758605805546563,0.8620199146514936
random,2,8,1,test,0.85,0.0758605805546563,0.8620199146514936
random,2,8,1,test,0.9,0.0,
random,2,8,1,test,0.95,0.0,
random,2,8,1,run_test,0.0,1.0,0.6448021921561912
random,2,8,1,run_test,0.5,0.8176057544100017,0.6830749895266024
random,2,8,1,run_test,0.6,0.8176057544100017,0.6830749895266024
random,2,8,1,run_test,0.7,0.3367014899811612,0.7512716174974567
random,2,8,1,run_test,0.8,0.0731289604384312,0.8056206088992974
random,2,8,1,run_test,0.85,0.0731289604384312,0.8056206088992974
random,2,8,1,run_test,0.9,0.0,
random,2,8,1,run_test,0.95,0.0,
random,2,8,2,test,0.0,1.0,0.6547965900507176
random,2,8,2,test,0.5,1.0,0.6547965900507176
random,2,8,2,test,0.6,0.7506204812776519,0.7014088556641748
random,2,8,2,test,0.7,0.3690514729685982,0.776608187134503
random,2,8,2,test,0.8,0.073270745656631,0.8615611192930781
random,2,8,2,test,0.85,0.073270745656631,0.8615611192930781
random,2,8,2,test,0.9,0.0,
random,2,8,2,test,0.95,0.0,
random,2,8,2,run_test,0.0,1.0,0.6309299537592054
random,2,8,2,run_test,0.5,1.0,0.6309299537592054
random,2,8,2,run_test,0.6,0.7427641719472512,0.6928752593958958
random,2,8,2,run_test,0.7,0.3680424730262031,0.758957654723127
random,2,8,2,run_test,0.8,0.0702175029970885,0.8121951219512196
random,2,8,2,run_test,0.85,0.0702175029970885,0.8121951219512196
random,2,8,2,run_test,0.9,0.0,
random,2,8,2,run_test,0.95,0.0,
random,2,15,0,test,0.0,1.0,0.6464875364195533
random,2,15,0,test,0.5,0.7802956728175245,0.6961692711934725
random,2,15,0,test,0.6,0.6859825186144384,0.7250275287085103
random,2,15,0,test,0.7,0.4896946153016078,0.7401939180255619
random,2,15,0,test,0.8,0.0704650911837703,0.8483920367534457
random,2,15,0,test,0.85,0.0,
random,2,15,0,test,0.9,0.0,
random,2,15,0,test,0.95,0.0,
random,2,15,0,run_test,0.0,1.0,0.6441171433464634
random,2,15,0,run_test,0.5,0.7765028258263401,0.6932068813409793
random,2,15,0,run_test,0.6,0.6859051207398528,0.7128589263420724
random,2,15,0,run_test,0.7,0.4903236855625963,0.734893468389801
random,2,15,0,run_test,0.8,0.066963521150882,0.8056265984654731
random,2,15,0,run_test,0.85,0.0,
random,2,15,0,run_test,0.9,0.0,
random,2,15,0,run_test,0.95,0.0,
random,2,15,1,test,0.0,1.0,0.6761627279594259
random,2,15,1,test,0.5,0.8091075860580554,0.7280608162176581
random,2,15,1,test,0.6,0.7686414157764109,0.7346623613645936
random,2,15,1,test,0.7,0.5256285745117082,0.7622664750564566
random,2,15,1,test,0.8,0.1565771015431099,0.7767057201929704
random,2,15,1,test,0.85,0.0619402179777705,0.867595818815331
random,2,15,1,test,0.9,0.0,
random,2,15,1,test,0.95,0.0,
random,2,15,1,run_test,0.0,1.0,0.6561054975166981
random,2,15,1,run_test,0.5,0.7992806987497859,0.7160917077351617
random,2,15,1,run_test,0.6,0.7662270936804247,0.7230666070630308
random,2,15,1,run_test,0.7,0.5302277787292344,0.7558139534883721
random,2,15,1,run_test,0.8,0.1537934577838671,0.7249443207126949
random,2,15,1,run_test,0.85,0.0575441000171262,0.8363095238095238
random,2,15,1,run_test,0.9,0.0,
random,2,15,1,run_test,0.95,0.0,
random,2,15,2,test,0.0,1.0,0.6699039602891982
random,2,15,2,test,0.5,0.9419445343692672,0.6835834574407148
random,2,15,2,test,0.6,0.7966979605050178,0.7180008126777733
random,2,15,2,test,0.7,0.4782561778353296,0.759927797833935
random,2,15,2,test,0.8,0.2011438437466278,0.8100858369098712
random,2,15,2,test,0.85,0.0,
random,2,15,2,test,0.9,0.0,
random,2,15,2,test,0.95,0.0,
random,2,15,2,run_test,0.0,1.0,0.6677513272820689
random,2,15,2,run_test,0.5,0.9368042473026204,0.6806215722120658
random,2,15,2,run_test,0.6,0.7932865216646686,0.7029360967184801
random,2,15,2,run_test,0.7,0.4850145572872067,0.7567090395480226
random,2,15,2,run_test,0.8,0.2061996917280356,0.8230897009966778
random,2,15,2,run_test,0.85,0.0,
random,2,15,2,run_test,0.9,0.0,
random,2,15,2,run_test,0.95,0.0,
random,2,25,0,test,0.0,1.0,0.6576022445235783
random,2,25,0,test,0.5,0.7715549800366893,0.7166433566433567
random,2,25,0,test,0.6,0.6866299773389446,0.7381738173817382
random,2,25,0,test,0.7,0.4322866083953814,0.7800798801797304
random,2,25,0,test,0.8,0.2267184633646271,0.8381722989052832
random,2,25,0,test,0.85,0.1434121074781482,0.8577878103837472
random,2,25,0,test,0.9,0.0520125175353404,0.9232365145228216
random,2,25,0,test,0.95,0.0,
random,2,25,0,run_test,0.0,1.0,0.6521664668607638
random,2,25,0,run_test,0.5,0.7592053433807159,0.7017820888788631
random,2,25,0,run_test,0.6,0.6722041445452989,0.728407643312102
random,2,25,0,run_test,0.7,0.4355197807843808,0.7738891073535195
random,2,25,0,run_test,0.8,0.2241822229833875,0.8288770053475936
random,2,25,0,run_test,0.85,0.1387223839698578,0.8246913580246914
random,2,25,0,run_test,0.9,0.0505223497174173,0.864406779661017
random,2,25,0,run_test,0.95,0.0,
random,2,25,1,test,0.0,1.0,0.673033344124312
random,2,25,1,test,0.5,0.9591021905686846,0.6826057605760576
random,2,25,1,test,0.6,0.8000431639149671,0.7096034529268951
random,2,25,1,test,0.7,0.4991906765943671,0.7524859489840034
random,2,25,1,test,0.8,0.2262868242149563,0.8326180257510729
random,2,25,1,test,0.85,0.0519046077479227,0.9168399168399168
random,2,25,1,test,0.9,0.0519046077479227,0.9168399168399168
random,2,25,1,test,0.95,0.0,
random,2,25,1,run_test,0.0,1.0,0.6716903579380031
random,2,25,1,run_test,0.5,0.959753382428498,0.6768379728765168
random,2,25,1,run_test,0.6,0.781126905292002,0.7046700285025214
random,2,25,1,run_test,0.7,0.4863846549066621,0.7612676056338028
random,2,25,1,run_test,0.8,0.2204144545298852,0.8275058275058275
random,2,25,1,run_test,0.85,0.0498373009076896,0.8625429553264605
random,2,25,1,run_test,0.9,0.0498373009076896,0.8625429553264605
random,2,25,1,run_test,0.95,0.0,
random,2,25,2,test,0.0,1.0,0.6748678105104133
random,2,25,2,test,0.5,0.8903636559835977,0.6996727669373409
random,2,25,2,test,0.6,0.7541815042624366,0.7297181284876234
random,2,25,2,test,0.7,0.5353404553793029,0.7691997581132836
random,2,25,2,test,0.8,0.1605697636775655,0.8561827956989247
random,2,25,2,test,0.85,0.0935577856911621,0.8788927335640139
random,2,25,2,test,0.9,0.0489910434876443,0.9140969162995596
random,2,25,2,test,0.95,0.0,
random,2,25,2,run_test,0.0,1.0,0.6644973454358623
random,2,25,2,run_test,0.5,0.8898784038362734,0.6884141647421094
random,2,25,2,run_test,0.6,0.7419078609350916,0.7227608494921515
random,2,25,2,run_test,0.7,0.5303990409316663,0.7604133031966419
random,2,25,2,run_test,0.8,0.1601301592738482,0.827807486631016
random,2,25,2,run_test,0.85,0.0952217845521493,0.841726618705036
random,2,25,2,run_test,0.9,0.0455557458468915,0.8609022556390977
random,2,25,2,run_test,0.95,0.0,
random,2,37,0,test,0.0,1.0,0.6645084709183123
random,2,37,0,test,0.5,0.8728822704219272,0.7018172827296328
random,2,37,0,test,0.6,0.708751483759577,0.7471071863580999
random,2,37,0,test,0.7,0.4662781914319628,0.794029159916686
random,2,37,0,test,0.8,0.2890903204920686,0.832026875699888
random,2,37,0,test,0.85,0.1955325348009064,0.8311258278145696
random,2,37,0,test,0.9,0.0439192834790115,0.9262899262899262
random,2,37,0,test,0.95,0.0,
random,2,37,0,run_test,0.0,1.0,0.6530227778729234
random,2,37,0,run_test,0.5,0.8754923788319918,0.685054773082942
random,2,37,0,run_test,0.6,0.6960095906833362,0.7320374015748031
random,2,37,0,run_test,0.7,0.4500770679910943,0.8028919330289194
random,2,37,0,run_test,0.8,0.2832676828224011,0.8192261185006046
random,2,37,0,run_test,0.85,0.1998629902380544,0.8011996572407883
random,2,37,0,run_test,0.9,0.0388765199520465,0.8810572687224669
random,2,37,0,run_test,0.95,0.0,
random,2,37,1,test,0.0,1.0,0.6655875687924895
random,2,37,1,test,0.5,0.9174490126254452,0.6914843566219713
random,2,37,1,test,0.6,0.6600841696341858,0.7578878535229687
random,2,37,1,test,0.7,0.5042624366029999,0.7904986090306013
random,2,37,1,test,0.8,0.2895219596417395,0.8274319791278419
random,2,37,1,test,0.85,0.2070788820546023,0.8587806149035956
random,2,37,1,test,0.9,0.046401208589619,0.927906976744186
random,2,37,1,test,0.95,0.0,
random,2,37,1,run_test,0.0,1.0,0.6581606439458811
random,2,37,1,run_test,0.5,0.9177941428326768,0.6865086769919762
random,2,37,1,run_test,0.6,0.6473711251926699,0.7489417989417989
random,2,37,1,run_test,0.7,0.4963178626477136,0.7881297446514838
random,2,37,1,run_test,0.8,0.2829251584175372,0.8244552058111381
random,2,37,1,run_test,0.85,0.2104812467888337,0.8470301057770545
random,2,37,1,run_test,0.9,0.0428155506079808,0.864
random,2,37,1,run_test,0.95,0.0,
random,2,37,2,test,0.0,1.0,0.6743282615733247
random,2,37,2,test,0.5,0.8789252185173195,0.7026396562308165
random,2,37,2,test,0.6,0.7150102514298047,0.7449441593721703
random,2,37,2,test,0.7,0.5430020502859609,0.7754372019077902
random,2,37,2,test,0.8,0.2621128736376389,0.8196788801976121
random,2,37,2,test,0.85,0.1714686522067551,0.8281938325991189
random,2,37,2,test,0.9,0.0349627711233408,0.9475308641975309
random,2,37,2,test,0.95,0.0349627711233408,0.9475308641975309
random,2,37,2,run_test,0.0,1.0,0.6622709368042473
random,2,37,2,run_test,0.5,0.8845692755608837,0.6917715392061955
random,2,37,2,run_test,0.6,0.71416338414112,0.7290167865707434
random,2,37,2,run_test,0.7,0.5367357424216476,0.7651563497128271
random,2,37,2,run_test,0.8,0.261174858708683,0.8144262295081968
random,2,37,2,run_test,0.85,0.1810241479705429,0.7984862819299905
random,2,37,2,run_test,0.9,0.0315122452474738,0.8804347826086957
random,2,37,2,run_test,0.95,0.0315122452474738,0.8804347826086957
random,2,50,0,test,0.0,1.0,0.6710909679507931
random,2,50,0,test,0.5,0.8370562209992446,0.7163852004640969
random,2,50,0,test,0.6,0.7614114600194237,0.7369614512471655
random,2,50,0,test,0.7,0.5576777813747706,0.7770897832817337
random,2,50,0,test,0.8,0.2909247868781698,0.8134272997032641
random,2,50,0,test,0.85,0.1481601381245278,0.8550619082301529
random,2,50,0,test,0.9,0.0301068306895435,0.949820788530466
random,2,50,0,test,0.95,0.0,
random,2,50,0,run_test,0.0,1.0,0.6600445281726323
random,2,50,0,run_test,0.5,0.8287377975680768,0.7069642488117379
random,2,50,0,run_test,0.6,0.7523548552834389,0.7247894377418621
random,2,50,0,run_test,0.7,0.5449563281383799,0.7734129478315525
random,2,50,0,run_test,0.8,0.2731632128789176,0.8156739811912226
random,2,50,0,run_test,0.85,0.1452303476622709,0.847877358490566
random,2,50,0,run_test,0.9,0.0277444767939715,0.8703703703703703
random,2,50,0,run_test,0.95,0.0,
random,2,50,1,test,0.0,1.0,0.6792921117945397
random,2,50,1,test,0.5,0.902125822812129,0.7031100478468899
random,2,50,1,test,0.6,0.7299018020934499,0.7390597279716145
random,2,50,1,test,0.7,0.5785043703463905,0.7645961574333147
random,2,50,1,test,0.8,0.353404553793029,0.8024427480916031
random,2,50,1,test,0.85,0.0783425056652638,0.9008264462809916
random,2,50,1,test,0.9,0.0506096902989101,0.9211087420042644
random,2,50,1,test,0.95,0.0262220783425056,0.9382716049382716
random,2,50,1,run_test,0.0,1.0,0.6725466689501627
random,2,50,1,run_test,0.5,0.8999828737797568,0.6964795432921027
random,2,50,1,run_test,0.6,0.7117657133070732,0.7346005774783445
random,2,50,1,run_test,0.7,0.5593423531426615,0.7596448254745867
random,2,50,1,run_test,0.8,0.3301935262887481,0.8034232365145229
random,2,50,1,run_test,0.85,0.0760404178797739,0.8716216216216216
random,2,50,1,run_test,0.9,0.04898098989553,0.8601398601398601
random,2,50,1,run_test,0.95,0.0241479705429011,0.900709219858156
random,2,50,2,test,0.0,1.0,0.6648322002805654
random,2,50,2,test,0.5,0.8207618430991691,0.7111490928214568
random,2,50,2,test,0.6,0.6708751483759577,0.7527746501528069
random,2,50,2,test,0.7,0.5026437897917341,0.7823100042936882
random,2,50,2,test,0.8,0.3168231358584223,0.8181198910081744
random,2,50,2,test,0.85,0.2119348224883997,0.8477596741344195
random,2,50,2,test,0.9,0.0494226826373152,0.8951965065502183
random,2,50,2,test,0.95,0.0014028272364303,0.3846153846153846
random,2,50,2,run_test,0.0,1.0,0.6521664668607638
random,2,50,2,run_test,0.5,0.821202260661072,0.697393117831074
random,2,50,2,run_test,0.6,0.6518239424559,0.732790331056227
random,2,50,2,run_test,0.7,0.4889535879431409,0.7705779334500875
random,2,50,2,run_test,0.8,0.3116972084261004,0.8016483516483517
random,2,50,2,run_test,0.85,0.205343380715876,0.8407005838198499
random,2,50,2,run_test,0.9,0.0446994348347319,0.8390804597701149
random,2,50,2,run_test,0.95,0.002226408631615,0.3076923076923077
pixel_pca,-1,3,0,test,0.0,1.0,0.6079637423114277
pixel_pca,-1,3,0,test,0.5,0.6891119024495522,0.6966802380206703
pixel_pca,-1,3,0,test,0.6,0.6891119024495522,0.6966802380206703
pixel_pca,-1,3,0,test,0.7,0.2934067119887774,0.732254505332843
pixel_pca,-1,3,0,test,0.8,0.0,
pixel_pca,-1,3,0,test,0.85,0.0,
pixel_pca,-1,3,0,test,0.9,0.0,
pixel_pca,-1,3,0,test,0.95,0.0,
pixel_pca,-1,3,0,run_test,0.0,1.0,0.5891419763658161
pixel_pca,-1,3,0,run_test,0.5,0.6624421990066792,0.6662357807652534
pixel_pca,-1,3,0,run_test,0.6,0.6624421990066792,0.6662357807652534
pixel_pca,-1,3,0,run_test,0.7,0.2836102072272649,0.7572463768115942
pixel_pca,-1,3,0,run_test,0.8,0.0,
pixel_pca,-1,3,0,run_test,0.85,0.0,
pixel_pca,-1,3,0,run_test,0.9,0.0,
pixel_pca,-1,3,0,run_test,0.95,0.0,
pixel_pca,-1,3,1,test,0.0,1.0,0.6042948095392252
pixel_pca,-1,3,1,test,0.5,0.6213445559512247,0.712400138937131
pixel_pca,-1,3,1,test,0.6,0.6213445559512247,0.712400138937131
pixel_pca,-1,3,1,test,0.7,0.3027948634941189,0.7533856022808268
pixel_pca,-1,3,1,test,0.8,0.0,
pixel_pca,-1,3,1,test,0.85,0.0,
pixel_pca,-1,3,1,test,0.9,0.0,
pixel_pca,-1,3,1,test,0.95,0.0,
pixel_pca,-1,3,1,run_test,0.0,1.0,0.5631101215961637
pixel_pca,-1,3,1,run_test,0.5,0.6143175201233088,0.6774463339838305
pixel_pca,-1,3,1,run_test,0.6,0.6143175201233088,0.6774463339838305
pixel_pca,-1,3,1,run_test,0.7,0.3053605069361192,0.7543466068424004
pixel_pca,-1,3,1,run_test,0.8,0.0,
pixel_pca,-1,3,1,run_test,0.85,0.0,
pixel_pca,-1,3,1,run_test,0.9,0.0,
pixel_pca,-1,3,1,run_test,0.95,0.0,
pixel_pca,-1,3,2,test,0.0,1.0,0.6027840725153771
pixel_pca,-1,3,2,test,0.5,0.6531779432394518,0.7138608954237569
pixel_pca,-1,3,2,test,0.6,0.6531779432394518,0.7138608954237569
pixel_pca,-1,3,2,test,0.7,0.2959965468868026,0.7601166605905942
pixel_pca,-1,3,2,test,0.8,0.0,
pixel_pca,-1,3,2,test,0.85,0.0,
pixel_pca,-1,3,2,test,0.9,0.0,
pixel_pca,-1,3,2,test,0.95,0.0,
pixel_pca,-1,3,2,run_test,0.0,1.0,0.562425072786436
pixel_pca,-1,3,2,run_test,0.5,0.642747045727008,0.6786570743405276
pixel_pca,-1,3,2,run_test,0.6,0.642747045727008,0.6786570743405276
pixel_pca,-1,3,2,run_test,0.7,0.3002226408631615,0.7598402738163149
pixel_pca,-1,3,2,run_test,0.8,0.0,
pixel_pca,-1,3,2,run_test,0.85,0.0,
pixel_pca,-1,3,2,run_test,0.9,0.0,
pixel_pca,-1,3,2,run_test,0.95,0.0,
pixel_pca,-1,8,0,test,0.0,1.0,0.6718463364627172
pixel_pca,-1,8,0,test,0.5,1.0,0.6718463364627172
pixel_pca,-1,8,0,test,0.6,0.5932880112226179,0.7615496544197891
pixel_pca,-1,8,0,test,0.7,0.3337649724830042,0.8205625606207565
pixel_pca,-1,8,0,test,0.8,0.2036257688572353,0.8510863804981452
pixel_pca,-1,8,0,test,0.85,0.0854645516348332,0.9217171717171716
pixel_pca,-1,8,0,test,0.9,0.0854645516348332,0.9217171717171716
pixel_pca,-1,8,0,test,0.95,0.0,
pixel_pca,-1,8,0,run_test,0.0,1.0,0.6603870525774962
pixel_pca,-1,8,0,run_test,0.5,1.0,0.6603870525774962
pixel_pca,-1,8,0,run_test,0.6,0.5774961466004452,0.7280545670225386
pixel_pca,-1,8,0,run_test,0.7,0.3394416852200719,0.8163471241170535
pixel_pca,-1,8,0,run_test,0.8,0.2067134783353313,0.8508699254349628
pixel_pca,-1,8,0,run_test,0.85,0.0839184791916424,0.8918367346938776
pixel_pca,-1,8,0,run_test,0.9,0.0839184791916424,0.8918367346938776
pixel_pca,-1,8,0,run_test,0.95,0.0,
pixel_pca,-1,8,1,test,0.0,1.0,0.6772418258336032
pixel_pca,-1,8,1,test,0.5,1.0,0.6772418258336032
pixel_pca,-1,8,1,test,0.6,0.6954785799071976,0.7250581846392552
pixel_pca,-1,8,1,test,0.7,0.3450955001618647,0.798311444652908
pixel_pca,-1,8,1,test,0.8,0.1945613467141469,0.8652246256239601
pixel_pca,-1,8,1,test,0.85,0.0798532426891119,0.9148648648648648
pixel_pca,-1,8,1,test,0.9,0.0798532426891119,0.9148648648648648
pixel_pca,-1,8,1,test,0.95,0.0,
pixel_pca,-1,8,1,run_test,0.0,1.0,0.6614146257920877
pixel_pca,-1,8,1,run_test,0.5,1.0,0.6614146257920877
pixel_pca,-1,8,1,run_test,0.6,0.6716903579380031,0.7093319734829169
pixel_pca,-1,8,1,run_test,0.7,0.319232745333105,0.7784334763948498
pixel_pca,-1,8,1,run_test,0.8,0.1835930810070217,0.8824626865671642
pixel_pca,-1,8,1,run_test,0.85,0.0717588628189758,0.9260143198090692
pixel_pca,-1,8,1,run_test,0.9,0.0717588628189758,0.9260143198090692
pixel_pca,-1,8,1,run_test,0.95,0.0,
pixel_pca,-1,8,2,test,0.0,1.0,0.638933851300313
pixel_pca,-1,8,2,test,0.5,0.8809755044782562,0.6607055365017148
pixel_pca,-1,8,2,test,0.6,0.4670335599438869,0.7694085027726433
pixel_pca,-1,8,2,test,0.7,0.305816337541815,0.8129851799576571
pixel_pca,-1,8,2,test,0.8,0.1966116326750836,0.8490669593852909
pixel_pca,-1,8,2,test,0.85,0.0805007014136182,0.9128686327077749
pixel_pca,-1,8,2,test,0.9,0.0805007014136182,0.9128686327077749
pixel_pca,-1,8,2,test,0.95,0.0,
pixel_pca,-1,8,2,run_test,0.0,1.0,0.6309299537592054
pixel_pca,-1,8,2,run_test,0.5,0.8879945196095221,0.6457087753134041
pixel_pca,-1,8,2,run_test,0.6,0.4547011474567562,0.7499058380414313
pixel_pca,-1,8,2,run_test,0.7,0.3038191471142319,0.8162344983089064
pixel_pca,-1,8,2,run_test,0.8,0.1883884226751156,0.8327272727272728
pixel_pca,-1,8,2,run_test,0.85,0.078095564308957,0.8837719298245614
pixel_pca,-1,8,2,run_test,0.9,0.078095564308957,0.8837719298245614
pixel_pca,-1,8,2,run_test,0.95,0.0,
pixel_pca,-1,15,0,test,0.0,1.0,0.6990396028919823
pixel_pca,-1,15,0,test,0.5,0.8277759792813209,0.7622213531482206
pixel_pca,-1,15,0,test,0.6,0.7287147944318549,0.787946098030505
pixel_pca,-1,15,0,test,0.7,0.482356749757203,0.8364653243847875
pixel_pca,-1,15,0,test,0.8,0.2392359987050825,0.8912945421741092
pixel_pca,-1,15,0,test,0.85,0.1915398726664508,0.9188732394366196
pixel_pca,-1,15,0,test,0.9,0.1915398726664508,0.9188732394366196
pixel_pca,-1,15,0,test,0.95,0.0646379626632135,0.9248747913188649
pixel_pca,-1,15,0,run_test,0.0,1.0,0.6881315293714677
pixel_pca,-1,15,0,run_test,0.5,0.8295941085802363,0.7450454170107349
pixel_pca,-1,15,0,run_test,0.6,0.7324884398013358,0.7778816927753098
pixel_pca,-1,15,0,run_test,0.7,0.4632642575783524,0.8203327171903881
pixel_pca,-1,15,0,run_test,0.8,0.229833875663641,0.8874813710879285
pixel_pca,-1,15,0,run_test,0.85,0.1791402637437917,0.9158699808795412
pixel_pca,-1,15,0,run_test,0.9,0.1791402637437917,0.9158699808795412
pixel_pca,-1,15,0,run_test,0.95,0.0590854598390135,0.9246376811594202
pixel_pca,-1,15,1,test,0.0,1.0,0.6931045645840078
pixel_pca,-1,15,1,test,0.5,0.8443940865436496,0.7484984025559105
pixel_pca,-1,15,1,test,0.6,0.7968058702924355,0.7589382448537378
pixel_pca,-1,15,1,test,0.7,0.5014567821301392,0.8205293737895416
pixel_pca,-1,15,1,test,0.8,0.2397755476421711,0.8901890189018902
pixel_pca,-1,15,1,test,0.85,0.1959641739505773,0.9162995594713657
pixel_pca,-1,15,1,test,0.9,0.1959641739505773,0.9162995594713657
pixel_pca,-1,15,1,test,0.95,0.0,
pixel_pca,-1,15,1,run_test,0.0,1.0,0.6795684192498715
pixel_pca,-1,15,1,run_test,0.5,0.8355882856653537,0.7394957983193278
pixel_pca,-1,15,1,run_test,0.6,0.7869498201746874,0.7516866158868335
pixel_pca,-1,15,1,run_test,0.7,0.4944339784209625,0.8243851749220644
pixel_pca,-1,15,1,run_test,0.8,0.2308614488782325,0.8909495548961425
pixel_pca,-1,15,1,run_test,0.85,0.1830792943997259,0.9195509822263798
pixel_pca,-1,15,1,run_test,0.9,0.1830792943997259,0.9195509822263798
pixel_pca,-1,15,1,run_test,0.95,0.0,
pixel_pca,-1,15,2,test,0.0,1.0,0.6952627603323621
pixel_pca,-1,15,2,test,0.5,0.8352217546131434,0.7496124031007751
pixel_pca,-1,15,2,test,0.6,0.7412323297723103,0.7708545639831126
pixel_pca,-1,15,2,test,0.7,0.5079313693752023,0.8302528149564479
pixel_pca,-1,15,2,test,0.8,0.2526168123448797,0.8889363519863306
pixel_pca,-1,15,2,test,0.85,0.2057839646055897,0.9145254326166754
pixel_pca,-1,15,2,test,0.9,0.2057839646055897,0.9145254326166754
pixel_pca,-1,15,2,test,0.95,0.0,
pixel_pca,-1,15,2,run_test,0.0,1.0,0.6867614317520123
pixel_pca,-1,15,2,run_test,0.5,0.8283952731632129,0.7386810006202191
pixel_pca,-1,15,2,run_test,0.6,0.7292344579551293,0.7630342883983091
pixel_pca,-1,15,2,run_test,0.7,0.4952902894331221,0.8340248962655602
pixel_pca,-1,15,2,run_test,0.8,0.2390820345949648,0.8861031518624641
pixel_pca,-1,15,2,run_test,0.85,0.189587258092139,0.913279132791328
pixel_pca,-1,15,2,run_test,0.9,0.189587258092139,0.913279132791328
pixel_pca,-1,15,2,run_test,0.95,0.0,
pixel_pca,-1,25,0,test,0.0,1.0,0.7249379518722349
pixel_pca,-1,25,0,test,0.5,0.8809755044782562,0.7695982361587457
pixel_pca,-1,25,0,test,0.6,0.6581417934606669,0.8425971470732907
pixel_pca,-1,25,0,test,0.7,0.6240423006366678,0.8502507349126751
pixel_pca,-1,25,0,test,0.8,0.4058487104780403,0.9151821324115926
pixel_pca,-1,25,0,test,0.85,0.3736915938275602,0.9246318221195496
pixel_pca,-1,25,0,test,0.9,0.2813208157979929,0.9332566168009206
pixel_pca,-1,25,0,test,0.95,0.0396028919823027,0.994550408719346
pixel_pca,-1,25,0,run_test,0.0,1.0,0.7174173659873266
pixel_pca,-1,25,0,run_test,0.5,0.8739510190101045,0.7622966882226141
pixel_pca,-1,25,0,run_test,0.6,0.6448021921561912,0.8355909694555113
pixel_pca,-1,25,0,run_test,0.7,0.6112348004795342,0.8475763519193051
pixel_pca,-1,25,0,run_test,0.8,0.3814009248158931,0.9124382577458464
pixel_pca,-1,25,0,run_test,0.85,0.3519438259976023,0.918734793187348
pixel_pca,-1,25,0,run_test,0.9,0.2776160301421476,0.9309068476249228
pixel_pca,-1,25,0,run_test,0.95,0.0414454529885254,0.987603305785124
pixel_pca,-1,25,1,test,0.0,1.0,0.7416639689219813
pixel_pca,-1,25,1,test,0.5,0.8743930074457753,0.7730470196223621
pixel_pca,-1,25,1,test,0.6,0.7823459587784612,0.7984827586206896
pixel_pca,-1,25,1,test,0.7,0.6284666019207942,0.8260645604395604
pixel_pca,-1,25,1,test,0.8,0.3602028704003453,0.8936488915518275
pixel_pca,-1,25,1,test,0.85,0.2977231034854861,0.9177238129757158
pixel_pca,-1,25,1,test,0.9,0.2186252293082982,0.9264560710760118
pixel_pca,-1,25,1,test,0.95,0.0693859933095931,0.9657853810264384
pixel_pca,-1,25,1,run_test,0.0,1.0,0.7360849460524063
pixel_pca,-1,25,1,run_test,0.5,0.8701832505566022,0.763235583546546
pixel_pca,-1,25,1,run_test,0.6,0.7747902038020209,0.7933244916003537
pixel_pca,-1,25,1,run_test,0.7,0.6245932522692241,0.8193035371538251
pixel_pca,-1,25,1,run_test,0.8,0.3408117828395273,0.8949748743718593
pixel_pca,-1,25,1,run_test,0.85,0.2786436033567391,0.9188690842040566
pixel_pca,-1,25,1,run_test,0.9,0.2072272649426271,0.9322314049586776
pixel_pca,-1,25,1,run_test,0.95,0.0705600274019523,0.9538834951456312
pixel_pca,-1,25,2,test,0.0,1.0,0.7084277543973239
pixel_pca,-1,25,2,test,0.5,0.8202222941620805,0.7697671359031706
pixel_pca,-1,25,2,test,0.6,0.7229955756987159,0.7992537313432836
pixel_pca,-1,25,2,test,0.7,0.5776410920470487,0.8385951802727443
pixel_pca,-1,25,2,test,0.8,0.367217006582497,0.8950925653834851
pixel_pca,-1,25,2,test,0.85,0.3126146541491313,0.9130134622022782
pixel_pca,-1,25,2,test,0.9,0.2315744037984245,0.9254426840633736
pixel_pca,-1,25,2,test,0.95,0.0,
pixel_pca,-1,25,2,run_test,0.0,1.0,0.6948107552663128
pixel_pca,-1,25,2,run_test,0.5,0.8042473026203117,0.7612862010221465
pixel_pca,-1,25,2,run_test,0.6,0.7054290118170919,0.7904831269725662
pixel_pca,-1,25,2,run_test,0.7,0.5658503168350745,0.8247578692493946
pixel_pca,-1,25,2,run_test,0.8,0.359308100702175,0.899904671115348
pixel_pca,-1,25,2,run_test,0.85,0.2978249700291145,0.9137435307648074
pixel_pca,-1,25,2,run_test,0.9,0.2255523206028429,0.929384965831435
pixel_pca,-1,25,2,run_test,0.95,0.0,
pixel_pca,-1,37,0,test,0.0,1.0,0.7541815042624366
pixel_pca,-1,37,0,test,0.5,0.9214416747599008,0.785337861576297
pixel_pca,-1,37,0,test,0.6,0.7592532642710694,0.8358442296759523
pixel_pca,-1,37,0,test,0.7,0.6573864249487429,0.8596520026263953
pixel_pca,-1,37,0,test,0.8,0.4484730765080393,0.9088065447545716
pixel_pca,-1,37,0,test,0.85,0.4186899751807489,0.911340206185567
pixel_pca,-1,37,0,test,0.9,0.2487320599978418,0.9462039045553146
pixel_pca,-1,37,0,test,0.95,0.1455703032265026,0.949592290585619
pixel_pca,-1,37,0,run_test,0.0,1.0,0.7391676656961809
pixel_pca,-1,37,0,run_test,0.5,0.9121424901524232,0.7750657153586181
pixel_pca,-1,37,0,run_test,0.6,0.7429354341496832,0.8326417704011065
pixel_pca,-1,37,0,run_test,0.7,0.6369241308443226,0.8494218876041947
pixel_pca,-1,37,0,run_test,0.8,0.4367186162014043,0.903529411764706
pixel_pca,-1,37,0,run_test,0.85,0.4072615173831135,0.9108494533221194
pixel_pca,-1,37,0,run_test,0.9,0.2461037848946737,0.942240779401531
pixel_pca,-1,37,0,run_test,0.95,0.1491693783182051,0.9494833524684272
pixel_pca,-1,37,1,test,0.0,1.0,0.7438221646703356
pixel_pca,-1,37,1,test,0.5,0.887558001510737,0.7833434650455927
pixel_pca,-1,37,1,test,0.6,0.6963418582065394,0.8524717185805052
pixel_pca,-1,37,1,test,0.7,0.6149778784935793,0.8873486576592384
pixel_pca,-1,37,1,test,0.8,0.474263515700874,0.9233219567690556
pixel_pca,-1,37,1,test,0.85,0.4109204704866731,0.9304096638655462
pixel_pca,-1,37,1,test,0.9,0.367972375094421,0.9346041055718476
pixel_pca,-1,37,1,test,0.95,0.125067443617136,0.9525452976704056
pixel_pca,-1,37,1,run_test,0.0,1.0,0.7391676656961809
pixel_pca,-1,37,1,run_test,0.5,0.8796026716903579,0.7758956386292835
pixel_pca,-1,37,1,run_test,0.6,0.6840212365131015,0.8460190285428142
pixel_pca,-1,37,1,run_test,0.7,0.5992464463092996,0.8796799085452986
pixel_pca,-1,37,1,run_test,0.8,0.4591539647199863,0.9138381201044388
pixel_pca,-1,37,1,run_test,0.85,0.3997259804761089,0.922879177377892
pixel_pca,-1,37,1,run_test,0.9,0.3646172289775646,0.931892907468295
pixel_pca,-1,37,1,run_test,0.95,0.1263915053947593,0.964769647696477
pixel_pca,-1,37,2,test,0.0,1.0,0.761303550232006
pixel_pca,-1,37,2,test,0.5,0.9488507607640012,0.7762993290117138
pixel_pca,-1,37,2,test,0.6,0.7515916693644114,0.8255563531945441
pixel_pca,-1,37,2,test,0.7,0.6421711449228446,0.8645605780541086
pixel_pca,-1,37,2,test,0.8,0.4801985540088486,0.9038202247191012
pixel_pca,-1,37,2,test,0.85,0.3828639257580662,0.9303833145434048
pixel_pca,-1,37,2,test,0.9,0.3052767886047264,0.9395546129374336
pixel_pca,-1,37,2,test,0.95,0.1536635372828315,0.9501404494382022
pixel_pca,-1,37,2,run_test,0.0,1.0,0.7472169892104813
pixel_pca,-1,37,2,run_test,0.5,0.9359479362904608,0.7632204940530649
pixel_pca,-1,37,2,run_test,0.6,0.7420791231375236,0.8137549042234018
pixel_pca,-1,37,2,run_test,0.7,0.627162185305703,0.86400873839432
pixel_pca,-1,37,2,run_test,0.8,0.4605240623394417,0.9085161770174788
pixel_pca,-1,37,2,run_test,0.85,0.3629046069532454,0.931571495988674
pixel_pca,-1,37,2,run_test,0.9,0.2959410858023634,0.9427083333333334
pixel_pca,-1,37,2,run_test,0.95,0.1551635554033225,0.9613686534216336
pixel_pca,-1,50,0,test,0.0,1.0,0.7713391604618539
pixel_pca,-1,50,0,test,0.5,0.8998597172763569,0.8070512051804772
pixel_pca,-1,50,0,test,0.6,0.766699039602892,0.8471498944405348
pixel_pca,-1,50,0,test,0.7,0.6613790870831985,0.8740414423233807
pixel_pca,-1,50,0,test,0.8,0.4801985540088486,0.9137078651685392
pixel_pca,-1,50,0,test,0.85,0.4374662781914319,0.9185989146521952
pixel_pca,-1,50,0,test,0.9,0.3170389554332578,0.9322668481960518
pixel_pca,-1,50,0,test,0.95,0.1433041976907305,0.9390060240963856
pixel_pca,-1,50,0,run_test,0.0,1.0,0.7638294228463778
pixel_pca,-1,50,0,run_test,0.5,0.884055488953588,0.8080201472297559
pixel_pca,-1,50,0,run_test,0.6,0.7516698064737113,0.8395989974937343
pixel_pca,-1,50,0,run_test,0.7,0.6454872409659188,0.8670734942955691
pixel_pca,-1,50,0,run_test,0.8,0.4666895016269909,0.9159633027522937
pixel_pca,-1,50,0,run_test,0.85,0.4233601644117143,0.9251618122977346
pixel_pca,-1,50,0,run_test,0.9,0.3074156533653023,0.9403899721448468
pixel_pca,-1,50,0,run_test,0.95,0.1486555917109094,0.9493087557603688
pixel_pca,-1,50,1,test,0.0,1.0,0.7681018668393224
pixel_pca,-1,50,1,test,0.5,0.9373044135103054,0.7916186967533962
pixel_pca,-1,50,1,test,0.6,0.7900075536851192,0.8392296134407867
pixel_pca,-1,50,1,test,0.7,0.6781051041329449,0.8663271801400382
pixel_pca,-1,50,1,test,0.8,0.5118161217222402,0.9125026354627872
pixel_pca,-1,50,1,test,0.85,0.4858098629545699,0.9175921812527764
pixel_pca,-1,50,1,test,0.9,0.3681881946692565,0.9320046893317704
pixel_pca,-1,50,1,test,0.95,0.1586273875040466,0.9605442176870748
pixel_pca,-1,50,1,run_test,0.0,1.0,0.7595478677855797
pixel_pca,-1,50,1,run_test,0.5,0.9301250214077752,0.7862272141410421
pixel_pca,-1,50,1,run_test,0.6,0.7819832163041617,0.8298291721419185
pixel_pca,-1,50,1,run_test,0.7,0.6612433635896557,0.858067858067858
pixel_pca,-1,50,1,run_test,0.8,0.4903236855625963,0.910932588194202
pixel_pca,-1,50,1,run_test,0.85,0.4648056174002398,0.9167280766396464
pixel_pca,-1,50,1,run_test,0.9,0.3574242164754239,0.9262098706276952
pixel_pca,-1,50,1,run_test,0.95,0.1626990923103271,0.968421052631579
pixel_pca,-1,50,2,test,0.0,1.0,0.7731736268479551
pixel_pca,-1,50,2,test,0.5,0.9246789683824322,0.7995098611273194
pixel_pca,-1,50,2,test,0.6,0.767454408114816,0.8498312710911136
pixel_pca,-1,50,2,test,0.7,0.6703355994388691,0.8750804893754024
pixel_pca,-1,50,2,test,0.8,0.5830365814179346,0.9039422543031648
pixel_pca,-1,50,2,test,0.85,0.5017805114923923,0.9137634408602152
pixel_pca,-1,50,2,test,0.9,0.3109960073378655,0.9392782789729356
pixel_pca,-1,50,2,test,0.95,0.1686629977338944,0.9577735124760076
pixel_pca,-1,50,2,run_test,0.0,1.0,0.765542044870697
pixel_pca,-1,50,2,run_test,0.5,0.914882685391334,0.7948333957319356
pixel_pca,-1,50,2,run_test,0.6,0.7513272820688474,0.8438568497834511
pixel_pca,-1,50,2,run_test,0.7,0.6494262716218531,0.8723628691983122
pixel_pca,-1,50,2,run_test,0.8,0.5586573043329337,0.8982219497240956
pixel_pca,-1,50,2,run_test,0.85,0.4764514471656105,0.907979870596693
pixel_pca,-1,50,2,run_test,0.9,0.3070731289604384,0.9369771332961516
pixel_pca,-1,50,2,run_test,0.95,0.1787977393389279,0.9492337164750958
ae,0,3,0,test,0.0,1.0,0.63623610661487
ae,0,3,0,test,0.5,1.0,0.63623610661487
ae,0,3,0,test,0.6,1.0,0.63623610661487
ae,0,3,0,test,0.7,0.0,
ae,0,3,0,test,0.8,0.0,
ae,0,3,0,test,0.85,0.0,
ae,0,3,0,test,0.9,0.0,
ae,0,3,0,test,0.95,0.0,
ae,0,3,0,run_test,0.0,1.0,0.6523377290631958
ae,0,3,0,run_test,0.5,1.0,0.6523377290631958
ae,0,3,0,run_test,0.6,1.0,0.6523377290631958
ae,0,3,0,run_test,0.7,0.0,
ae,0,3,0,run_test,0.8,0.0,
ae,0,3,0,run_test,0.85,0.0,
ae,0,3,0,run_test,0.9,0.0,
ae,0,3,0,run_test,0.95,0.0,
ae,0,3,1,test,0.0,1.0,0.6364519261897054
ae,0,3,1,test,0.5,1.0,0.6364519261897054
ae,0,3,1,test,0.6,1.0,0.6364519261897054
ae,0,3,1,test,0.7,0.0,
ae,0,3,1,test,0.8,0.0,
ae,0,3,1,test,0.85,0.0,
ae,0,3,1,test,0.9,0.0,
ae,0,3,1,test,0.95,0.0,
ae,0,3,1,run_test,0.0,1.0,0.6525089912656277
ae,0,3,1,run_test,0.5,1.0,0.6525089912656277
ae,0,3,1,run_test,0.6,1.0,0.6525089912656277
ae,0,3,1,run_test,0.7,0.0,
ae,0,3,1,run_test,0.8,0.0,
ae,0,3,1,run_test,0.85,0.0,
ae,0,3,1,run_test,0.9,0.0,
ae,0,3,1,run_test,0.95,0.0,
ae,0,3,2,test,0.0,1.0,0.63623610661487
ae,0,3,2,test,0.5,1.0,0.63623610661487
ae,0,3,2,test,0.6,1.0,0.63623610661487
ae,0,3,2,test,0.7,0.0,
ae,0,3,2,test,0.8,0.0,
ae,0,3,2,test,0.85,0.0,
ae,0,3,2,test,0.9,0.0,
ae,0,3,2,test,0.95,0.0,
ae,0,3,2,run_test,0.0,1.0,0.6523377290631958
ae,0,3,2,run_test,0.5,1.0,0.6523377290631958
ae,0,3,2,run_test,0.6,1.0,0.6523377290631958
ae,0,3,2,run_test,0.7,0.0,
ae,0,3,2,run_test,0.8,0.0,
ae,0,3,2,run_test,0.85,0.0,
ae,0,3,2,run_test,0.9,0.0,
ae,0,3,2,run_test,0.95,0.0,
ae,0,8,0,test,0.0,1.0,0.7222402071867918
ae,0,8,0,test,0.5,0.8118053307434985,0.7902432540210023
ae,0,8,0,test,0.6,0.7389662242365382,0.8173189252336449
ae,0,8,0,test,0.7,0.5882162512139851,0.8629609246009906
ae,0,8,0,test,0.8,0.5386856587892522,0.8764022435897436
ae,0,8,0,test,0.85,0.3135858422358908,0.9205092911218168
ae,0,8,0,test,0.9,0.2112873637638934,0.9351378958120532
ae,0,8,0,test,0.95,0.0,
ae,0,8,0,run_test,0.0,1.0,0.7304332933721528
ae,0,8,0,run_test,0.5,0.7980818633327624,0.798068669527897
ae,0,8,0,run_test,0.6,0.7259804761089228,0.8150507195093183
ae,0,8,0,run_test,0.7,0.5852029457098818,0.8668422592917764
ae,0,8,0,run_test,0.8,0.5338242849803049,0.8768046198267565
ae,0,8,0,run_test,0.85,0.3123822572358281,0.9040570175438596
ae,0,8,0,run_test,0.9,0.1933550265456413,0.9140832595217008
ae,0,8,0,run_test,0.95,0.0,
ae,0,8,1,test,0.0,1.0,0.7322758174166397
ae,0,8,1,test,0.5,0.7854753426135751,0.8062920730869625
ae,0,8,1,test,0.6,0.626632135534693,0.8686068537971414
ae,0,8,1,test,0.7,0.4858098629545699,0.9355841848067524
ae,0,8,1,test,0.8,0.4858098629545699,0.9355841848067524
ae,0,8,1,test,0.85,0.4858098629545699,0.9355841848067524
ae,0,8,1,test,0.9,0.4001294917449012,0.9546925566343042
ae,0,8,1,test,0.95,0.1871155713823243,0.9775086505190312
ae,0,8,1,run_test,0.0,1.0,0.7353998972426785
ae,0,8,1,run_test,0.5,0.7876348689844151,0.8030006523157208
ae,0,8,1,run_test,0.6,0.6119198492892619,0.855583543240974
ae,0,8,1,run_test,0.7,0.4803904778215447,0.9262032085561496
ae,0,8,1,run_test,0.8,0.4803904778215447,0.9262032085561496
ae,0,8,1,run_test,0.85,0.4803904778215447,0.9262032085561496
ae,0,8,1,run_test,0.9,0.3824284980304847,0.9435736677115988
ae,0,8,1,run_test,0.95,0.1885596848775475,0.9745685740236149
ae,0,8,2,test,0.0,1.0,0.7382108557246142
ae,0,8,2,test,0.5,0.8609042840185605,0.7869140135372273
ae,0,8,2,test,0.6,0.6661271177295781,0.8619795885306982
ae,0,8,2,test,0.7,0.5374986511276573,0.9170849227062838
ae,0,8,2,test,0.8,0.4940110067983166,0.9305373525557012
ae,0,8,2,test,0.85,0.4940110067983166,0.9305373525557012
ae,0,8,2,test,0.9,0.3861012193805978,0.9527669088876468
ae,0,8,2,test,0.95,0.1698500053954893,0.9777636594663278
ae,0,8,2,run_test,0.0,1.0,0.7347148484329509
ae,0,8,2,run_test,0.5,0.8700119883541703,0.7866141732283465
ae,0,8,2,run_test,0.6,0.6602157903750642,0.8495460440985733
ae,0,8,2,run_test,0.7,0.537934577838671,0.909264565425024
ae,0,8,2,run_test,0.8,0.4894673745504367,0.9212736179146256
ae,0,8,2,run_test,0.85,0.4894673745504367,0.9212736179146256
ae,0,8,2,run_test,0.9,0.3649597533824285,0.9422806194274987
ae,0,8,2,run_test,0.95,0.1686932693954444,0.9786802030456851
ae,0,15,0,test,0.0,1.0,0.7644329340671199
ae,0,15,0,test,0.5,0.9137800798532428,0.8047945205479452
ae,0,15,0,test,0.6,0.7611956404445883,0.8497306492770059
ae,0,15,0,test,0.7,0.6264163159598576,0.9024978466838932
ae,0,15,0,test,0.8,0.5689003992662135,0.9226100151745068
ae,0,15,0,test,0.85,0.5689003992662135,0.9226100151745068
ae,0,15,0,test,0.9,0.2970756447609798,0.9687613512531784
ae,0,15,0,test,0.95,0.2970756447609798,0.9687613512531784
ae,0,15,0,run_test,0.0,1.0,0.7504709710566878
ae,0,15,0,run_test,0.5,0.9145401609864704,0.797191011235955
ae,0,15,0,run_test,0.6,0.7568076725466689,0.8538130798823264
ae,0,15,0,run_test,0.7,0.6199691728035622,0.902486187845304
ae,0,15,0,run_test,0.8,0.562425072786436,0.9263093788063338
ae,0,15,0,run_test,0.85,0.562425072786436,0.9263093788063338
ae,0,15,0,run_test,0.9,0.2880630244904949,0.9560047562425684
ae,0,15,0,run_test,0.95,0.2880630244904949,0.9560047562425684
ae,0,15,1,test,0.0,1.0,0.732923276141146
ae,0,15,1,test,0.5,0.8043595554116758,0.8019855111349611
ae,0,15,1,test,0.6,0.6516672062156037,0.8721642656068885
ae,0,15,1,test,0.7,0.6143304197690731,0.8870542771825048
ae,0,15,1,test,0.8,0.4824646595446207,0.9322299261910088
ae,0,15,1,test,0.85,0.4824646595446207,0.9322299261910088
ae,0,15,1,test,0.9,0.3736915938275602,0.9595726248917124
ae,0,15,1,test,0.95,0.1971511816121722,0.9753694581280788
ae,0,15,1,run_test,0.0,1.0,0.7278643603356739
ae,0,15,1,run_test,0.5,0.8051036136324713,0.7998298234418209
ae,0,15,1,run_test,0.6,0.6614146257920877,0.861729673744174
ae,0,15,1,run_test,0.7,0.622709368042473,0.8773377337733773
ae,0,15,1,run_test,0.8,0.4927213563966433,0.9249217935349322
ae,0,15,1,run_test,0.85,0.4927213563966433,0.9249217935349322
ae,0,15,1,run_test,0.9,0.3632471313581092,0.9429514380009428
ae,0,15,1,run_test,0.95,0.1938688131529371,0.96113074204947
ae,0,15,2,test,0.0,1.0,0.7342181935901586
ae,0,15,2,test,0.5,0.7700442430128412,0.8189461883408071
ae,0,15,2,test,0.6,0.7700442430128412,0.8189461883408071
ae,0,15,2,test,0.7,0.552929750728391,0.892271662763466
ae,0,15,2,test,0.8,0.3924678968382432,0.9634313995050866
ae,0,15,2,test,0.85,0.3924678968382432,0.9634313995050866
ae,0,15,2,test,0.9,0.3924678968382432,0.9634313995050866
ae,0,15,2,test,0.95,0.2593072191647782,0.9737827715355806
ae,0,15,2,run_test,0.0,1.0,0.7319746531940401
ae,0,15,2,run_test,0.5,0.7734201061825655,0.8144375553587245
ae,0,15,2,run_test,0.6,0.7734201061825655,0.8144375553587245
ae,0,15,2,run_test,0.7,0.5511217674259291,0.877563704164077
ae,0,15,2,run_test,0.8,0.3853399554718273,0.9524444444444444
ae,0,15,2,run_test,0.85,0.3853399554718273,0.9524444444444444
ae,0,15,2,run_test,0.9,0.3853399554718273,0.9524444444444444
ae,0,15,2,run_test,0.95,0.263401267340298,0.9622886866059818
ae,0,25,0,test,0.0,1.0,0.7997194345527139
ae,0,25,0,test,0.5,0.9349303981871157,0.8265235457063712
ae,0,25,0,test,0.6,0.8319844609906119,0.859792477302205
ae,0,25,0,test,0.7,0.7173842667529945,0.9022262334536704
ae,0,25,0,test,0.8,0.6501564691917557,0.9201659751037344
ae,0,25,0,test,0.85,0.5958778461206431,0.9299166968489676
ae,0,25,0,test,0.9,0.4015323189813316,0.9631819403386188
ae,0,25,0,test,0.95,0.1782669688140714,0.9794188861985472
ae,0,25,0,run_test,0.0,1.0,0.8001370097619456
ae,0,25,0,run_test,0.5,0.9366329851001884,0.8248308648747485
ae,0,25,0,run_test,0.6,0.839184791916424,0.8555102040816327
ae,0,25,0,run_test,0.7,0.7201575612262374,0.8989298454221165
ae,0,25,0,run_test,0.8,0.6538790888850831,0.9156626506024096
ae,0,25,0,run_test,0.85,0.5987326597020037,0.9253432494279176
ae,0,25,0,run_test,0.9,0.401781126905292,0.953537936913896
ae,0,25,0,run_test,0.95,0.1858194896386367,0.9631336405529954
ae,0,25,1,test,0.0,1.0,0.7883889068738534
ae,0,25,1,test,0.5,0.8899320168339269,0.8333939614405238
ae,0,25,1,test,0.6,0.8697528865868134,0.8415632754342431
ae,0,25,1,test,0.7,0.8424517103701306,0.8482131420520046
ae,0,25,1,test,0.8,0.5540088486025683,0.9168289832489288
ae,0,25,1,test,0.85,0.5390093881515053,0.9223223223223224
ae,0,25,1,test,0.9,0.3671090967950793,0.9559082892416224
ae,0,25,1,test,0.95,0.2110715441890579,0.9744376278118608
ae,0,25,1,run_test,0.0,1.0,0.7944853570816921
ae,0,25,1,run_test,0.5,0.8869669463949307,0.8310484649546245
ae,0,25,1,run_test,0.6,0.868299366329851,0.8349112426035503
ae,0,25,1,run_test,0.7,0.841582462750471,0.8414733414733415
ae,0,25,1,run_test,0.8,0.542387395101901,0.9191664035364698
ae,0,25,1,run_test,0.85,0.5274875834903237,0.9217532467532468
ae,0,25,1,run_test,0.9,0.3557115944511046,0.9504092441020704
ae,0,25,1,run_test,0.95,0.2084261003596506,0.9597370583401807
ae,0,25,2,test,0.0,1.0,0.7934606668824863
ae,0,25,2,test,0.5,0.9315851947771664,0.8250897718058612
ae,0,25,2,test,0.6,0.8872342721484838,0.844928241303819
ae,0,25,2,test,0.7,0.7256933203841588,0.8911524163568774
ae,0,25,2,test,0.8,0.6134671414697314,0.9201407211961302
ae,0,25,2,test,0.85,0.5972806733570735,0.9230352303523036
ae,0,25,2,test,0.9,0.3439084925002698,0.9620332601192344
ae,0,25,2,test,0.95,0.2116110931261465,0.9755226925038246
ae,0,25,2,run_test,0.0,1.0,0.7864360335673917
ae,0,25,2,run_test,0.5,0.9318376434320944,0.8215401580591803
ae,0,25,2,run_test,0.6,0.881657818119541,0.8422688422688422
ae,0,25,2,run_test,0.7,0.7169035793800308,0.8917821309125656
ae,0,25,2,run_test,0.8,0.5970200376776845,0.9202524383247276
ae,0,25,2,run_test,0.85,0.5793800308271965,0.9213715637008572
ae,0,25,2,run_test,0.9,0.3445795512930296,0.9512922465208749
ae,0,25,2,run_test,0.95,0.2056859051207398,0.961698584512906
ae,0,37,0,test,0.0,1.0,0.7986403366785367
ae,0,37,0,test,0.5,0.9189597496492932,0.830201972757163
ae,0,37,0,test,0.6,0.7895759145354484,0.8785021183545169
ae,0,37,0,test,0.7,0.7445775331822596,0.8953623188405797
ae,0,37,0,test,0.8,0.6703355994388691,0.918222794591114
ae,0,37,0,test,0.85,0.532211071544189,0.9383617193836172
ae,0,37,0,test,0.9,0.4514945505557354,0.9555449330783938
ae,0,37,0,test,0.95,0.3186576022445235,0.9742634608872334
ae,0,37,0,run_test,0.0,1.0,0.8009933207741051
ae,0,37,0,run_test,0.5,0.9200205514642918,0.8293000744601638
ae,0,37,0,run_test,0.6,0.7915738996403494,0.8714842059714409
ae,0,37,0,run_test,0.7,0.738825141291317,0.8901251738525731
ae,0,37,0,run_test,0.8,0.6578181195410173,0.9140848737307992
ae,0,37,0,run_test,0.85,0.5218359308100702,0.9284542172628816
ae,0,37,0,run_test,0.9,0.4444254153108409,0.9452793834296724
ae,0,37,0,run_test,0.95,0.3130673060455557,0.9655361050328228
ae,0,37,1,test,0.0,1.0,0.791626200496385
ae,0,37,1,test,0.5,0.9101111470810402,0.8298553474033673
ae,0,37,1,test,0.6,0.8277759792813209,0.8644244557424065
ae,0,37,1,test,0.7,0.7656199417287148,0.8842847075405215
ae,0,37,1,test,0.8,0.6748678105104133,0.9088583306683724
ae,0,37,1,test,0.85,0.5340455379302903,0.9379672661143664
ae,0,37,1,test,0.9,0.4418905794755584,0.95995115995116
ae,0,37,1,test,0.95,0.2831552821840941,0.9683689024390244
ae,0,37,1,run_test,0.0,1.0,0.7980818633327624
ae,0,37,1,run_test,0.5,0.9117999657475596,0.8339594290007513
ae,0,37,1,run_test,0.6,0.8198321630416168,0.8646333820764571
ae,0,37,1,run_test,0.7,0.7631443740366501,0.88016157989228
ae,0,37,1,run_test,0.8,0.6704915225209797,0.9047254150702426
ae,0,37,1,run_test,0.85,0.5257749614660044,0.9267100977198696
ae,0,37,1,run_test,0.9,0.4377461894159959,0.9522691705790296
ae,0,37,1,run_test,0.95,0.2866929268710396,0.959378733572282
ae,0,37,2,test,0.0,1.0,0.7992877954030431
ae,0,37,2,test,0.5,0.8991043487644329,0.8487758041286606
ae,0,37,2,test,0.6,0.8800043163914967,0.8556713672593501
ae,0,37,2,test,0.7,0.7035718139635265,0.908435582822086
ae,0,37,2,test,0.8,0.6427106938599331,0.92696440564137
ae,0,37,2,test,0.85,0.6052659976259847,0.9318951684792298
ae,0,37,2,test,0.9,0.4621776195100895,0.9530702778426337
ae,0,37,2,test,0.95,0.2320060429480954,0.9702325581395348
ae,0,37,2,run_test,0.0,1.0,0.7949991436889878
ae,0,37,2,run_test,0.5,0.895016269909231,0.8427095292766934
ae,0,37,2,run_test,0.6,0.8746360678198322,0.8507930291756413
ae,0,37,2,run_test,0.7,0.7112519266997773,0.9044064531663858
ae,0,37,2,run_test,0.8,0.6439458811440315,0.9252659574468084
ae,0,37,2,run_test,0.85,0.6078095564308957,0.927585235277543
ae,0,37,2,run_test,0.9,0.4690871724610378,0.9477911646586346
ae,0,37,2,run_test,0.95,0.2274362048295941,0.954066265060241
ae,0,50,0,test,0.0,1.0,0.8013380813639797
ae,0,50,0,test,0.5,0.9388151505341534,0.8241379310344827
ae,0,50,0,test,0.6,0.8427754397323838,0.8580025608194622
ae,0,50,0,test,0.7,0.7361605697636776,0.8981237173849311
ae,0,50,0,test,0.8,0.6636451926189706,0.92
ae,0,50,0,test,0.85,0.5735405201251753,0.9318908748824084
ae,0,50,0,test,0.9,0.4525736484299126,0.9611349546971864
ae,0,50,0,test,0.95,0.2702061076939678,0.963258785942492
ae,0,50,0,run_test,0.0,1.0,0.808015071073814
ae,0,50,0,run_test,0.5,0.9337215276588456,0.8312545854732208
ae,0,50,0,run_test,0.6,0.8444939201918137,0.8606773473940377
ae,0,50,0,run_test,0.7,0.7319746531940401,0.901965372016846
ae,0,50,0,run_test,0.8,0.6610721013872238,0.9176165803108808
ae,0,50,0,run_test,0.85,0.5814351772563795,0.9269513991163476
ae,0,50,0,run_test,0.9,0.4656619284123994,0.9577050386171386
ae,0,50,0,run_test,0.95,0.2801849631786264,0.954156479217604
ae,0,50,1,test,0.0,1.0,0.8113736915938276
ae,0,50,1,test,0.5,0.9483112118269128,0.8357988165680473
ae,0,50,1,test,0.6,0.8651127657278516,0.8712735437195959
ae,0,50,1,test,0.7,0.7845041545268155,0.8942228335625859
ae,0,50,1,test,0.8,0.6855508794647674,0.919722965528097
ae,0,50,1,test,0.85,0.6660192079421604,0.9212572909915748
ae,0,50,1,test,0.9,0.4943347361605698,0.9445535909190134
ae,0,50,1,test,0.95,0.2328693212474371,0.969416126042632
ae,0,50,1,run_test,0.0,1.0,0.812467888337044
ae,0,50,1,run_test,0.5,0.948621339270423,0.8391406391045315
ae,0,50,1,run_test,0.6,0.8557972255523206,0.8719231538923354
ae,0,50,1,run_test,0.7,0.7758177770166125,0.8894039735099337
ae,0,50,1,run_test,0.8,0.6805959924644631,0.9159536990437848
ae,0,50,1,run_test,0.85,0.6620996746018154,0.9190377651319191
ae,0,50,1,run_test,0.9,0.4983730090768967,0.9443298969072164
ae,0,50,1,run_test,0.95,0.2322315464976879,0.9616519174041298
ae,0,50,2,test,0.0,1.0,0.8074889392467897
ae,0,50,2,test,0.5,0.9086004100571922,0.8388361045130641
ae,0,50,2,test,0.6,0.832308190352865,0.8719045766887074
ae,0,50,2,test,0.7,0.7427430667961584,0.8962661630103153
ae,0,50,2,test,0.8,0.6576022445235783,0.9194289465047588
ae,0,50,2,test,0.85,0.5815258443940865,0.932455000927816
ae,0,50,2,test,0.9,0.4430775871371533,0.961763273258646
ae,0,50,2,test,0.95,0.2744145894032588,0.9705072748721982
ae,0,50,2,run_test,0.0,1.0,0.8177770166124336
ae,0,50,2,run_test,0.5,0.9133413255694468,0.8421151321957623
ae,0,50,2,run_test,0.6,0.8289090597705087,0.8710743801652893
ae,0,50,2,run_test,0.7,0.7396814523034766,0.8946515397082658
ae,0,50,2,run_test,0.8,0.6555917109094023,0.913793103448276
ae,0,50,2,run_test,0.85,0.5735571159445111,0.926246640788295
ae,0,50,2,run_test,0.9,0.4392875492378832,0.9567251461988304
ae,0,50,2,run_test,0.95,0.2798424387737626,0.96328029375765
active_mask_ae,2,3,0,test,0.0,1.0,0.6946153016078558
active_mask_ae,2,3,0,test,0.5,1.0,0.6946153016078558
active_mask_ae,2,3,0,test,0.6,0.6208050070141362,0.7929775769163915
active_mask_ae,2,3,0,test,0.7,0.6208050070141362,0.7929775769163915
active_mask_ae,2,3,0,test,0.8,0.2829394626092587,0.8634630053394355
active_mask_ae,2,3,0,test,0.85,0.2829394626092587,0.8634630053394355
active_mask_ae,2,3,0,test,0.9,0.0,
active_mask_ae,2,3,0,test,0.95,0.0,
active_mask_ae,2,3,0,run_test,0.0,1.0,0.7049152252097962
active_mask_ae,2,3,0,run_test,0.5,1.0,0.7049152252097962
active_mask_ae,2,3,0,run_test,0.6,0.5906833361877034,0.7903740214554943
active_mask_ae,2,3,0,run_test,0.7,0.5906833361877034,0.7903740214554943
active_mask_ae,2,3,0,run_test,0.8,0.2582634012673403,0.8348806366047745
active_mask_ae,2,3,0,run_test,0.85,0.2582634012673403,0.8348806366047745
active_mask_ae,2,3,0,run_test,0.9,0.0,
active_mask_ae,2,3,0,run_test,0.95,0.0,
active_mask_ae,2,3,1,test,0.0,1.0,0.6945073918204381
active_mask_ae,2,3,1,test,0.5,1.0,0.6945073918204381
active_mask_ae,2,3,1,test,0.6,0.621668285313478,0.7923971532720014
active_mask_ae,2,3,1,test,0.7,0.621668285313478,0.7923971532720014
active_mask_ae,2,3,1,test,0.8,0.2838027409086004,0.8619771863117871
active_mask_ae,2,3,1,test,0.85,0.2838027409086004,0.8619771863117871
active_mask_ae,2,3,1,test,0.9,0.0,
active_mask_ae,2,3,1,test,0.95,0.0,
active_mask_ae,2,3,1,run_test,0.0,1.0,0.7047439630073643
active_mask_ae,2,3,1,run_test,0.5,1.0,0.7047439630073643
active_mask_ae,2,3,1,run_test,0.6,0.591539647199863,0.7898089171974523
active_mask_ae,2,3,1,run_test,0.7,0.591539647199863,0.7898089171974523
active_mask_ae,2,3,1,run_test,0.8,0.2591197122794999,0.8334434897554528
active_mask_ae,2,3,1,run_test,0.85,0.2591197122794999,0.8334434897554528
active_mask_ae,2,3,1,run_test,0.9,0.0,
active_mask_ae,2,3,1,run_test,0.95,0.0,
active_mask_ae,2,3,2,test,0.0,1.0,0.6947232113952736
active_mask_ae,2,3,2,test,0.5,1.0,0.6947232113952736
active_mask_ae,2,3,2,test,0.6,0.6214524657386425,0.792672338947734
active_mask_ae,2,3,2,test,0.7,0.6214524657386425,0.792672338947734
active_mask_ae,2,3,2,test,0.8,0.2835869213337649,0.8626331811263318
active_mask_ae,2,3,2,test,0.85,0.2835869213337649,0.8626331811263318
active_mask_ae,2,3,2,test,0.9,0.0,
active_mask_ae,2,3,2,test,0.95,0.0,
active_mask_ae,2,3,2,run_test,0.0,1.0,0.70525774961466
active_mask_ae,2,3,2,run_test,0.5,1.0,0.70525774961466
active_mask_ae,2,3,2,run_test,0.6,0.5910258605925672,0.7904955085482469
active_mask_ae,2,3,2,run_test,0.7,0.5910258605925672,0.7904955085482469
active_mask_ae,2,3,2,run_test,0.8,0.2586059256722041,0.8350993377483443
active_mask_ae,2,3,2,run_test,0.85,0.2586059256722041,0.8350993377483443
active_mask_ae,2,3,2,run_test,0.9,0.0,
active_mask_ae,2,3,2,run_test,0.95,0.0,
active_mask_ae,2,8,0,test,0.0,1.0,0.7163051688788173
active_mask_ae,2,8,0,test,0.5,0.7890363655983598,0.7766684901531729
active_mask_ae,2,8,0,test,0.6,0.7890363655983598,0.7766684901531729
active_mask_ae,2,8,0,test,0.7,0.6319197151181613,0.8051571038251366
active_mask_ae,2,8,0,test,0.8,0.3214632567173843,0.9033232628398792
active_mask_ae,2,8,0,test,0.85,0.2080500701413618,0.9372406639004148
active_mask_ae,2,8,0,test,0.9,0.2080500701413618,0.9372406639004148
active_mask_ae,2,8,0,test,0.95,0.0,
active_mask_ae,2,8,0,run_test,0.0,1.0,0.716561054975167
active_mask_ae,2,8,0,run_test,0.5,0.7773591368384998,0.7715355805243446
active_mask_ae,2,8,0,run_test,0.6,0.7773591368384998,0.7715355805243446
active_mask_ae,2,8,0,run_test,0.7,0.6259633498886795,0.7906976744186046
active_mask_ae,2,8,0,run_test,0.8,0.2985100188388422,0.9036144578313252
active_mask_ae,2,8,0,run_test,0.85,0.1885596848775475,0.9173478655767484
active_mask_ae,2,8,0,run_test,0.9,0.1885596848775475,0.9173478655767484
active_mask_ae,2,8,0,run_test,0.95,0.0,
active_mask_ae,2,8,1,test,0.0,1.0,0.7167368080284882
active_mask_ae,2,8,1,test,0.5,0.7886047264486888,0.7770935960591133
active_mask_ae,2,8,1,test,0.6,0.7886047264486888,0.7770935960591133
active_mask_ae,2,8,1,test,0.7,0.6312722563936549,0.8056410256410257
active_mask_ae,2,8,1,test,0.8,0.3216790762922197,0.9033881247903388
active_mask_ae,2,8,1,test,0.85,0.2081579799287795,0.937791601866252
active_mask_ae,2,8,1,test,0.9,0.2081579799287795,0.937791601866252
active_mask_ae,2,8,1,test,0.95,0.0,
active_mask_ae,2,8,1,run_test,0.0,1.0,0.7167323171775989
active_mask_ae,2,8,1,run_test,0.5,0.7761603014214763,0.7711827007943513
active_mask_ae,2,8,1,run_test,0.6,0.7761603014214763,0.7711827007943513
active_mask_ae,2,8,1,run_test,0.7,0.6245932522692241,0.7905127502056485
active_mask_ae,2,8,1,run_test,0.8,0.299023805446138,0.904352806414662
active_mask_ae,2,8,1,run_test,0.85,0.1889022092824113,0.9174977334542158
active_mask_ae,2,8,1,run_test,0.9,0.1889022092824113,0.9174977334542158
active_mask_ae,2,8,1,run_test,0.95,0.0,
active_mask_ae,2,8,2,test,0.0,1.0,0.7165209884536528
active_mask_ae,2,8,2,test,0.5,0.7888205460235244,0.7766073871409028
active_mask_ae,2,8,2,test,0.6,0.7888205460235244,0.7766073871409028
active_mask_ae,2,8,2,test,0.7,0.6314880759684903,0.8050239234449761
active_mask_ae,2,8,2,test,0.8,0.3213553469299665,0.9036265950302216
active_mask_ae,2,8,2,test,0.85,0.2080500701413618,0.9377593360995852
active_mask_ae,2,8,2,test,0.9,0.2080500701413618,0.9377593360995852
active_mask_ae,2,8,2,test,0.95,0.0,
active_mask_ae,2,8,2,run_test,0.0,1.0,0.716561054975167
active_mask_ae,2,8,2,run_test,0.5,0.7765028258263401,0.7710630789589766
active_mask_ae,2,8,2,run_test,0.6,0.7765028258263401,0.7710630789589766
active_mask_ae,2,8,2,run_test,0.7,0.62510703887652,0.7901369863013699
active_mask_ae,2,8,2,run_test,0.8,0.2991950676485699,0.9038351459645106
active_mask_ae,2,8,2,run_test,0.85,0.1890734714848433,0.917572463768116
active_mask_ae,2,8,2,run_test,0.9,0.1890734714848433,0.917572463768116
active_mask_ae,2,8,2,run_test,0.95,0.0,
active_mask_ae,2,15,0,test,0.0,1.0,0.7642171144922845
active_mask_ae,2,15,0,test,0.5,0.906765943671091,0.7966202546709509
active_mask_ae,2,15,0,test,0.6,0.8038200064745873,0.8219895287958116
active_mask_ae,2,15,0,test,0.7,0.6457321679076292,0.8709893048128342
active_mask_ae,2,15,0,test,0.8,0.4864573216790763,0.926131322094055
active_mask_ae,2,15,0,test,0.85,0.3776842559620157,0.9497142857142856
active_mask_ae,2,15,0,test,0.9,0.3776842559620157,0.9497142857142856
active_mask_ae,2,15,0,test,0.95,0.1386640768317686,0.9688715953307392
active_mask_ae,2,15,0,run_test,0.0,1.0,0.7693098133241993
active_mask_ae,2,15,0,run_test,0.5,0.912998801164583,0.7959107109360345
active_mask_ae,2,15,0,run_test,0.6,0.8054461380373351,0.819902190091431
active_mask_ae,2,15,0,run_test,0.7,0.6355540332248673,0.8720021557531663
active_mask_ae,2,15,0,run_test,0.8,0.4639493063880801,0.9217423403469917
active_mask_ae,2,15,0,run_test,0.85,0.3629046069532454,0.9419537517697026
active_mask_ae,2,15,0,run_test,0.9,0.3629046069532454,0.9419537517697026
active_mask_ae,2,15,0,run_test,0.95,0.1378660729576982,0.9602484472049688
active_mask_ae,2,15,1,test,0.0,1.0,0.7679939570519047
active_mask_ae,2,15,1,test,0.5,0.8741771878709399,0.8136032588569312
active_mask_ae,2,15,1,test,0.6,0.8741771878709399,0.8136032588569312
active_mask_ae,2,15,1,test,0.7,0.6331067227797561,0.8823930458496676
active_mask_ae,2,15,1,test,0.8,0.4917449012625445,0.9249506254114548
active_mask_ae,2,15,1,test,0.85,0.4437250458616597,0.9328793774319066
active_mask_ae,2,15,1,test,0.9,0.3834034746951548,0.9490571348156488
active_mask_ae,2,15,1,test,0.95,0.1429804683284773,0.9645283018867924
active_mask_ae,2,15,1,run_test,0.0,1.0,0.7739338927898612
active_mask_ae,2,15,1,run_test,0.5,0.8778900496660387,0.8111587982832618
active_mask_ae,2,15,1,run_test,0.6,0.8778900496660387,0.8111587982832618
active_mask_ae,2,15,1,run_test,0.7,0.6237369412570646,0.8756177924217463
active_mask_ae,2,15,1,run_test,0.8,0.4677170748415825,0.9179787623581106
active_mask_ae,2,15,1,run_test,0.85,0.4213050179825313,0.9243902439024392
active_mask_ae,2,15,1,run_test,0.9,0.3656448021921561,0.9395784543325528
active_mask_ae,2,15,1,run_test,0.95,0.140435005994177,0.9536585365853658
active_mask_ae,2,15,2,test,0.0,1.0,0.7760871911082335
active_mask_ae,2,15,2,test,0.5,0.92101003561023,0.8032806092560046
active_mask_ae,2,15,2,test,0.6,0.8719110823351678,0.81509900990099
active_mask_ae,2,15,2,test,0.7,0.621236646163807,0.882925134618725
active_mask_ae,2,15,2,test,0.8,0.5267076723858855,0.919278836304036
active_mask_ae,2,15,2,test,0.85,0.5267076723858855,0.919278836304036
active_mask_ae,2,15,2,test,0.9,0.3715333980792057,0.952076677316294
active_mask_ae,2,15,2,test,0.95,0.1417934606668824,0.969558599695586
active_mask_ae,2,15,2,run_test,0.0,1.0,0.7806131186847063
active_mask_ae,2,15,2,run_test,0.5,0.9302962836102072,0.8004418262150221
active_mask_ae,2,15,2,run_test,0.6,0.8725809213906491,0.813738959764475
active_mask_ae,2,15,2,run_test,0.7,0.6023291659530742,0.8794427068524311
active_mask_ae,2,15,2,run_test,0.8,0.4966603870525775,0.9110344827586206
active_mask_ae,2,15,2,run_test,0.85,0.4966603870525775,0.9110344827586206
active_mask_ae,2,15,2,run_test,0.9,0.3509162527830108,0.9385065885797952
active_mask_ae,2,15,2,run_test,0.95,0.1400924815893132,0.9486552567237164
active_mask_ae,2,25,0,test,0.0,1.0,0.7891442753857775
active_mask_ae,2,25,0,test,0.5,1.0,0.7891442753857775
active_mask_ae,2,25,0,test,0.6,0.8041437358368404,0.8513150831991412
active_mask_ae,2,25,0,test,0.7,0.734434013164994,0.8684983837790186
active_mask_ae,2,25,0,test,0.8,0.5693320384158843,0.920773313115997
active_mask_ae,2,25,0,test,0.85,0.5037228876659113,0.9308054841473864
active_mask_ae,2,25,0,test,0.9,0.4127549368727743,0.9500653594771242
active_mask_ae,2,25,0,test,0.95,0.1862522930829826,0.9681344148319816
active_mask_ae,2,25,0,run_test,0.0,1.0,0.7847234115430725
active_mask_ae,2,25,0,run_test,0.5,1.0,0.7847234115430725
active_mask_ae,2,25,0,run_test,0.6,0.799109436547354,0.845049292756108
active_mask_ae,2,25,0,run_test,0.7,0.7211851344408289,0.8644027546900974
active_mask_ae,2,25,0,run_test,0.8,0.5538619626648399,0.9131106988249844
active_mask_ae,2,25,0,run_test,0.85,0.4805617400239767,0.924447612259444
active_mask_ae,2,25,0,run_test,0.9,0.3964719986299024,0.9408207343412528
active_mask_ae,2,25,0,run_test,0.95,0.178626477136496,0.9568552253116012
active_mask_ae,2,25,1,test,0.0,1.0,0.8037120966871695
active_mask_ae,2,25,1,test,0.5,0.958562641631596,0.8223573117190138
active_mask_ae,2,25,1,test,0.6,0.9433473616056977,0.8272706474490963
active_mask_ae,2,25,1,test,0.7,0.7760871911082335,0.8663793103448276
active_mask_ae,2,25,1,test,0.8,0.5929642818603648,0.9121019108280256
active_mask_ae,2,25,1,test,0.85,0.507283910650696,0.931291214635184
active_mask_ae,2,25,1,test,0.9,0.384482572569332,0.9640752175133316
active_mask_ae,2,25,1,test,0.95,0.2292003884752347,0.9731638418079096
active_mask_ae,2,25,1,run_test,0.0,1.0,0.7907175886281897
active_mask_ae,2,25,1,run_test,0.5,0.9477650282582634,0.81893747741236
active_mask_ae,2,25,1,run_test,0.6,0.930638808015071,0.8214942951785057
active_mask_ae,2,25,1,run_test,0.7,0.7523548552834389,0.854996585476895
active_mask_ae,2,25,1,run_test,0.8,0.5706456585031684,0.9078631452581032
active_mask_ae,2,25,1,run_test,0.85,0.4790203802020894,0.9267071862710048
active_mask_ae,2,25,1,run_test,0.9,0.36153450933379,0.9549976314542872
active_mask_ae,2,25,1,run_test,0.95,0.2147628018496317,0.967304625199362
active_mask_ae,2,25,2,test,0.0,1.0,0.7971295996546887
active_mask_ae,2,25,2,test,0.5,0.953598791410381,0.8104560371166686
active_mask_ae,2,25,2,test,0.6,0.8524873205999784,0.8411392405063292
active_mask_ae,2,25,2,test,0.7,0.719110823351678,0.8819027611044418
active_mask_ae,2,25,2,test,0.8,0.6287903312830474,0.9090441050283165
active_mask_ae,2,25,2,test,0.85,0.5338297183554548,0.92116434202547
active_mask_ae,2,25,2,test,0.9,0.39214416747599,0.9576224545954872
active_mask_ae,2,25,2,test,0.95,0.1426567389662242,0.9757942511346444
active_mask_ae,2,25,2,run_test,0.0,1.0,0.8008220585716732
active_mask_ae,2,25,2,run_test,0.5,0.946394930638808,0.8098081795150199
active_mask_ae,2,25,2,run_test,0.6,0.8431238225723583,0.8385131017672152
active_mask_ae,2,25,2,run_test,0.7,0.7133070731289605,0.8756302521008403
active_mask_ae,2,25,2,run_test,0.8,0.6216817948278814,0.9008264462809916
active_mask_ae,2,25,2,run_test,0.85,0.5235485528343895,0.9087340529931304
active_mask_ae,2,25,2,run_test,0.9,0.3760917965405035,0.9453551912568308
active_mask_ae,2,25,2,run_test,0.95,0.1412913170063367,0.9612121212121212
active_mask_ae,2,37,0,test,0.0,1.0,0.8065177511600302
active_mask_ae,2,37,0,test,0.5,1.0,0.8065177511600302
active_mask_ae,2,37,0,test,0.6,0.8704003453113197,0.845896355070667
active_mask_ae,2,37,0,test,0.7,0.7543973238372721,0.87283650407667
active_mask_ae,2,37,0,test,0.8,0.6079637423114277,0.8997160099396521
active_mask_ae,2,37,0,test,0.85,0.5133268587460883,0.9201177212528904
active_mask_ae,2,37,0,test,0.9,0.3636559835977123,0.9537091988130564
active_mask_ae,2,37,0,test,0.95,0.2162512139851084,0.9680638722554892
active_mask_ae,2,37,0,run_test,0.0,1.0,0.8066449734543586
active_mask_ae,2,37,0,run_test,0.5,1.0,0.8066449734543586
active_mask_ae,2,37,0,run_test,0.6,0.8564822743620483,0.8428314337132573
active_mask_ae,2,37,0,run_test,0.7,0.7352286350402466,0.8732820871185651
active_mask_ae,2,37,0,run_test,0.8,0.5970200376776845,0.8973034997131383
active_mask_ae,2,37,0,run_test,0.85,0.4958040760404179,0.915371329879102
active_mask_ae,2,37,0,run_test,0.9,0.35708169207056,0.950599520383693
active_mask_ae,2,37,0,run_test,0.95,0.2109950333961294,0.9626623376623376
active_mask_ae,2,37,1,test,0.0,1.0,0.7950793136937521
active_mask_ae,2,37,1,test,0.5,0.9465846552282292,0.8169174646602827
active_mask_ae,2,37,1,test,0.6,0.8346822056760548,0.857918552036199
active_mask_ae,2,37,1,test,0.7,0.720621560375526,0.8972746331236897
active_mask_ae,2,37,1,test,0.8,0.6201575482896299,0.9178701931442492
active_mask_ae,2,37,1,test,0.85,0.5715981439516564,0.9220313384934868
active_mask_ae,2,37,1,test,0.9,0.3995899428078127,0.9551714825816904
active_mask_ae,2,37,1,test,0.95,0.251321894895867,0.9725203950193216
active_mask_ae,2,37,1,run_test,0.0,1.0,0.8018496317862648
active_mask_ae,2,37,1,run_test,0.5,0.9445110464120569,0.8228467815049864
active_mask_ae,2,37,1,run_test,0.6,0.830450419592396,0.8607960404207053
active_mask_ae,2,37,1,run_test,0.7,0.7127932865216646,0.8923594425756848
active_mask_ae,2,37,1,run_test,0.8,0.6074670320260318,0.9171130532844658
active_mask_ae,2,37,1,run_test,0.85,0.5620825483815722,0.9244363193174894
active_mask_ae,2,37,1,run_test,0.9,0.3911628703545127,0.948336252189142
active_mask_ae,2,37,1,run_test,0.95,0.247645144716561,0.963347164591978
active_mask_ae,2,37,2,test,0.0,1.0,0.7949714039063343
active_mask_ae,2,37,2,test,0.5,0.8559404337973454,0.845940494200706
active_mask_ae,2,37,2,test,0.6,0.8168770907521312,0.8571994715984148
active_mask_ae,2,37,2,test,0.7,0.7408006906226394,0.8856518572469045
active_mask_ae,2,37,2,test,0.8,0.6218841048883134,0.9121985077216728
active_mask_ae,2,37,2,test,0.85,0.5534692996654796,0.9227919672450772
active_mask_ae,2,37,2,test,0.9,0.3622531563612819,0.9591897527554364
active_mask_ae,2,37,2,test,0.95,0.2493795187223481,0.966248377325833
active_mask_ae,2,37,2,run_test,0.0,1.0,0.7896900154135982
active_mask_ae,2,37,2,run_test,0.5,0.854940914540161,0.8449519230769231
active_mask_ae,2,37,2,run_test,0.6,0.8133241993492036,0.8572331017056223
active_mask_ae,2,37,2,run_test,0.7,0.7314608665867443,0.8801217513462889
active_mask_ae,2,37,2,run_test,0.8,0.6131186847062853,0.9069832402234635
active_mask_ae,2,37,2,run_test,0.85,0.5427299195067649,0.9179551909119597
active_mask_ae,2,37,2,run_test,0.9,0.3541702346292173,0.9540618955512572
active_mask_ae,2,37,2,run_test,0.95,0.2394245589998287,0.957796852646638
active_mask_ae,2,50,0,test,0.0,1.0,0.807381029459372
active_mask_ae,2,50,0,test,0.5,0.9817632459264056,0.8129259177841284
active_mask_ae,2,50,0,test,0.6,0.8529189597496493,0.8472925101214575
active_mask_ae,2,50,0,test,0.7,0.7013057084277544,0.9021387905831666
active_mask_ae,2,50,0,test,0.8,0.6628898241070466,0.9088393293179228
active_mask_ae,2,50,0,test,0.85,0.5646919175569224,0.9205044907318938
active_mask_ae,2,50,0,test,0.9,0.4206323513542678,0.9422780913288866
active_mask_ae,2,50,0,test,0.95,0.305816337541815,0.964361326746648
active_mask_ae,2,50,0,run_test,0.0,1.0,0.8105840041102929
active_mask_ae,2,50,0,run_test,0.5,0.9794485357081693,0.8172757475083057
active_mask_ae,2,50,0,run_test,0.6,0.8446651823942456,0.8542173560421735
active_mask_ae,2,50,0,run_test,0.7,0.6922418222298339,0.8960910440376052
active_mask_ae,2,50,0,run_test,0.8,0.6549066620996746,0.9032426778242678
active_mask_ae,2,50,0,run_test,0.85,0.5608837129645488,0.9178625954198474
active_mask_ae,2,50,0,run_test,0.9,0.4180510361363247,0.9344530929946744
active_mask_ae,2,50,0,run_test,0.95,0.3087857509847577,0.961730449251248
active_mask_ae,2,50,1,test,0.0,1.0,0.8102945937196504
active_mask_ae,2,50,1,test,0.5,0.9517643250242795,0.8312925170068027
active_mask_ae,2,50,1,test,0.6,0.8603647350814719,0.863414022325348
active_mask_ae,2,50,1,test,0.7,0.7430667961584115,0.8968922451350566
active_mask_ae,2,50,1,test,0.8,0.6405524981115788,0.918800539083558
active_mask_ae,2,50,1,test,0.85,0.584439408654365,0.9329763663220088
active_mask_ae,2,50,1,test,0.9,0.4671414697313046,0.956109956109956
active_mask_ae,2,50,1,test,0.95,0.3156361281968274,0.9654700854700856
active_mask_ae,2,50,1,run_test,0.0,1.0,0.8109265285151567
active_mask_ae,2,50,1,run_test,0.5,0.9472512416509676,0.8325800036159826
active_mask_ae,2,50,1,run_test,0.6,0.8563110121596164,0.8624
active_mask_ae,2,50,1,run_test,0.7,0.7306045555745847,0.8914674167838725
active_mask_ae,2,50,1,run_test,0.8,0.6223668436376092,0.9133186571271328
active_mask_ae,2,50,1,run_test,0.85,0.5728720671347833,0.9246636771300448
active_mask_ae,2,50,1,run_test,0.9,0.4594964891248501,0.9530376444278792
active_mask_ae,2,50,1,run_test,0.95,0.31700633670149,0.958400864397623
active_mask_ae,2,50,2,test,0.0,1.0,0.8153663537282831
active_mask_ae,2,50,2,test,0.5,0.9502535880004316,0.8329548035430389
active_mask_ae,2,50,2,test,0.6,0.9221970432718248,0.8439035806225135
active_mask_ae,2,50,2,test,0.7,0.6990396028919823,0.9066069774621796
active_mask_ae,2,50,2,test,0.8,0.6740045322110716,0.9140249759846302
active_mask_ae,2,50,2,test,0.85,0.5875687924894788,0.9298438934802572
active_mask_ae,2,50,2,test,0.9,0.4708104025035071,0.9486591794636716
active_mask_ae,2,50,2,test,0.95,0.3379734541922952,0.9648786717752236
active_mask_ae,2,50,2,run_test,0.0,1.0,0.8140092481589313
active_mask_ae,2,50,2,run_test,0.5,0.9498201746874464,0.8326721961774252
active_mask_ae,2,50,2,run_test,0.6,0.9212193868813152,0.8417921546755902
active_mask_ae,2,50,2,run_test,0.7,0.6799109436547354,0.8994962216624686
active_mask_ae,2,50,2,run_test,0.8,0.658331906148313,0.9079084287200831
active_mask_ae,2,50,2,run_test,0.85,0.5720157561226238,0.920059880239521
active_mask_ae,2,50,2,run_test,0.9,0.4600102757321459,0.943782576321668
active_mask_ae,2,50,2,run_test,0.95,0.3355026545641377,0.962736089841756
ae,1,3,0,test,0.0,1.0,0.7445775331822596
ae,1,3,0,test,0.5,1.0,0.7445775331822596
ae,1,3,0,test,0.6,1.0,0.7445775331822596
ae,1,3,0,test,0.7,0.7238588539980576,0.7775790101371497
ae,1,3,0,test,0.8,0.3869644976799395,0.8081427774679308
ae,1,3,0,test,0.85,0.0,
ae,1,3,0,test,0.9,0.0,
ae,1,3,0,test,0.95,0.0,
ae,1,3,0,run_test,0.0,1.0,0.7518410686761432
ae,1,3,0,run_test,0.5,1.0,0.7518410686761432
ae,1,3,0,run_test,0.6,1.0,0.7518410686761432
ae,1,3,0,run_test,0.7,0.6900154135982188,0.7761231074708365
ae,1,3,0,run_test,0.8,0.3594793629046069,0.7722725107193902
ae,1,3,0,run_test,0.85,0.0,
ae,1,3,0,run_test,0.9,0.0,
ae,1,3,0,run_test,0.95,0.0,
ae,1,3,1,test,0.0,1.0,0.7451170821193482
ae,1,3,1,test,0.5,1.0,0.7451170821193482
ae,1,3,1,test,0.6,1.0,0.7451170821193482
ae,1,3,1,test,0.7,0.7290385237941082,0.775902901124926
ae,1,3,1,test,0.8,0.3978633862091291,0.7973962571196095
ae,1,3,1,test,0.85,0.0,
ae,1,3,1,test,0.9,0.0,
ae,1,3,1,test,0.95,0.0,
ae,1,3,1,run_test,0.0,1.0,0.7487583490323686
ae,1,3,1,run_test,0.5,1.0,0.7487583490323686
ae,1,3,1,run_test,0.6,1.0,0.7487583490323686
ae,1,3,1,run_test,0.7,0.6939544442541531,0.7709772951628825
ae,1,3,1,run_test,0.8,0.3690700462407946,0.7605568445475638
ae,1,3,1,run_test,0.85,0.0,
ae,1,3,1,run_test,0.9,0.0,
ae,1,3,1,run_test,0.95,0.0,
ae,1,3,2,test,0.0,1.0,0.7442538038200065
ae,1,3,2,test,0.5,1.0,0.7442538038200065
ae,1,3,2,test,0.6,1.0,0.7442538038200065
ae,1,3,2,test,0.7,0.7256933203841588,0.7766542750929368
ae,1,3,2,test,0.8,0.390633430452142,0.8041436464088397
ae,1,3,2,test,0.85,0.0,
ae,1,3,2,test,0.9,0.0,
ae,1,3,2,test,0.95,0.0,
ae,1,3,2,run_test,0.0,1.0,0.7491008734372324
ae,1,3,2,run_test,0.5,1.0,0.7491008734372324
ae,1,3,2,run_test,0.6,1.0,0.7491008734372324
ae,1,3,2,run_test,0.7,0.6917280356225382,0.7724684327803912
ae,1,3,2,run_test,0.8,0.3618770337386539,0.7671557027922385
ae,1,3,2,run_test,0.85,0.0,
ae,1,3,2,run_test,0.9,0.0,
ae,1,3,2,run_test,0.95,0.0,
ae,1,8,0,test,0.0,1.0,0.7332470055033992
ae,1,8,0,test,0.5,1.0,0.7332470055033992
ae,1,8,0,test,0.6,0.5890795295133269,0.8849606154973438
ae,1,8,0,test,0.7,0.5192618970540628,0.9274729842061512
ae,1,8,0,test,0.8,0.5192618970540628,0.9274729842061512
ae,1,8,0,test,0.85,0.5192618970540628,0.9274729842061512
ae,1,8,0,test,0.9,0.2869321247437142,0.9563745769086124
ae,1,8,0,test,0.95,0.1679076292219704,0.9820051413881749
ae,1,8,0,run_test,0.0,1.0,0.7384826168864531
ae,1,8,0,run_test,0.5,1.0,0.7384826168864531
ae,1,8,0,run_test,0.6,0.5795512930296284,0.8847517730496454
ae,1,8,0,run_test,0.7,0.5115601986641548,0.9146300636089724
ae,1,8,0,run_test,0.8,0.5115601986641548,0.9146300636089724
ae,1,8,0,run_test,0.85,0.5115601986641548,0.9146300636089724
ae,1,8,0,run_test,0.9,0.2806987497859222,0.9402074435631482
ae,1,8,0,run_test,0.95,0.1686932693954444,0.9786802030456851
ae,1,8,1,test,0.0,1.0,0.7319520880543865
ae,1,8,1,test,0.5,1.0,0.7319520880543865
ae,1,8,1,test,0.6,0.6432502427970217,0.8537158194933736
ae,1,8,1,test,0.7,0.4835437574187979,0.9395224280294576
ae,1,8,1,test,0.8,0.4835437574187979,0.9395224280294576
ae,1,8,1,test,0.85,0.4835437574187979,0.9395224280294576
ae,1,8,1,test,0.9,0.3991583036581418,0.951338199513382
ae,1,8,1,test,0.95,0.1796697960505018,0.9801801801801802
ae,1,8,1,run_test,0.0,1.0,0.7403665011132043
ae,1,8,1,run_test,0.5,1.0,0.7403665011132043
ae,1,8,1,run_test,0.6,0.6300736427470457,0.839902147322642
ae,1,8,1,run_test,0.7,0.4791916424045213,0.929592566118656
ae,1,8,1,run_test,0.8,0.4791916424045213,0.929592566118656
ae,1,8,1,run_test,0.85,0.4791916424045213,0.929592566118656
ae,1,8,1,run_test,0.9,0.3808871382085974,0.9419964028776978
ae,1,8,1,run_test,0.95,0.1794827881486556,0.9790076335877864
ae,1,8,2,test,0.0,1.0,0.7317362684795511
ae,1,8,2,test,0.5,0.7217006582497032,0.8362739234449761
ae,1,8,2,test,0.6,0.5867055141901371,0.9153945190362331
ae,1,8,2,test,0.7,0.5867055141901371,0.9153945190362331
ae,1,8,2,test,0.8,0.5867055141901371,0.9153945190362331
ae,1,8,2,test,0.85,0.5146217761951009,0.9278674774585868
ae,1,8,2,test,0.9,0.4366029998920902,0.9389520514087988
ae,1,8,2,test,0.95,0.1700658249703248,0.980964467005076
ae,1,8,2,run_test,0.0,1.0,0.7371125192669977
ae,1,8,2,run_test,0.5,0.730090768967289,0.8275862068965517
ae,1,8,2,run_test,0.6,0.5901695495804076,0.9036564132327336
ae,1,8,2,run_test,0.7,0.5901695495804076,0.9036564132327336
ae,1,8,2,run_test,0.8,0.5901695495804076,0.9036564132327336
ae,1,8,2,run_test,0.85,0.5091625278301078,0.91355533131517
ae,1,8,2,run_test,0.9,0.4175372495290289,0.9253486464315012
ae,1,8,2,run_test,0.95,0.1709196780270594,0.9789579158316634
ae,1,15,0,test,0.0,1.0,0.7657278515161325
ae,1,15,0,test,0.5,0.8930614006690407,0.8011116481391977
ae,1,15,0,test,0.6,0.7772741987698284,0.8440927391364709
ae,1,15,0,test,0.7,0.6436818819466925,0.8928751047778709
ae,1,15,0,test,0.8,0.5428941404985432,0.9302325581395348
ae,1,15,0,test,0.85,0.5428941404985432,0.9302325581395348
ae,1,15,0,test,0.9,0.4344448041437358,0.9565325384997516
ae,1,15,0,test,0.95,0.1482680479119456,0.9839883551673944
ae,1,15,0,run_test,0.0,1.0,0.7621168008220586
ae,1,15,0,run_test,0.5,0.8903921904435691,0.8084246970571264
ae,1,15,0,run_test,0.6,0.7830107895187532,0.8433945756780402
ae,1,15,0,run_test,0.7,0.6434320945367358,0.8860793186052701
ae,1,15,0,run_test,0.8,0.5350231203973284,0.930537772087068
ae,1,15,0,run_test,0.85,0.5350231203973284,0.930537772087068
ae,1,15,0,run_test,0.9,0.4298681281041274,0.9517928286852588
ae,1,15,0,run_test,0.95,0.156191128617914,0.981359649122807
ae,1,15,1,test,0.0,1.0,0.7696126038631704
ae,1,15,1,test,0.5,0.9512247760871912,0.7852524106636415
ae,1,15,1,test,0.6,0.8007985324268911,0.8415307909985177
ae,1,15,1,test,0.7,0.6055897269882379,0.9155381325730576
ae,1,15,1,test,0.8,0.5725693320384159,0.9215981907274784
ae,1,15,1,test,0.85,0.5335059889932017,0.9288025889967636
ae,1,15,1,test,0.9,0.4159922304953059,0.9577172503242544
ae,1,15,1,test,0.95,0.2233732599546778,0.9739130434782608
ae,1,15,1,run_test,0.0,1.0,0.7765028258263401
ae,1,15,1,run_test,0.5,0.9520465833190614,0.7857528332433891
ae,1,15,1,run_test,0.6,0.8032197294057202,0.8349680170575693
ae,1,15,1,run_test,0.7,0.5970200376776845,0.9093516924842228
ae,1,15,1,run_test,0.8,0.5583147799280699,0.9141104294478528
ae,1,15,1,run_test,0.85,0.5184106867614318,0.9276511397423192
ae,1,15,1,run_test,0.9,0.4029799623223155,0.95537611559711
ae,1,15,1,run_test,0.95,0.2197294057201575,0.965705378020265
ae,1,15,2,test,0.0,1.0,0.7734973562102083
ae,1,15,2,test,0.5,1.0,0.7734973562102083
ae,1,15,2,test,0.6,0.7209452897377793,0.867235443795839
ae,1,15,2,test,0.7,0.6251213985108449,0.9062661833247022
ae,1,15,2,test,0.8,0.5577856911621885,0.9276455794157478
ae,1,15,2,test,0.85,0.5577856911621885,0.9276455794157478
ae,1,15,2,test,0.9,0.3498435308082443,0.9669956816779766
ae,1,15,2,test,0.95,0.2093449875903744,0.9752577319587628
ae,1,15,2,run_test,0.0,1.0,0.781126905292002
ae,1,15,2,run_test,0.5,1.0,0.781126905292002
ae,1,15,2,run_test,0.6,0.7079979448535708,0.8657474600870827
ae,1,15,2,run_test,0.7,0.6136324713135811,0.9059447390454926
ae,1,15,2,run_test,0.8,0.5449563281383799,0.9242614707730988
ae,1,15,2,run_test,0.85,0.5449563281383799,0.9242614707730988
ae,1,15,2,run_test,0.9,0.3498886795684192,0.9613313754282916
ae,1,15,2,run_test,0.95,0.205172118513444,0.96661101836394
ae,1,25,0,test,0.0,1.0,0.7769504694075753
ae,1,25,0,test,0.5,0.7903312830473724,0.8705625341343528
ae,1,25,0,test,0.6,0.7903312830473724,0.8705625341343528
ae,1,25,0,test,0.7,0.74598036041869,0.8889049616664256
ae,1,25,0,test,0.8,0.6293298802201359,0.9230109739369
ae,1,25,0,test,0.85,0.5682529405417072,0.9371439422711736
ae,1,25,0,test,0.9,0.4731844178266969,0.9525655644241732
ae,1,25,0,test,0.95,0.238264810618323,0.9710144927536232
ae,1,25,0,run_test,0.0,1.0,0.7842096249357767
ae,1,25,0,run_test,0.5,0.7852371981503682,0.8652126499454744
ae,1,25,0,run_test,0.6,0.7852371981503682,0.8652126499454744
ae,1,25,0,run_test,0.7,0.7336872752183593,0.8814192343604108
ae,1,25,0,run_test,0.8,0.6197979106011303,0.9267753523072672
ae,1,25,0,run_test,0.85,0.5543757492721356,0.9403768921841212
ae,1,25,0,run_test,0.9,0.4701147456756294,0.9522768670309654
ae,1,25,0,run_test,0.95,0.2327453331049837,0.9551140544518028
ae,1,25,1,test,0.0,1.0,0.7739289953598791
ae,1,25,1,test,0.5,0.8882054602352434,0.8135099015915441
ae,1,25,1,test,0.6,0.7410165101974749,0.8744721130042231
ae,1,25,1,test,0.7,0.6433581525844394,0.9104327406910432
ae,1,25,1,test,0.8,0.6104456674220352,0.9236344352130104
ae,1,25,1,test,0.85,0.5822812129060105,0.9343958487768718
ae,1,25,1,test,0.9,0.4840833063558865,0.9507356219349086
ae,1,25,1,test,0.95,0.2504586165965253,0.969409737182249
ae,1,25,1,run_test,0.0,1.0,0.7665696180852886
ae,1,25,1,run_test,0.5,0.8919335502654564,0.8114439324116743
ae,1,25,1,run_test,0.6,0.7538962151053262,0.8693775556565198
ae,1,25,1,run_test,0.7,0.6478849117999658,0.9069521543748348
ae,1,25,1,run_test,0.8,0.6076382942284638,0.9227733934611048
ae,1,25,1,run_test,0.85,0.5762973111834219,0.9319465081723626
ae,1,25,1,run_test,0.9,0.4839869840726152,0.9455060155697098
ae,1,25,1,run_test,0.95,0.250042815550608,0.9595890410958904
ae,1,25,2,test,0.0,1.0,0.7727419876982843
ae,1,25,2,test,0.5,0.9083845904823568,0.8130197196483725
ae,1,25,2,test,0.6,0.7618430991690947,0.8788951841359773
ae,1,25,2,test,0.7,0.719110823351678,0.8937575030012005
ae,1,25,2,test,0.8,0.6141146001942376,0.926726410121244
ae,1,25,2,test,0.85,0.5246573864249487,0.9446729740847388
ae,1,25,2,test,0.9,0.4729685982518614,0.9575633127994524
ae,1,25,2,test,0.95,0.2348116974209561,0.9705882352941176
ae,1,25,2,run_test,0.0,1.0,0.7699948621339271
ae,1,25,2,run_test,0.5,0.9167665696180852,0.8133756771903605
ae,1,25,2,run_test,0.6,0.7693098133241993,0.877560106856634
ae,1,25,2,run_test,0.7,0.7203288234286693,0.891583452211127
ae,1,25,2,run_test,0.8,0.6177427641719473,0.9312448017743276
ae,1,25,2,run_test,0.85,0.5172118513444083,0.9466887417218544
ae,1,25,2,run_test,0.9,0.4675458126391505,0.9556776556776556
ae,1,25,2,run_test,0.95,0.2373694125706456,0.966089466089466
ae,1,37,0,test,0.0,1.0,0.7895759145354484
ae,1,37,0,test,0.5,0.8928455810942052,0.8405849649504472
ae,1,37,0,test,0.6,0.7757634617459803,0.8809291973848936
ae,1,37,0,test,0.7,0.71144922844502,0.9091460640072804
ae,1,37,0,test,0.8,0.6392575806625661,0.9329844699527348
ae,1,37,0,test,0.85,0.6392575806625661,0.9329844699527348
ae,1,37,0,test,0.9,0.4985432178698608,0.9543290043290044
ae,1,37,0,test,0.95,0.3332254235459156,0.971178756476684
ae,1,37,0,run_test,0.0,1.0,0.7931152594622367
ae,1,37,0,run_test,0.5,0.906319575269738,0.8339002267573696
ae,1,37,0,run_test,0.6,0.7823257407090255,0.8780647985989493
ae,1,37,0,run_test,0.7,0.7151909573557116,0.9027777777777778
ae,1,37,0,run_test,0.8,0.6389792772735058,0.9367461806486196
ae,1,37,0,run_test,0.85,0.6389792772735058,0.9367461806486196
ae,1,37,0,run_test,0.9,0.5124165096763145,0.952874331550802
ae,1,37,0,run_test,0.95,0.3324199349203631,0.9634209170530654
ae,1,37,1,test,0.0,1.0,0.81504262436603
ae,1,37,1,test,0.5,0.9371965037228877,0.8460564191134139
ae,1,37,1,test,0.6,0.8677026006258768,0.8724039298594702
ae,1,37,1,test,0.7,0.7324916369914751,0.9154390100176782
ae,1,37,1,test,0.8,0.671522607100464,0.9323477422465049
ae,1,37,1,test,0.85,0.56102298478472,0.9474899019042125
ae,1,37,1,test,0.9,0.5345850868673788,0.9497375857892612
ae,1,37,1,test,0.95,0.2443077587137153,0.96952296819788
ae,1,37,1,run_test,0.0,1.0,0.8206884740537763
ae,1,37,1,run_test,0.5,0.9404007535536908,0.8486614460025497
ae,1,37,1,run_test,0.6,0.8701832505566022,0.8693170635701634
ae,1,37,1,run_test,0.7,0.7302620311697209,0.9066604127579736
ae,1,37,1,run_test,0.8,0.6679225894845008,0.9292307692307692
ae,1,37,1,run_test,0.85,0.5550607980818634,0.945078679419932
ae,1,37,1,run_test,0.9,0.5280013700976195,0.9468050600064872
ae,1,37,1,run_test,0.95,0.2402808700119883,0.963649322879544
ae,1,37,2,test,0.0,1.0,0.8070573000971188
ae,1,37,2,test,0.5,0.9231682313585842,0.8389246054938633
ae,1,37,2,test,0.6,0.8071652098845365,0.8828877005347594
ae,1,37,2,test,0.7,0.7534261357505125,0.8990260670295045
ae,1,37,2,test,0.8,0.6484299125930721,0.9229489099683807
ae,1,37,2,test,0.85,0.5250890255746197,0.9391697492807234
ae,1,37,2,test,0.9,0.4656307327074566,0.9536500579374276
ae,1,37,2,test,0.95,0.3378655444048775,0.9709358032577452
ae,1,37,2,run_test,0.0,1.0,0.8141805103613633
ae,1,37,2,run_test,0.5,0.9246446309299536,0.850527875532506
ae,1,37,2,run_test,0.6,0.814694296968659,0.8831196132015976
ae,1,37,2,run_test,0.7,0.7494433978420962,0.8969378427787934
ae,1,37,2,run_test,0.8,0.6418907347148485,0.9212913553895412
ae,1,37,2,run_test,0.85,0.5218359308100702,0.9346898588775844
ae,1,37,2,run_test,0.9,0.4608665867443055,0.9472315124489038
ae,1,37,2,run_test,0.95,0.3387566364103442,0.9696663296258848
ae,1,50,0,test,0.0,1.0,0.8058702924355239
ae,1,50,0,test,0.5,0.90870831984461,0.8472865455409097
ae,1,50,0,test,0.6,0.7960505017805115,0.8889792598617324
ae,1,50,0,test,0.7,0.7338944642279055,0.912512865755036
ae,1,50,0,test,0.8,0.6902989101111471,0.9260590901985306
ae,1,50,0,test,0.85,0.6219920146757311,0.936502428868841
ae,1,50,0,test,0.9,0.5037228876659113,0.9545844044558698
ae,1,50,0,test,0.95,0.3138016618107262,0.9728335625859698
ae,1,50,0,run_test,0.0,1.0,0.8052748758349032
ae,1,50,0,run_test,0.5,0.9075184106867614,0.8526137006982449
ae,1,50,0,run_test,0.6,0.7833533139236171,0.8937472671622213
ae,1,50,0,run_test,0.7,0.7181024147970543,0.9084187932268066
ae,1,50,0,run_test,0.8,0.6742592909744819,0.9212598425196852
ae,1,50,0,run_test,0.85,0.6086658674430553,0.929375351716376
ae,1,50,0,run_test,0.9,0.4992293200890563,0.9454545454545454
ae,1,50,0,run_test,0.95,0.3139236170577154,0.9716312056737588
ae,1,50,1,test,0.0,1.0,0.8181720082011439
ae,1,50,1,test,0.5,0.9200388475234704,0.8518648838845884
ae,1,50,1,test,0.6,0.8436387180317255,0.8820670248145306
ae,1,50,1,test,0.7,0.7769504694075753,0.9031944444444444
ae,1,50,1,test,0.8,0.7237509442106399,0.914865066348591
ae,1,50,1,test,0.85,0.6407683176864142,0.9284270798248568
ae,1,50,1,test,0.9,0.5398726664508471,0.9488307015790526
ae,1,50,1,test,0.95,0.3600949606129276,0.972130656278094
ae,1,50,1,run_test,0.0,1.0,0.8268539133413255
ae,1,50,1,run_test,0.5,0.9222469600959068,0.8549675023212627
ae,1,50,1,run_test,0.6,0.846035280013701,0.8836032388663968
ae,1,50,1,run_test,0.7,0.7876348689844151,0.9004131332898456
ae,1,50,1,run_test,0.8,0.7280356225381058,0.9094330745706892
ae,1,50,1,run_test,0.85,0.6465148141805104,0.9237086092715232
ae,1,50,1,run_test,0.9,0.5362219558143517,0.9396358990737784
ae,1,50,1,run_test,0.95,0.3692413084432265,0.9605751391465676
ae,1,50,2,test,0.0,1.0,0.8152584439408654
ae,1,50,2,test,0.5,0.9642818603647352,0.8274395702775291
ae,1,50,2,test,0.6,0.8918743930074458,0.853599516031458
ae,1,50,2,test,0.7,0.7247221322973993,0.9088743299583084
ae,1,50,2,test,0.8,0.6906226394734002,0.916875
ae,1,50,2,test,0.85,0.6052659976259847,0.9295774647887324
ae,1,50,2,test,0.9,0.4764217114492284,0.9551528878822196
ae,1,50,2,test,0.95,0.2675083630085249,0.9725695845098832
ae,1,50,2,run_test,0.0,1.0,0.8172632300051379
ae,1,50,2,run_test,0.5,0.9635211508820004,0.8297191610380377
ae,1,50,2,run_test,0.6,0.8823428669292687,0.8536490683229814
ae,1,50,2,run_test,0.7,0.7126220243192327,0.9031482816630616
ae,1,50,2,run_test,0.8,0.6843637609179654,0.9166666666666666
ae,1,50,2,run_test,0.85,0.6013015927384826,0.9273711193392196
ae,1,50,2,run_test,0.9,0.4689159102586059,0.9463111760409058
ae,1,50,2,run_test,0.95,0.2608323343038191,0.9612606697307944
